trce: OCPPMiddleware[0] @ 2024-04-07T12:19:33.5948486+07:00
      My Log Path/
trce: OCPPMiddleware[0] @ 2024-04-07T12:19:33.6192852+07:00
      OCPPMiddleware => Websocket request: Path='/'
trce: OCPPMiddleware[0] @ 2024-04-07T12:19:33.6196407+07:00
      OCPPMiddleware => Index status page
trce: OCPPMiddleware[0] @ 2024-04-07T12:19:34.9545226+07:00
      My Log Path/favicon.ico
trce: OCPPMiddleware[0] @ 2024-04-07T12:19:34.9549269+07:00
      OCPPMiddleware => Websocket request: Path='/favicon.ico'
warn: OCPPMiddleware[0] @ 2024-04-07T12:19:34.9913474+07:00
      OCPPMiddleware => Bad path request
trce: OCPPMiddleware[0] @ 2024-04-07T12:19:48.6968510+07:00
      My Log Path/OCPP/Insitu0011
trce: OCPPMiddleware[0] @ 2024-04-07T12:19:48.6968861+07:00
      OCPPMiddleware => Websocket request: Path='/OCPP/Insitu0011'
info: OCPPMiddleware[0] @ 2024-04-07T12:19:48.7059536+07:00
      OCPPMiddleware => Connection request with chargepoint identifier = 'Insitu0011'
warn: OCPPMiddleware[0] @ 2024-04-07T12:19:49.3694832+07:00
      OCPPMiddleware => FAILURE: Found no chargepoint with identifier=Insitu0011
trce: OCPPMiddleware[0] @ 2024-04-07T12:19:49.3695571+07:00
      OCPPMiddleware => no chargepoint: http 412
trce: OCPPMiddleware[0] @ 2024-04-07T12:19:49.7839799+07:00
      My Log Path/OCPP/Insitu0011
trce: OCPPMiddleware[0] @ 2024-04-07T12:19:49.7840161+07:00
      OCPPMiddleware => Websocket request: Path='/OCPP/Insitu0011'
info: OCPPMiddleware[0] @ 2024-04-07T12:19:49.7873246+07:00
      OCPPMiddleware => Connection request with chargepoint identifier = 'Insitu0011'
warn: OCPPMiddleware[0] @ 2024-04-07T12:19:49.8231730+07:00
      OCPPMiddleware => FAILURE: Found no chargepoint with identifier=Insitu0011
trce: OCPPMiddleware[0] @ 2024-04-07T12:19:49.8232438+07:00
      OCPPMiddleware => no chargepoint: http 412
trce: OCPPMiddleware[0] @ 2024-04-07T12:19:50.2184914+07:00
      My Log Path/OCPP/Insitu0011
trce: OCPPMiddleware[0] @ 2024-04-07T12:19:50.2185219+07:00
      OCPPMiddleware => Websocket request: Path='/OCPP/Insitu0011'
info: OCPPMiddleware[0] @ 2024-04-07T12:19:50.2470986+07:00
      OCPPMiddleware => Connection request with chargepoint identifier = 'Insitu0011'
warn: OCPPMiddleware[0] @ 2024-04-07T12:19:50.2749868+07:00
      OCPPMiddleware => FAILURE: Found no chargepoint with identifier=Insitu0011
trce: OCPPMiddleware[0] @ 2024-04-07T12:19:50.2750473+07:00
      OCPPMiddleware => no chargepoint: http 412
trce: OCPPMiddleware[0] @ 2024-04-07T12:19:50.6879878+07:00
      My Log Path/OCPP/Insitu0011
trce: OCPPMiddleware[0] @ 2024-04-07T12:19:50.6880173+07:00
      OCPPMiddleware => Websocket request: Path='/OCPP/Insitu0011'
info: OCPPMiddleware[0] @ 2024-04-07T12:19:50.6898057+07:00
      OCPPMiddleware => Connection request with chargepoint identifier = 'Insitu0011'
warn: OCPPMiddleware[0] @ 2024-04-07T12:19:50.7229316+07:00
      OCPPMiddleware => FAILURE: Found no chargepoint with identifier=Insitu0011
trce: OCPPMiddleware[0] @ 2024-04-07T12:19:50.7229864+07:00
      OCPPMiddleware => no chargepoint: http 412
trce: OCPPMiddleware[0] @ 2024-04-07T12:19:51.2754909+07:00
      My Log Path/OCPP/Insitu0011
trce: OCPPMiddleware[0] @ 2024-04-07T12:19:51.2755248+07:00
      OCPPMiddleware => Websocket request: Path='/OCPP/Insitu0011'
info: OCPPMiddleware[0] @ 2024-04-07T12:19:51.2793672+07:00
      OCPPMiddleware => Connection request with chargepoint identifier = 'Insitu0011'
warn: OCPPMiddleware[0] @ 2024-04-07T12:19:51.3063736+07:00
      OCPPMiddleware => FAILURE: Found no chargepoint with identifier=Insitu0011
trce: OCPPMiddleware[0] @ 2024-04-07T12:19:51.3064374+07:00
      OCPPMiddleware => no chargepoint: http 412
trce: OCPPMiddleware[0] @ 2024-04-07T12:19:51.6881827+07:00
      My Log Path/OCPP/Insitu0011
trce: OCPPMiddleware[0] @ 2024-04-07T12:19:51.6882090+07:00
      OCPPMiddleware => Websocket request: Path='/OCPP/Insitu0011'
info: OCPPMiddleware[0] @ 2024-04-07T12:19:51.6904468+07:00
      OCPPMiddleware => Connection request with chargepoint identifier = 'Insitu0011'
warn: OCPPMiddleware[0] @ 2024-04-07T12:19:51.7183423+07:00
      OCPPMiddleware => FAILURE: Found no chargepoint with identifier=Insitu0011
trce: OCPPMiddleware[0] @ 2024-04-07T12:19:51.7184052+07:00
      OCPPMiddleware => no chargepoint: http 412
trce: OCPPMiddleware[0] @ 2024-04-07T12:19:52.1463317+07:00
      My Log Path/OCPP/Insitu0011
trce: OCPPMiddleware[0] @ 2024-04-07T12:19:52.1463603+07:00
      OCPPMiddleware => Websocket request: Path='/OCPP/Insitu0011'
info: OCPPMiddleware[0] @ 2024-04-07T12:19:52.1491147+07:00
      OCPPMiddleware => Connection request with chargepoint identifier = 'Insitu0011'
warn: OCPPMiddleware[0] @ 2024-04-07T12:19:52.1907053+07:00
      OCPPMiddleware => FAILURE: Found no chargepoint with identifier=Insitu0011
trce: OCPPMiddleware[0] @ 2024-04-07T12:19:52.1907679+07:00
      OCPPMiddleware => no chargepoint: http 412
trce: OCPPMiddleware[0] @ 2024-04-07T12:19:52.6284319+07:00
      My Log Path/OCPP/Insitu0011
trce: OCPPMiddleware[0] @ 2024-04-07T12:19:52.6284624+07:00
      OCPPMiddleware => Websocket request: Path='/OCPP/Insitu0011'
info: OCPPMiddleware[0] @ 2024-04-07T12:19:52.6306297+07:00
      OCPPMiddleware => Connection request with chargepoint identifier = 'Insitu0011'
warn: OCPPMiddleware[0] @ 2024-04-07T12:19:52.6601100+07:00
      OCPPMiddleware => FAILURE: Found no chargepoint with identifier=Insitu0011
trce: OCPPMiddleware[0] @ 2024-04-07T12:19:52.6601687+07:00
      OCPPMiddleware => no chargepoint: http 412
trce: OCPPMiddleware[0] @ 2024-04-07T12:19:53.0649616+07:00
      My Log Path/OCPP/Insitu0011
trce: OCPPMiddleware[0] @ 2024-04-07T12:19:53.0649904+07:00
      OCPPMiddleware => Websocket request: Path='/OCPP/Insitu0011'
info: OCPPMiddleware[0] @ 2024-04-07T12:19:53.0695111+07:00
      OCPPMiddleware => Connection request with chargepoint identifier = 'Insitu0011'
warn: OCPPMiddleware[0] @ 2024-04-07T12:19:53.1379509+07:00
      OCPPMiddleware => FAILURE: Found no chargepoint with identifier=Insitu0011
trce: OCPPMiddleware[0] @ 2024-04-07T12:19:53.1380198+07:00
      OCPPMiddleware => no chargepoint: http 412
trce: OCPPMiddleware[0] @ 2024-04-07T12:19:53.8445236+07:00
      My Log Path/OCPP/Insitu0011
trce: OCPPMiddleware[0] @ 2024-04-07T12:19:53.8445662+07:00
      OCPPMiddleware => Websocket request: Path='/OCPP/Insitu0011'
info: OCPPMiddleware[0] @ 2024-04-07T12:19:53.8466089+07:00
      OCPPMiddleware => Connection request with chargepoint identifier = 'Insitu0011'
warn: OCPPMiddleware[0] @ 2024-04-07T12:19:53.8756464+07:00
      OCPPMiddleware => FAILURE: Found no chargepoint with identifier=Insitu0011
trce: OCPPMiddleware[0] @ 2024-04-07T12:19:53.8757059+07:00
      OCPPMiddleware => no chargepoint: http 412
trce: OCPPMiddleware[0] @ 2024-04-07T12:19:54.3405424+07:00
      My Log Path/OCPP/Insitu0011
trce: OCPPMiddleware[0] @ 2024-04-07T12:19:54.3405752+07:00
      OCPPMiddleware => Websocket request: Path='/OCPP/Insitu0011'
info: OCPPMiddleware[0] @ 2024-04-07T12:19:54.3448452+07:00
      OCPPMiddleware => Connection request with chargepoint identifier = 'Insitu0011'
warn: OCPPMiddleware[0] @ 2024-04-07T12:19:54.3761887+07:00
      OCPPMiddleware => FAILURE: Found no chargepoint with identifier=Insitu0011
trce: OCPPMiddleware[0] @ 2024-04-07T12:19:54.3763974+07:00
      OCPPMiddleware => no chargepoint: http 412
trce: OCPPMiddleware[0] @ 2024-04-07T12:19:54.9289892+07:00
      My Log Path/OCPP/Insitu0011
trce: OCPPMiddleware[0] @ 2024-04-07T12:19:54.9290209+07:00
      OCPPMiddleware => Websocket request: Path='/OCPP/Insitu0011'
info: OCPPMiddleware[0] @ 2024-04-07T12:19:54.9745646+07:00
      OCPPMiddleware => Connection request with chargepoint identifier = 'Insitu0011'
warn: OCPPMiddleware[0] @ 2024-04-07T12:19:55.0033030+07:00
      OCPPMiddleware => FAILURE: Found no chargepoint with identifier=Insitu0011
trce: OCPPMiddleware[0] @ 2024-04-07T12:19:55.0034001+07:00
      OCPPMiddleware => no chargepoint: http 412
trce: OCPPMiddleware[0] @ 2024-04-07T12:19:55.6706675+07:00
      My Log Path/OCPP/Insitu0011
trce: OCPPMiddleware[0] @ 2024-04-07T12:19:55.6706992+07:00
      OCPPMiddleware => Websocket request: Path='/OCPP/Insitu0011'
info: OCPPMiddleware[0] @ 2024-04-07T12:19:55.6729607+07:00
      OCPPMiddleware => Connection request with chargepoint identifier = 'Insitu0011'
warn: OCPPMiddleware[0] @ 2024-04-07T12:19:55.7025834+07:00
      OCPPMiddleware => FAILURE: Found no chargepoint with identifier=Insitu0011
trce: OCPPMiddleware[0] @ 2024-04-07T12:19:55.7026345+07:00
      OCPPMiddleware => no chargepoint: http 412
trce: OCPPMiddleware[0] @ 2024-04-07T12:19:56.6885481+07:00
      My Log Path/OCPP/Insitu0011
trce: OCPPMiddleware[0] @ 2024-04-07T12:19:56.6885779+07:00
      OCPPMiddleware => Websocket request: Path='/OCPP/Insitu0011'
info: OCPPMiddleware[0] @ 2024-04-07T12:19:56.6929261+07:00
      OCPPMiddleware => Connection request with chargepoint identifier = 'Insitu0011'
warn: OCPPMiddleware[0] @ 2024-04-07T12:19:56.7258334+07:00
      OCPPMiddleware => FAILURE: Found no chargepoint with identifier=Insitu0011
trce: OCPPMiddleware[0] @ 2024-04-07T12:19:56.7258902+07:00
      OCPPMiddleware => no chargepoint: http 412
trce: OCPPMiddleware[0] @ 2024-04-07T12:19:58.0457778+07:00
      My Log Path/OCPP/Insitu0011
trce: OCPPMiddleware[0] @ 2024-04-07T12:19:58.0458222+07:00
      OCPPMiddleware => Websocket request: Path='/OCPP/Insitu0011'
info: OCPPMiddleware[0] @ 2024-04-07T12:19:58.0540360+07:00
      OCPPMiddleware => Connection request with chargepoint identifier = 'Insitu0011'
warn: OCPPMiddleware[0] @ 2024-04-07T12:19:58.1171073+07:00
      OCPPMiddleware => FAILURE: Found no chargepoint with identifier=Insitu0011
trce: OCPPMiddleware[0] @ 2024-04-07T12:19:58.1172564+07:00
      OCPPMiddleware => no chargepoint: http 412
trce: OCPPMiddleware[0] @ 2024-04-07T12:20:00.5610950+07:00
      My Log Path/OCPP/Insitu0011
trce: OCPPMiddleware[0] @ 2024-04-07T12:20:00.5611298+07:00
      OCPPMiddleware => Websocket request: Path='/OCPP/Insitu0011'
info: OCPPMiddleware[0] @ 2024-04-07T12:20:00.5657723+07:00
      OCPPMiddleware => Connection request with chargepoint identifier = 'Insitu0011'
warn: OCPPMiddleware[0] @ 2024-04-07T12:20:00.5952399+07:00
      OCPPMiddleware => FAILURE: Found no chargepoint with identifier=Insitu0011
trce: OCPPMiddleware[0] @ 2024-04-07T12:20:00.5952999+07:00
      OCPPMiddleware => no chargepoint: http 412
trce: OCPPMiddleware[0] @ 2024-04-07T12:20:02.4946631+07:00
      My Log Path/OCPP/Insitu0011
trce: OCPPMiddleware[0] @ 2024-04-07T12:20:02.4947013+07:00
      OCPPMiddleware => Websocket request: Path='/OCPP/Insitu0011'
info: OCPPMiddleware[0] @ 2024-04-07T12:20:02.5066534+07:00
      OCPPMiddleware => Connection request with chargepoint identifier = 'Insitu0011'
warn: OCPPMiddleware[0] @ 2024-04-07T12:20:02.5387894+07:00
      OCPPMiddleware => FAILURE: Found no chargepoint with identifier=Insitu0011
trce: OCPPMiddleware[0] @ 2024-04-07T12:20:02.5388558+07:00
      OCPPMiddleware => no chargepoint: http 412
trce: OCPPMiddleware[0] @ 2024-04-07T12:20:06.6905226+07:00
      My Log Path/OCPP/Insitu0011
trce: OCPPMiddleware[0] @ 2024-04-07T12:20:06.6905684+07:00
      OCPPMiddleware => Websocket request: Path='/OCPP/Insitu0011'
info: OCPPMiddleware[0] @ 2024-04-07T12:20:06.6943881+07:00
      OCPPMiddleware => Connection request with chargepoint identifier = 'Insitu0011'
warn: OCPPMiddleware[0] @ 2024-04-07T12:20:06.7724047+07:00
      OCPPMiddleware => FAILURE: Found no chargepoint with identifier=Insitu0011
trce: OCPPMiddleware[0] @ 2024-04-07T12:20:06.7724546+07:00
      OCPPMiddleware => no chargepoint: http 412
trce: OCPPMiddleware[0] @ 2024-04-07T12:20:11.2804415+07:00
      My Log Path/OCPP/Insitu0011
trce: OCPPMiddleware[0] @ 2024-04-07T12:20:11.2804788+07:00
      OCPPMiddleware => Websocket request: Path='/OCPP/Insitu0011'
info: OCPPMiddleware[0] @ 2024-04-07T12:20:11.2840972+07:00
      OCPPMiddleware => Connection request with chargepoint identifier = 'Insitu0011'
warn: OCPPMiddleware[0] @ 2024-04-07T12:20:11.3119446+07:00
      OCPPMiddleware => FAILURE: Found no chargepoint with identifier=Insitu0011
trce: OCPPMiddleware[0] @ 2024-04-07T12:20:11.3120059+07:00
      OCPPMiddleware => no chargepoint: http 412
trce: OCPPMiddleware[0] @ 2024-04-07T12:20:14.9173156+07:00
      My Log Path/OCPP/Insitu0011
trce: OCPPMiddleware[0] @ 2024-04-07T12:20:14.9173435+07:00
      OCPPMiddleware => Websocket request: Path='/OCPP/Insitu0011'
info: OCPPMiddleware[0] @ 2024-04-07T12:20:14.9200252+07:00
      OCPPMiddleware => Connection request with chargepoint identifier = 'Insitu0011'
warn: OCPPMiddleware[0] @ 2024-04-07T12:20:14.9477911+07:00
      OCPPMiddleware => FAILURE: Found no chargepoint with identifier=Insitu0011
trce: OCPPMiddleware[0] @ 2024-04-07T12:20:14.9478575+07:00
      OCPPMiddleware => no chargepoint: http 412
trce: OCPPMiddleware[0] @ 2024-04-07T12:20:17.3001815+07:00
      My Log Path/OCPP/Insitu0011
trce: OCPPMiddleware[0] @ 2024-04-07T12:20:17.3002118+07:00
      OCPPMiddleware => Websocket request: Path='/OCPP/Insitu0011'
info: OCPPMiddleware[0] @ 2024-04-07T12:20:17.3026195+07:00
      OCPPMiddleware => Connection request with chargepoint identifier = 'Insitu0011'
warn: OCPPMiddleware[0] @ 2024-04-07T12:20:17.3312641+07:00
      OCPPMiddleware => FAILURE: Found no chargepoint with identifier=Insitu0011
trce: OCPPMiddleware[0] @ 2024-04-07T12:20:17.3313281+07:00
      OCPPMiddleware => no chargepoint: http 412
trce: OCPPMiddleware[0] @ 2024-04-07T12:20:18.9442994+07:00
      My Log Path/
trce: OCPPMiddleware[0] @ 2024-04-07T12:20:18.9443496+07:00
      OCPPMiddleware => Websocket request: Path='/'
trce: OCPPMiddleware[0] @ 2024-04-07T12:20:18.9444010+07:00
      OCPPMiddleware => Index status page
trce: OCPPMiddleware[0] @ 2024-04-07T12:20:19.5340816+07:00
      My Log Path/OCPP/Insitu0011
trce: OCPPMiddleware[0] @ 2024-04-07T12:20:19.5341166+07:00
      OCPPMiddleware => Websocket request: Path='/OCPP/Insitu0011'
info: OCPPMiddleware[0] @ 2024-04-07T12:20:19.5383897+07:00
      OCPPMiddleware => Connection request with chargepoint identifier = 'Insitu0011'
warn: OCPPMiddleware[0] @ 2024-04-07T12:20:19.6346310+07:00
      OCPPMiddleware => FAILURE: Found no chargepoint with identifier=Insitu0011
trce: OCPPMiddleware[0] @ 2024-04-07T12:20:19.6346776+07:00
      OCPPMiddleware => no chargepoint: http 412
trce: OCPPMiddleware[0] @ 2024-04-07T12:20:19.8727769+07:00
      My Log Path/favicon.ico
trce: OCPPMiddleware[0] @ 2024-04-07T12:20:19.8728099+07:00
      OCPPMiddleware => Websocket request: Path='/favicon.ico'
warn: OCPPMiddleware[0] @ 2024-04-07T12:20:19.8841840+07:00
      OCPPMiddleware => Bad path request
trce: OCPPMiddleware[0] @ 2024-04-07T12:20:24.0440758+07:00
      My Log Path/OCPP/Insitu0011
trce: OCPPMiddleware[0] @ 2024-04-07T12:20:24.0441025+07:00
      OCPPMiddleware => Websocket request: Path='/OCPP/Insitu0011'
info: OCPPMiddleware[0] @ 2024-04-07T12:20:24.0468663+07:00
      OCPPMiddleware => Connection request with chargepoint identifier = 'Insitu0011'
warn: OCPPMiddleware[0] @ 2024-04-07T12:20:24.0797669+07:00
      OCPPMiddleware => FAILURE: Found no chargepoint with identifier=Insitu0011
trce: OCPPMiddleware[0] @ 2024-04-07T12:20:24.0798221+07:00
      OCPPMiddleware => no chargepoint: http 412
trce: OCPPMiddleware[0] @ 2024-04-07T12:20:28.2707701+07:00
      My Log Path/OCPP/Insitu0011
trce: OCPPMiddleware[0] @ 2024-04-07T12:20:28.2707995+07:00
      OCPPMiddleware => Websocket request: Path='/OCPP/Insitu0011'
info: OCPPMiddleware[0] @ 2024-04-07T12:20:28.2734347+07:00
      OCPPMiddleware => Connection request with chargepoint identifier = 'Insitu0011'
warn: OCPPMiddleware[0] @ 2024-04-07T12:20:28.3030861+07:00
      OCPPMiddleware => FAILURE: Found no chargepoint with identifier=Insitu0011
trce: OCPPMiddleware[0] @ 2024-04-07T12:20:28.3031738+07:00
      OCPPMiddleware => no chargepoint: http 412
trce: OCPPMiddleware[0] @ 2024-04-07T12:20:33.3121233+07:00
      My Log Path/OCPP/Insitu0011
trce: OCPPMiddleware[0] @ 2024-04-07T12:20:33.3121515+07:00
      OCPPMiddleware => Websocket request: Path='/OCPP/Insitu0011'
info: OCPPMiddleware[0] @ 2024-04-07T12:20:33.3146073+07:00
      OCPPMiddleware => Connection request with chargepoint identifier = 'Insitu0011'
warn: OCPPMiddleware[0] @ 2024-04-07T12:20:33.3432193+07:00
      OCPPMiddleware => FAILURE: Found no chargepoint with identifier=Insitu0011
trce: OCPPMiddleware[0] @ 2024-04-07T12:20:33.3432964+07:00
      OCPPMiddleware => no chargepoint: http 412
trce: OCPPMiddleware[0] @ 2024-04-07T12:20:35.3261153+07:00
      My Log Path/OCPP/Insitu0011
trce: OCPPMiddleware[0] @ 2024-04-07T12:20:35.3261470+07:00
      OCPPMiddleware => Websocket request: Path='/OCPP/Insitu0011'
info: OCPPMiddleware[0] @ 2024-04-07T12:20:35.3289595+07:00
      OCPPMiddleware => Connection request with chargepoint identifier = 'Insitu0011'
warn: OCPPMiddleware[0] @ 2024-04-07T12:20:35.3581917+07:00
      OCPPMiddleware => FAILURE: Found no chargepoint with identifier=Insitu0011
trce: OCPPMiddleware[0] @ 2024-04-07T12:20:35.3582508+07:00
      OCPPMiddleware => no chargepoint: http 412
trce: OCPPMiddleware[0] @ 2024-04-07T12:20:40.6248300+07:00
      My Log Path/OCPP/Insitu0011
trce: OCPPMiddleware[0] @ 2024-04-07T12:20:40.6248620+07:00
      OCPPMiddleware => Websocket request: Path='/OCPP/Insitu0011'
info: OCPPMiddleware[0] @ 2024-04-07T12:20:40.6436457+07:00
      OCPPMiddleware => Connection request with chargepoint identifier = 'Insitu0011'
warn: OCPPMiddleware[0] @ 2024-04-07T12:20:40.6733774+07:00
      OCPPMiddleware => FAILURE: Found no chargepoint with identifier=Insitu0011
trce: OCPPMiddleware[0] @ 2024-04-07T12:20:40.6734442+07:00
      OCPPMiddleware => no chargepoint: http 412
trce: OCPPMiddleware[0] @ 2024-04-07T12:20:43.6058301+07:00
      My Log Path/OCPP/Insitu0011
trce: OCPPMiddleware[0] @ 2024-04-07T12:20:43.6058701+07:00
      OCPPMiddleware => Websocket request: Path='/OCPP/Insitu0011'
info: OCPPMiddleware[0] @ 2024-04-07T12:20:43.6105335+07:00
      OCPPMiddleware => Connection request with chargepoint identifier = 'Insitu0011'
warn: OCPPMiddleware[0] @ 2024-04-07T12:20:43.6387718+07:00
      OCPPMiddleware => FAILURE: Found no chargepoint with identifier=Insitu0011
trce: OCPPMiddleware[0] @ 2024-04-07T12:20:43.6388292+07:00
      OCPPMiddleware => no chargepoint: http 412
trce: OCPPMiddleware[0] @ 2024-04-07T12:20:46.2969436+07:00
      My Log Path/OCPP/Insitu001
trce: OCPPMiddleware[0] @ 2024-04-07T12:20:46.2969742+07:00
      OCPPMiddleware => Websocket request: Path='/OCPP/Insitu001'
info: OCPPMiddleware[0] @ 2024-04-07T12:20:46.2988621+07:00
      OCPPMiddleware => Connection request with chargepoint identifier = 'Insitu001'
info: OCPPMiddleware[0] @ 2024-04-07T12:20:46.4407172+07:00
      OCPPMiddleware => SUCCESS: Found chargepoint with identifier=Insitu001
info: OCPPMiddleware[0] @ 2024-04-07T12:20:46.4452302+07:00
      OCPPMiddleware => No authentication for chargepoint 'Insitu001' configured
trce: OCPPMiddleware[0] @ 2024-04-07T12:20:46.4524634+07:00
      OCPPMiddleware => Store/Update status object
trce: OCPPMiddleware[0] @ 2024-04-07T12:20:46.4526280+07:00
      OCPPMiddleware => Waiting for message...
trce: OCPPMiddleware[0] @ 2024-04-07T12:20:46.4674451+07:00
      OCPPMiddleware => WebSocket connection with charge point 'Insitu001'
trce: OCPPMiddleware.OCPP16[0] @ 2024-04-07T12:20:46.5605331+07:00
      OCPPMiddleware.Receive16 => Receiving segment: 326 bytes (EndOfMessage=True / MsgType=Text)
fail: OCPPMiddleware.OCPP16[0] @ 2024-04-07T12:20:46.7547702+07:00
      OCPPMiddleware.Receive16 => Error dumping incoming message to path: 'wwwroot/Logs/OCPP\2024-04-07_12-20-46-5606_ocpp16-in.txt'
System.IO.DirectoryNotFoundException: Could not find a part of the path 'D:\Insitu\SOLAREV_PLATFORM\SolarEV_OCPP_V4.1_191023\FocusEV.OCPP.Server\wwwroot\Logs\OCPP\2024-04-07_12-20-46-5606_ocpp16-in.txt'.
   at Microsoft.Win32.SafeHandles.SafeFileHandle.CreateFile(String fullPath, FileMode mode, FileAccess access, FileShare share, FileOptions options)
   at Microsoft.Win32.SafeHandles.SafeFileHandle.Open(String fullPath, FileMode mode, FileAccess access, FileShare share, FileOptions options, Int64 preallocationSize)
   at System.IO.File.OpenHandle(String path, FileMode mode, FileAccess access, FileShare share, FileOptions options, Int64 preallocationSize)
   at System.IO.File.WriteAllBytes(String path, Byte[] bytes)
   at FocusEV.OCPP.Server.OCPPMiddleware.Receive16(ChargePointStatus chargePointStatus, HttpContext context) in D:\Insitu\SOLAREV_PLATFORM\SolarEV_OCPP_V4.1_191023\FocusEV.OCPP.Server\OCPPMiddleware.OCPP16.cs:line 402
info: OCPPMiddleware.OCPP16[0] @ 2024-04-07T12:20:46.7680534+07:00
      OCPPMiddleware.Receive16 => OCPP-Message: Type=2 / ID=ivB2fzB4s5nsBSSrpV9vbA5jOct1DyAeXF1Y / Action=BootNotification)
trce: OCPPMiddleware.OCPP16[0] @ 2024-04-07T12:20:46.7688169+07:00
      My logBootNotification
trce: OCPPMiddleware.OCPP16[0] @ 2024-04-07T12:20:47.9870777+07:00
      OCPPMiddleware.OCPP16 => SendOcppMessage: [3,"ivB2fzB4s5nsBSSrpV9vbA5jOct1DyAeXF1Y",{"status":"Accepted","currentTime":"2024-04-07T05:20:47.349607+00:00","interval":300}]
fail: OCPPMiddleware.OCPP16[0] @ 2024-04-07T12:20:48.0583407+07:00
      OCPPMiddleware.SendOcpp16Message=> Error dumping message to path: 'wwwroot/Logs/OCPP\2024-04-07_12-20-47-9871_ocpp16-out.txt'
System.IO.DirectoryNotFoundException: Could not find a part of the path 'D:\Insitu\SOLAREV_PLATFORM\SolarEV_OCPP_V4.1_191023\FocusEV.OCPP.Server\wwwroot\Logs\OCPP\2024-04-07_12-20-47-9871_ocpp16-out.txt'.
   at Microsoft.Win32.SafeHandles.SafeFileHandle.CreateFile(String fullPath, FileMode mode, FileAccess access, FileShare share, FileOptions options)
   at Microsoft.Win32.SafeHandles.SafeFileHandle.Open(String fullPath, FileMode mode, FileAccess access, FileShare share, FileOptions options, Int64 preallocationSize)
   at System.IO.Strategies.OSFileStreamStrategy..ctor(String path, FileMode mode, FileAccess access, FileShare share, FileOptions options, Int64 preallocationSize)
   at System.IO.Strategies.FileStreamHelpers.ChooseStrategyCore(String path, FileMode mode, FileAccess access, FileShare share, FileOptions options, Int64 preallocationSize)
   at System.IO.Strategies.FileStreamHelpers.ChooseStrategy(FileStream fileStream, String path, FileMode mode, FileAccess access, FileShare share, Int32 bufferSize, FileOptions options, Int64 preallocationSize)
   at System.IO.StreamWriter.ValidateArgsAndOpenPath(String path, Boolean append, Encoding encoding, Int32 bufferSize)
   at System.IO.File.WriteAllText(String path, String contents)
   at FocusEV.OCPP.Server.OCPPMiddleware.SendOcpp16Message(OCPPMessage msg, ILogger logger, WebSocket webSocket) in D:\Insitu\SOLAREV_PLATFORM\SolarEV_OCPP_V4.1_191023\FocusEV.OCPP.Server\OCPPMiddleware.OCPP16.cs:line 573
trce: OCPPMiddleware[0] @ 2024-04-07T12:20:56.5347181+07:00
      My Log Path/
trce: OCPPMiddleware[0] @ 2024-04-07T12:20:56.5353428+07:00
      OCPPMiddleware => Websocket request: Path='/'
trce: OCPPMiddleware[0] @ 2024-04-07T12:20:56.5354001+07:00
      OCPPMiddleware => Index status page
trce: OCPPMiddleware[0] @ 2024-04-07T12:20:57.1861757+07:00
      My Log Path/favicon.ico
trce: OCPPMiddleware[0] @ 2024-04-07T12:20:57.1863354+07:00
      OCPPMiddleware => Websocket request: Path='/favicon.ico'
warn: OCPPMiddleware[0] @ 2024-04-07T12:20:57.1957341+07:00
      OCPPMiddleware => Bad path request
trce: OCPPMiddleware[0] @ 2024-04-07T12:57:20.6653007+07:00
      My Log Path/favicon.ico
trce: OCPPMiddleware[0] @ 2024-04-07T12:57:20.6652989+07:00
      My Log Path/
trce: OCPPMiddleware[0] @ 2024-04-07T12:57:20.6787506+07:00
      OCPPMiddleware => Websocket request: Path='/'
trce: OCPPMiddleware[0] @ 2024-04-07T12:57:20.6787506+07:00
      OCPPMiddleware => Websocket request: Path='/favicon.ico'
trce: OCPPMiddleware[0] @ 2024-04-07T12:57:20.6804472+07:00
      OCPPMiddleware => Index status page
warn: OCPPMiddleware[0] @ 2024-04-07T12:57:20.6989866+07:00
      OCPPMiddleware => Bad path request
trce: OCPPMiddleware[0] @ 2024-04-07T12:57:21.3608105+07:00
      My Log Path/favicon.ico
trce: OCPPMiddleware[0] @ 2024-04-07T12:57:21.3609224+07:00
      OCPPMiddleware => Websocket request: Path='/favicon.ico'
warn: OCPPMiddleware[0] @ 2024-04-07T12:57:21.3638086+07:00
      OCPPMiddleware => Bad path request
trce: OCPPMiddleware[0] @ 2024-04-07T12:57:24.0409003+07:00
      My Log Path/OCPP/Insitu001
trce: OCPPMiddleware[0] @ 2024-04-07T12:57:24.0409408+07:00
      OCPPMiddleware => Websocket request: Path='/OCPP/Insitu001'
info: OCPPMiddleware[0] @ 2024-04-07T12:57:24.0430537+07:00
      OCPPMiddleware => Connection request with chargepoint identifier = 'Insitu001'
info: OCPPMiddleware[0] @ 2024-04-07T12:57:24.5059338+07:00
      OCPPMiddleware => SUCCESS: Found chargepoint with identifier=Insitu001
info: OCPPMiddleware[0] @ 2024-04-07T12:57:24.5079615+07:00
      OCPPMiddleware => No authentication for chargepoint 'Insitu001' configured
trce: OCPPMiddleware[0] @ 2024-04-07T12:57:24.5109892+07:00
      OCPPMiddleware => Store/Update status object
trce: OCPPMiddleware[0] @ 2024-04-07T12:57:24.5110456+07:00
      OCPPMiddleware => Waiting for message...
trce: OCPPMiddleware[0] @ 2024-04-07T12:57:24.5170321+07:00
      OCPPMiddleware => WebSocket connection with charge point 'Insitu001'
trce: OCPPMiddleware.OCPP16[0] @ 2024-04-07T12:57:24.5644114+07:00
      OCPPMiddleware.Receive16 => Receiving segment: 326 bytes (EndOfMessage=True / MsgType=Text)
fail: OCPPMiddleware.OCPP16[0] @ 2024-04-07T12:57:24.7436691+07:00
      OCPPMiddleware.Receive16 => Error dumping incoming message to path: 'wwwroot/Logs/OCPP\2024-04-07_12-57-24-5645_ocpp16-in.txt'
System.IO.DirectoryNotFoundException: Could not find a part of the path 'D:\Insitu\SOLAREV_PLATFORM\SolarEV_OCPP_V4.1_191023\FocusEV.OCPP.Server\wwwroot\Logs\OCPP\2024-04-07_12-57-24-5645_ocpp16-in.txt'.
   at Microsoft.Win32.SafeHandles.SafeFileHandle.CreateFile(String fullPath, FileMode mode, FileAccess access, FileShare share, FileOptions options)
   at Microsoft.Win32.SafeHandles.SafeFileHandle.Open(String fullPath, FileMode mode, FileAccess access, FileShare share, FileOptions options, Int64 preallocationSize)
   at System.IO.File.OpenHandle(String path, FileMode mode, FileAccess access, FileShare share, FileOptions options, Int64 preallocationSize)
   at System.IO.File.WriteAllBytes(String path, Byte[] bytes)
   at FocusEV.OCPP.Server.OCPPMiddleware.Receive16(ChargePointStatus chargePointStatus, HttpContext context) in D:\Insitu\SOLAREV_PLATFORM\SolarEV_OCPP_V4.1_191023\FocusEV.OCPP.Server\OCPPMiddleware.OCPP16.cs:line 402
info: OCPPMiddleware.OCPP16[0] @ 2024-04-07T12:57:24.7532499+07:00
      OCPPMiddleware.Receive16 => OCPP-Message: Type=2 / ID=j7K4Dmtw6pRT3dTzoWnUNr9nyAgfzz1TGFo9 / Action=BootNotification)
trce: OCPPMiddleware.OCPP16[0] @ 2024-04-07T12:57:24.7540052+07:00
      My logBootNotification
trce: OCPPMiddleware.OCPP16[0] @ 2024-04-07T12:57:25.3784269+07:00
      OCPPMiddleware.OCPP16 => SendOcppMessage: [3,"j7K4Dmtw6pRT3dTzoWnUNr9nyAgfzz1TGFo9",{"status":"Accepted","currentTime":"2024-04-07T05:57:24.9535244+00:00","interval":300}]
fail: OCPPMiddleware.OCPP16[0] @ 2024-04-07T12:57:25.4160485+07:00
      OCPPMiddleware.SendOcpp16Message=> Error dumping message to path: 'wwwroot/Logs/OCPP\2024-04-07_12-57-25-3784_ocpp16-out.txt'
System.IO.DirectoryNotFoundException: Could not find a part of the path 'D:\Insitu\SOLAREV_PLATFORM\SolarEV_OCPP_V4.1_191023\FocusEV.OCPP.Server\wwwroot\Logs\OCPP\2024-04-07_12-57-25-3784_ocpp16-out.txt'.
   at Microsoft.Win32.SafeHandles.SafeFileHandle.CreateFile(String fullPath, FileMode mode, FileAccess access, FileShare share, FileOptions options)
   at Microsoft.Win32.SafeHandles.SafeFileHandle.Open(String fullPath, FileMode mode, FileAccess access, FileShare share, FileOptions options, Int64 preallocationSize)
   at System.IO.Strategies.OSFileStreamStrategy..ctor(String path, FileMode mode, FileAccess access, FileShare share, FileOptions options, Int64 preallocationSize)
   at System.IO.Strategies.FileStreamHelpers.ChooseStrategyCore(String path, FileMode mode, FileAccess access, FileShare share, FileOptions options, Int64 preallocationSize)
   at System.IO.Strategies.FileStreamHelpers.ChooseStrategy(FileStream fileStream, String path, FileMode mode, FileAccess access, FileShare share, Int32 bufferSize, FileOptions options, Int64 preallocationSize)
   at System.IO.StreamWriter.ValidateArgsAndOpenPath(String path, Boolean append, Encoding encoding, Int32 bufferSize)
   at System.IO.File.WriteAllText(String path, String contents)
   at FocusEV.OCPP.Server.OCPPMiddleware.SendOcpp16Message(OCPPMessage msg, ILogger logger, WebSocket webSocket) in D:\Insitu\SOLAREV_PLATFORM\SolarEV_OCPP_V4.1_191023\FocusEV.OCPP.Server\OCPPMiddleware.OCPP16.cs:line 573
trce: OCPPMiddleware[0] @ 2024-04-07T12:58:06.4335229+07:00
      My Log Path/
trce: OCPPMiddleware[0] @ 2024-04-07T12:58:06.4335574+07:00
      OCPPMiddleware => Websocket request: Path='/'
trce: OCPPMiddleware[0] @ 2024-04-07T12:58:06.4335894+07:00
      OCPPMiddleware => Index status page
trce: OCPPMiddleware[0] @ 2024-04-07T12:58:06.9760030+07:00
      My Log Path/favicon.ico
trce: OCPPMiddleware[0] @ 2024-04-07T12:58:06.9760418+07:00
      OCPPMiddleware => Websocket request: Path='/favicon.ico'
warn: OCPPMiddleware[0] @ 2024-04-07T12:58:06.9810542+07:00
      OCPPMiddleware => Bad path request
trce: OCPPMiddleware.OCPP16[0] @ 2024-04-07T13:02:25.8860086+07:00
      OCPPMiddleware.Receive16 => Receiving segment: 57 bytes (EndOfMessage=True / MsgType=Text)
fail: OCPPMiddleware.OCPP16[0] @ 2024-04-07T13:02:25.9506180+07:00
      OCPPMiddleware.Receive16 => Error dumping incoming message to path: 'wwwroot/Logs/OCPP\2024-04-07_13-02-25-8861_ocpp16-in.txt'
System.IO.DirectoryNotFoundException: Could not find a part of the path 'D:\Insitu\SOLAREV_PLATFORM\SolarEV_OCPP_V4.1_191023\FocusEV.OCPP.Server\wwwroot\Logs\OCPP\2024-04-07_13-02-25-8861_ocpp16-in.txt'.
   at Microsoft.Win32.SafeHandles.SafeFileHandle.CreateFile(String fullPath, FileMode mode, FileAccess access, FileShare share, FileOptions options)
   at Microsoft.Win32.SafeHandles.SafeFileHandle.Open(String fullPath, FileMode mode, FileAccess access, FileShare share, FileOptions options, Int64 preallocationSize)
   at System.IO.File.OpenHandle(String path, FileMode mode, FileAccess access, FileShare share, FileOptions options, Int64 preallocationSize)
   at System.IO.File.WriteAllBytes(String path, Byte[] bytes)
   at FocusEV.OCPP.Server.OCPPMiddleware.Receive16(ChargePointStatus chargePointStatus, HttpContext context) in D:\Insitu\SOLAREV_PLATFORM\SolarEV_OCPP_V4.1_191023\FocusEV.OCPP.Server\OCPPMiddleware.OCPP16.cs:line 402
info: OCPPMiddleware.OCPP16[0] @ 2024-04-07T13:02:25.9795068+07:00
      OCPPMiddleware.Receive16 => OCPP-Message: Type=2 / ID=j7K4Dmtw6pRT3dTzoWnUNr9nyAgfzz1TGFo9 / Action=Heartbeat)
trce: OCPPMiddleware.OCPP16[0] @ 2024-04-07T13:02:26.2564531+07:00
      OCPPMiddleware.OCPP16 => SendOcppMessage: [3,"j7K4Dmtw6pRT3dTzoWnUNr9nyAgfzz1TGFo9",{"currentTime":"2024-04-07T06:02:25.9838419+00:00"}]
fail: OCPPMiddleware.OCPP16[0] @ 2024-04-07T13:02:26.2967178+07:00
      OCPPMiddleware.SendOcpp16Message=> Error dumping message to path: 'wwwroot/Logs/OCPP\2024-04-07_13-02-26-2564_ocpp16-out.txt'
System.IO.DirectoryNotFoundException: Could not find a part of the path 'D:\Insitu\SOLAREV_PLATFORM\SolarEV_OCPP_V4.1_191023\FocusEV.OCPP.Server\wwwroot\Logs\OCPP\2024-04-07_13-02-26-2564_ocpp16-out.txt'.
   at Microsoft.Win32.SafeHandles.SafeFileHandle.CreateFile(String fullPath, FileMode mode, FileAccess access, FileShare share, FileOptions options)
   at Microsoft.Win32.SafeHandles.SafeFileHandle.Open(String fullPath, FileMode mode, FileAccess access, FileShare share, FileOptions options, Int64 preallocationSize)
   at System.IO.Strategies.OSFileStreamStrategy..ctor(String path, FileMode mode, FileAccess access, FileShare share, FileOptions options, Int64 preallocationSize)
   at System.IO.Strategies.FileStreamHelpers.ChooseStrategyCore(String path, FileMode mode, FileAccess access, FileShare share, FileOptions options, Int64 preallocationSize)
   at System.IO.Strategies.FileStreamHelpers.ChooseStrategy(FileStream fileStream, String path, FileMode mode, FileAccess access, FileShare share, Int32 bufferSize, FileOptions options, Int64 preallocationSize)
   at System.IO.StreamWriter.ValidateArgsAndOpenPath(String path, Boolean append, Encoding encoding, Int32 bufferSize)
   at System.IO.File.WriteAllText(String path, String contents)
   at FocusEV.OCPP.Server.OCPPMiddleware.SendOcpp16Message(OCPPMessage msg, ILogger logger, WebSocket webSocket) in D:\Insitu\SOLAREV_PLATFORM\SolarEV_OCPP_V4.1_191023\FocusEV.OCPP.Server\OCPPMiddleware.OCPP16.cs:line 573
info: OCPPMiddleware.OCPP16[0] @ 2024-04-07T13:05:52.4075980+07:00
      OCPPMiddleware.Receive16 => WebSocket Closed: CloseStatus=3001 / MessageType=Close
info: OCPPMiddleware.OCPP16[0] @ 2024-04-07T13:05:52.4135466+07:00
      OCPPMiddleware.Receive16 => Websocket closed: State=Closed / CloseStatus=3001
trce: OCPPMiddleware[0] @ 2024-04-07T13:05:53.7098561+07:00
      My Log Path/OCPP/InsituHCM
trce: OCPPMiddleware[0] @ 2024-04-07T13:05:53.7098909+07:00
      OCPPMiddleware => Websocket request: Path='/OCPP/InsituHCM'
info: OCPPMiddleware[0] @ 2024-04-07T13:05:53.7120948+07:00
      OCPPMiddleware => Connection request with chargepoint identifier = 'InsituHCM'
info: OCPPMiddleware[0] @ 2024-04-07T13:05:53.7410610+07:00
      OCPPMiddleware => SUCCESS: Found chargepoint with identifier=InsituHCM
info: OCPPMiddleware[0] @ 2024-04-07T13:05:53.7444859+07:00
      OCPPMiddleware => No authentication for chargepoint 'InsituHCM' configured
trce: OCPPMiddleware[0] @ 2024-04-07T13:05:53.7447762+07:00
      OCPPMiddleware => Store/Update status object
trce: OCPPMiddleware[0] @ 2024-04-07T13:05:53.7447909+07:00
      OCPPMiddleware => Waiting for message...
trce: OCPPMiddleware[0] @ 2024-04-07T13:05:53.7455101+07:00
      OCPPMiddleware => WebSocket connection with charge point 'InsituHCM'
trce: OCPPMiddleware.OCPP16[0] @ 2024-04-07T13:05:53.7474074+07:00
      OCPPMiddleware.Receive16 => Receiving segment: 326 bytes (EndOfMessage=True / MsgType=Text)
fail: OCPPMiddleware.OCPP16[0] @ 2024-04-07T13:05:53.7797107+07:00
      OCPPMiddleware.Receive16 => Error dumping incoming message to path: 'wwwroot/Logs/OCPP\2024-04-07_13-05-53-7474_ocpp16-in.txt'
System.IO.DirectoryNotFoundException: Could not find a part of the path 'D:\Insitu\SOLAREV_PLATFORM\SolarEV_OCPP_V4.1_191023\FocusEV.OCPP.Server\wwwroot\Logs\OCPP\2024-04-07_13-05-53-7474_ocpp16-in.txt'.
   at Microsoft.Win32.SafeHandles.SafeFileHandle.CreateFile(String fullPath, FileMode mode, FileAccess access, FileShare share, FileOptions options)
   at Microsoft.Win32.SafeHandles.SafeFileHandle.Open(String fullPath, FileMode mode, FileAccess access, FileShare share, FileOptions options, Int64 preallocationSize)
   at System.IO.File.OpenHandle(String path, FileMode mode, FileAccess access, FileShare share, FileOptions options, Int64 preallocationSize)
   at System.IO.File.WriteAllBytes(String path, Byte[] bytes)
   at FocusEV.OCPP.Server.OCPPMiddleware.Receive16(ChargePointStatus chargePointStatus, HttpContext context) in D:\Insitu\SOLAREV_PLATFORM\SolarEV_OCPP_V4.1_191023\FocusEV.OCPP.Server\OCPPMiddleware.OCPP16.cs:line 402
info: OCPPMiddleware.OCPP16[0] @ 2024-04-07T13:05:53.7820314+07:00
      OCPPMiddleware.Receive16 => OCPP-Message: Type=2 / ID=j7K4Dmtw6pRT3dTzoWnUNr9nyAgfzz1TGFo9 / Action=BootNotification)
trce: OCPPMiddleware.OCPP16[0] @ 2024-04-07T13:05:53.7820623+07:00
      My logBootNotification
trce: OCPPMiddleware.OCPP16[0] @ 2024-04-07T13:05:53.8555946+07:00
      OCPPMiddleware.OCPP16 => SendOcppMessage: [3,"j7K4Dmtw6pRT3dTzoWnUNr9nyAgfzz1TGFo9",{"status":"Accepted","currentTime":"2024-04-07T06:05:53.7821881+00:00","interval":300}]
fail: OCPPMiddleware.OCPP16[0] @ 2024-04-07T13:05:53.8915066+07:00
      OCPPMiddleware.SendOcpp16Message=> Error dumping message to path: 'wwwroot/Logs/OCPP\2024-04-07_13-05-53-8556_ocpp16-out.txt'
System.IO.DirectoryNotFoundException: Could not find a part of the path 'D:\Insitu\SOLAREV_PLATFORM\SolarEV_OCPP_V4.1_191023\FocusEV.OCPP.Server\wwwroot\Logs\OCPP\2024-04-07_13-05-53-8556_ocpp16-out.txt'.
   at Microsoft.Win32.SafeHandles.SafeFileHandle.CreateFile(String fullPath, FileMode mode, FileAccess access, FileShare share, FileOptions options)
   at Microsoft.Win32.SafeHandles.SafeFileHandle.Open(String fullPath, FileMode mode, FileAccess access, FileShare share, FileOptions options, Int64 preallocationSize)
   at System.IO.Strategies.OSFileStreamStrategy..ctor(String path, FileMode mode, FileAccess access, FileShare share, FileOptions options, Int64 preallocationSize)
   at System.IO.Strategies.FileStreamHelpers.ChooseStrategyCore(String path, FileMode mode, FileAccess access, FileShare share, FileOptions options, Int64 preallocationSize)
   at System.IO.Strategies.FileStreamHelpers.ChooseStrategy(FileStream fileStream, String path, FileMode mode, FileAccess access, FileShare share, Int32 bufferSize, FileOptions options, Int64 preallocationSize)
   at System.IO.StreamWriter.ValidateArgsAndOpenPath(String path, Boolean append, Encoding encoding, Int32 bufferSize)
   at System.IO.File.WriteAllText(String path, String contents)
   at FocusEV.OCPP.Server.OCPPMiddleware.SendOcpp16Message(OCPPMessage msg, ILogger logger, WebSocket webSocket) in D:\Insitu\SOLAREV_PLATFORM\SolarEV_OCPP_V4.1_191023\FocusEV.OCPP.Server\OCPPMiddleware.OCPP16.cs:line 573
trce: OCPPMiddleware.OCPP16[0] @ 2024-04-07T13:07:25.8546529+07:00
      OCPPMiddleware.Receive16 => Receiving segment: 57 bytes (EndOfMessage=True / MsgType=Text)
fail: OCPPMiddleware.OCPP16[0] @ 2024-04-07T13:07:25.8988653+07:00
      OCPPMiddleware.Receive16 => Error dumping incoming message to path: 'wwwroot/Logs/OCPP\2024-04-07_13-07-25-8557_ocpp16-in.txt'
System.IO.DirectoryNotFoundException: Could not find a part of the path 'D:\Insitu\SOLAREV_PLATFORM\SolarEV_OCPP_V4.1_191023\FocusEV.OCPP.Server\wwwroot\Logs\OCPP\2024-04-07_13-07-25-8557_ocpp16-in.txt'.
   at Microsoft.Win32.SafeHandles.SafeFileHandle.CreateFile(String fullPath, FileMode mode, FileAccess access, FileShare share, FileOptions options)
   at Microsoft.Win32.SafeHandles.SafeFileHandle.Open(String fullPath, FileMode mode, FileAccess access, FileShare share, FileOptions options, Int64 preallocationSize)
   at System.IO.File.OpenHandle(String path, FileMode mode, FileAccess access, FileShare share, FileOptions options, Int64 preallocationSize)
   at System.IO.File.WriteAllBytes(String path, Byte[] bytes)
   at FocusEV.OCPP.Server.OCPPMiddleware.Receive16(ChargePointStatus chargePointStatus, HttpContext context) in D:\Insitu\SOLAREV_PLATFORM\SolarEV_OCPP_V4.1_191023\FocusEV.OCPP.Server\OCPPMiddleware.OCPP16.cs:line 402
info: OCPPMiddleware.OCPP16[0] @ 2024-04-07T13:07:25.9245466+07:00
      OCPPMiddleware.Receive16 => OCPP-Message: Type=2 / ID=j7K4Dmtw6pRT3dTzoWnUNr9nyAgfzz1TGFo9 / Action=Heartbeat)
trce: OCPPMiddleware.OCPP16[0] @ 2024-04-07T13:07:26.1200178+07:00
      OCPPMiddleware.OCPP16 => SendOcppMessage: [3,"j7K4Dmtw6pRT3dTzoWnUNr9nyAgfzz1TGFo9",{"currentTime":"2024-04-07T06:07:25.9246041+00:00"}]
fail: OCPPMiddleware.OCPP16[0] @ 2024-04-07T13:07:26.1598304+07:00
      OCPPMiddleware.SendOcpp16Message=> Error dumping message to path: 'wwwroot/Logs/OCPP\2024-04-07_13-07-26-1200_ocpp16-out.txt'
System.IO.DirectoryNotFoundException: Could not find a part of the path 'D:\Insitu\SOLAREV_PLATFORM\SolarEV_OCPP_V4.1_191023\FocusEV.OCPP.Server\wwwroot\Logs\OCPP\2024-04-07_13-07-26-1200_ocpp16-out.txt'.
   at Microsoft.Win32.SafeHandles.SafeFileHandle.CreateFile(String fullPath, FileMode mode, FileAccess access, FileShare share, FileOptions options)
   at Microsoft.Win32.SafeHandles.SafeFileHandle.Open(String fullPath, FileMode mode, FileAccess access, FileShare share, FileOptions options, Int64 preallocationSize)
   at System.IO.Strategies.OSFileStreamStrategy..ctor(String path, FileMode mode, FileAccess access, FileShare share, FileOptions options, Int64 preallocationSize)
   at System.IO.Strategies.FileStreamHelpers.ChooseStrategyCore(String path, FileMode mode, FileAccess access, FileShare share, FileOptions options, Int64 preallocationSize)
   at System.IO.Strategies.FileStreamHelpers.ChooseStrategy(FileStream fileStream, String path, FileMode mode, FileAccess access, FileShare share, Int32 bufferSize, FileOptions options, Int64 preallocationSize)
   at System.IO.StreamWriter.ValidateArgsAndOpenPath(String path, Boolean append, Encoding encoding, Int32 bufferSize)
   at System.IO.File.WriteAllText(String path, String contents)
   at FocusEV.OCPP.Server.OCPPMiddleware.SendOcpp16Message(OCPPMessage msg, ILogger logger, WebSocket webSocket) in D:\Insitu\SOLAREV_PLATFORM\SolarEV_OCPP_V4.1_191023\FocusEV.OCPP.Server\OCPPMiddleware.OCPP16.cs:line 573
trce: OCPPMiddleware.OCPP16[0] @ 2024-04-07T13:12:25.8568542+07:00
      OCPPMiddleware.Receive16 => Receiving segment: 57 bytes (EndOfMessage=True / MsgType=Text)
fail: OCPPMiddleware.OCPP16[0] @ 2024-04-07T13:12:25.8974187+07:00
      OCPPMiddleware.Receive16 => Error dumping incoming message to path: 'wwwroot/Logs/OCPP\2024-04-07_13-12-25-8581_ocpp16-in.txt'
System.IO.DirectoryNotFoundException: Could not find a part of the path 'D:\Insitu\SOLAREV_PLATFORM\SolarEV_OCPP_V4.1_191023\FocusEV.OCPP.Server\wwwroot\Logs\OCPP\2024-04-07_13-12-25-8581_ocpp16-in.txt'.
   at Microsoft.Win32.SafeHandles.SafeFileHandle.CreateFile(String fullPath, FileMode mode, FileAccess access, FileShare share, FileOptions options)
   at Microsoft.Win32.SafeHandles.SafeFileHandle.Open(String fullPath, FileMode mode, FileAccess access, FileShare share, FileOptions options, Int64 preallocationSize)
   at System.IO.File.OpenHandle(String path, FileMode mode, FileAccess access, FileShare share, FileOptions options, Int64 preallocationSize)
   at System.IO.File.WriteAllBytes(String path, Byte[] bytes)
   at FocusEV.OCPP.Server.OCPPMiddleware.Receive16(ChargePointStatus chargePointStatus, HttpContext context) in D:\Insitu\SOLAREV_PLATFORM\SolarEV_OCPP_V4.1_191023\FocusEV.OCPP.Server\OCPPMiddleware.OCPP16.cs:line 402
info: OCPPMiddleware.OCPP16[0] @ 2024-04-07T13:12:25.8996114+07:00
      OCPPMiddleware.Receive16 => OCPP-Message: Type=2 / ID=j7K4Dmtw6pRT3dTzoWnUNr9nyAgfzz1TGFo9 / Action=Heartbeat)
trce: OCPPMiddleware.OCPP16[0] @ 2024-04-07T13:12:26.0965421+07:00
      OCPPMiddleware.OCPP16 => SendOcppMessage: [3,"j7K4Dmtw6pRT3dTzoWnUNr9nyAgfzz1TGFo9",{"currentTime":"2024-04-07T06:12:25.8996665+00:00"}]
fail: OCPPMiddleware.OCPP16[0] @ 2024-04-07T13:12:26.1482008+07:00
      OCPPMiddleware.SendOcpp16Message=> Error dumping message to path: 'wwwroot/Logs/OCPP\2024-04-07_13-12-26-0966_ocpp16-out.txt'
System.IO.DirectoryNotFoundException: Could not find a part of the path 'D:\Insitu\SOLAREV_PLATFORM\SolarEV_OCPP_V4.1_191023\FocusEV.OCPP.Server\wwwroot\Logs\OCPP\2024-04-07_13-12-26-0966_ocpp16-out.txt'.
   at Microsoft.Win32.SafeHandles.SafeFileHandle.CreateFile(String fullPath, FileMode mode, FileAccess access, FileShare share, FileOptions options)
   at Microsoft.Win32.SafeHandles.SafeFileHandle.Open(String fullPath, FileMode mode, FileAccess access, FileShare share, FileOptions options, Int64 preallocationSize)
   at System.IO.Strategies.OSFileStreamStrategy..ctor(String path, FileMode mode, FileAccess access, FileShare share, FileOptions options, Int64 preallocationSize)
   at System.IO.Strategies.FileStreamHelpers.ChooseStrategyCore(String path, FileMode mode, FileAccess access, FileShare share, FileOptions options, Int64 preallocationSize)
   at System.IO.Strategies.FileStreamHelpers.ChooseStrategy(FileStream fileStream, String path, FileMode mode, FileAccess access, FileShare share, Int32 bufferSize, FileOptions options, Int64 preallocationSize)
   at System.IO.StreamWriter.ValidateArgsAndOpenPath(String path, Boolean append, Encoding encoding, Int32 bufferSize)
   at System.IO.File.WriteAllText(String path, String contents)
   at FocusEV.OCPP.Server.OCPPMiddleware.SendOcpp16Message(OCPPMessage msg, ILogger logger, WebSocket webSocket) in D:\Insitu\SOLAREV_PLATFORM\SolarEV_OCPP_V4.1_191023\FocusEV.OCPP.Server\OCPPMiddleware.OCPP16.cs:line 573
trce: OCPPMiddleware.OCPP16[0] @ 2024-04-07T13:17:25.8540934+07:00
      OCPPMiddleware.Receive16 => Receiving segment: 57 bytes (EndOfMessage=True / MsgType=Text)
fail: OCPPMiddleware.OCPP16[0] @ 2024-04-07T13:17:25.9230180+07:00
      OCPPMiddleware.Receive16 => Error dumping incoming message to path: 'wwwroot/Logs/OCPP\2024-04-07_13-17-25-8564_ocpp16-in.txt'
System.IO.DirectoryNotFoundException: Could not find a part of the path 'D:\Insitu\SOLAREV_PLATFORM\SolarEV_OCPP_V4.1_191023\FocusEV.OCPP.Server\wwwroot\Logs\OCPP\2024-04-07_13-17-25-8564_ocpp16-in.txt'.
   at Microsoft.Win32.SafeHandles.SafeFileHandle.CreateFile(String fullPath, FileMode mode, FileAccess access, FileShare share, FileOptions options)
   at Microsoft.Win32.SafeHandles.SafeFileHandle.Open(String fullPath, FileMode mode, FileAccess access, FileShare share, FileOptions options, Int64 preallocationSize)
   at System.IO.File.OpenHandle(String path, FileMode mode, FileAccess access, FileShare share, FileOptions options, Int64 preallocationSize)
   at System.IO.File.WriteAllBytes(String path, Byte[] bytes)
   at FocusEV.OCPP.Server.OCPPMiddleware.Receive16(ChargePointStatus chargePointStatus, HttpContext context) in D:\Insitu\SOLAREV_PLATFORM\SolarEV_OCPP_V4.1_191023\FocusEV.OCPP.Server\OCPPMiddleware.OCPP16.cs:line 402
info: OCPPMiddleware.OCPP16[0] @ 2024-04-07T13:17:25.9258512+07:00
      OCPPMiddleware.Receive16 => OCPP-Message: Type=2 / ID=j7K4Dmtw6pRT3dTzoWnUNr9nyAgfzz1TGFo9 / Action=Heartbeat)
trce: OCPPMiddleware.OCPP16[0] @ 2024-04-07T13:17:26.2706423+07:00
      OCPPMiddleware.OCPP16 => SendOcppMessage: [3,"j7K4Dmtw6pRT3dTzoWnUNr9nyAgfzz1TGFo9",{"currentTime":"2024-04-07T06:17:25.9258836+00:00"}]
fail: OCPPMiddleware.OCPP16[0] @ 2024-04-07T13:17:26.3314415+07:00
      OCPPMiddleware.SendOcpp16Message=> Error dumping message to path: 'wwwroot/Logs/OCPP\2024-04-07_13-17-26-2707_ocpp16-out.txt'
System.IO.DirectoryNotFoundException: Could not find a part of the path 'D:\Insitu\SOLAREV_PLATFORM\SolarEV_OCPP_V4.1_191023\FocusEV.OCPP.Server\wwwroot\Logs\OCPP\2024-04-07_13-17-26-2707_ocpp16-out.txt'.
   at Microsoft.Win32.SafeHandles.SafeFileHandle.CreateFile(String fullPath, FileMode mode, FileAccess access, FileShare share, FileOptions options)
   at Microsoft.Win32.SafeHandles.SafeFileHandle.Open(String fullPath, FileMode mode, FileAccess access, FileShare share, FileOptions options, Int64 preallocationSize)
   at System.IO.Strategies.OSFileStreamStrategy..ctor(String path, FileMode mode, FileAccess access, FileShare share, FileOptions options, Int64 preallocationSize)
   at System.IO.Strategies.FileStreamHelpers.ChooseStrategyCore(String path, FileMode mode, FileAccess access, FileShare share, FileOptions options, Int64 preallocationSize)
   at System.IO.Strategies.FileStreamHelpers.ChooseStrategy(FileStream fileStream, String path, FileMode mode, FileAccess access, FileShare share, Int32 bufferSize, FileOptions options, Int64 preallocationSize)
   at System.IO.StreamWriter.ValidateArgsAndOpenPath(String path, Boolean append, Encoding encoding, Int32 bufferSize)
   at System.IO.File.WriteAllText(String path, String contents)
   at FocusEV.OCPP.Server.OCPPMiddleware.SendOcpp16Message(OCPPMessage msg, ILogger logger, WebSocket webSocket) in D:\Insitu\SOLAREV_PLATFORM\SolarEV_OCPP_V4.1_191023\FocusEV.OCPP.Server\OCPPMiddleware.OCPP16.cs:line 573
info: OCPPMiddleware.OCPP16[0] @ 2024-04-07T13:20:08.2853816+07:00
      OCPPMiddleware.Receive16 => WebSocket Closed: CloseStatus=EndpointUnavailable / MessageType=Close
info: OCPPMiddleware.OCPP16[0] @ 2024-04-07T13:20:08.2895386+07:00
      OCPPMiddleware.Receive16 => Websocket closed: State=Closed / CloseStatus=EndpointUnavailable
trce: OCPPMiddleware[0] @ 2024-04-07T13:20:18.4465738+07:00
      My Log Path/OCPP/InsituHCM
trce: OCPPMiddleware[0] @ 2024-04-07T13:20:18.4466199+07:00
      OCPPMiddleware => Websocket request: Path='/OCPP/InsituHCM'
info: OCPPMiddleware[0] @ 2024-04-07T13:20:18.4504072+07:00
      OCPPMiddleware => Connection request with chargepoint identifier = 'InsituHCM'
info: OCPPMiddleware[0] @ 2024-04-07T13:20:18.4791389+07:00
      OCPPMiddleware => SUCCESS: Found chargepoint with identifier=InsituHCM
info: OCPPMiddleware[0] @ 2024-04-07T13:20:18.4839611+07:00
      OCPPMiddleware => No authentication for chargepoint 'InsituHCM' configured
trce: OCPPMiddleware[0] @ 2024-04-07T13:20:18.4841661+07:00
      OCPPMiddleware => Store/Update status object
trce: OCPPMiddleware[0] @ 2024-04-07T13:20:18.4841818+07:00
      OCPPMiddleware => Waiting for message...
trce: OCPPMiddleware[0] @ 2024-04-07T13:20:18.4849021+07:00
      OCPPMiddleware => WebSocket connection with charge point 'InsituHCM'
trce: OCPPMiddleware.OCPP16[0] @ 2024-04-07T13:20:18.5007439+07:00
      OCPPMiddleware.Receive16 => Receiving segment: 326 bytes (EndOfMessage=True / MsgType=Text)
fail: OCPPMiddleware.OCPP16[0] @ 2024-04-07T13:20:18.5339107+07:00
      OCPPMiddleware.Receive16 => Error dumping incoming message to path: 'wwwroot/Logs/OCPP\2024-04-07_13-20-18-5007_ocpp16-in.txt'
System.IO.DirectoryNotFoundException: Could not find a part of the path 'D:\Insitu\SOLAREV_PLATFORM\SolarEV_OCPP_V4.1_191023\FocusEV.OCPP.Server\wwwroot\Logs\OCPP\2024-04-07_13-20-18-5007_ocpp16-in.txt'.
   at Microsoft.Win32.SafeHandles.SafeFileHandle.CreateFile(String fullPath, FileMode mode, FileAccess access, FileShare share, FileOptions options)
   at Microsoft.Win32.SafeHandles.SafeFileHandle.Open(String fullPath, FileMode mode, FileAccess access, FileShare share, FileOptions options, Int64 preallocationSize)
   at System.IO.File.OpenHandle(String path, FileMode mode, FileAccess access, FileShare share, FileOptions options, Int64 preallocationSize)
   at System.IO.File.WriteAllBytes(String path, Byte[] bytes)
   at FocusEV.OCPP.Server.OCPPMiddleware.Receive16(ChargePointStatus chargePointStatus, HttpContext context) in D:\Insitu\SOLAREV_PLATFORM\SolarEV_OCPP_V4.1_191023\FocusEV.OCPP.Server\OCPPMiddleware.OCPP16.cs:line 402
info: OCPPMiddleware.OCPP16[0] @ 2024-04-07T13:20:18.5366961+07:00
      OCPPMiddleware.Receive16 => OCPP-Message: Type=2 / ID=eIOEKO9nzun2y7vyG4hVb4vuGMYGaACwvAMv / Action=BootNotification)
trce: OCPPMiddleware.OCPP16[0] @ 2024-04-07T13:20:18.5367449+07:00
      My logBootNotification
trce: OCPPMiddleware.OCPP16[0] @ 2024-04-07T13:20:18.6105068+07:00
      OCPPMiddleware.OCPP16 => SendOcppMessage: [3,"eIOEKO9nzun2y7vyG4hVb4vuGMYGaACwvAMv",{"status":"Accepted","currentTime":"2024-04-07T06:20:18.5368353+00:00","interval":300}]
fail: OCPPMiddleware.OCPP16[0] @ 2024-04-07T13:20:18.6767578+07:00
      OCPPMiddleware.SendOcpp16Message=> Error dumping message to path: 'wwwroot/Logs/OCPP\2024-04-07_13-20-18-6107_ocpp16-out.txt'
System.IO.DirectoryNotFoundException: Could not find a part of the path 'D:\Insitu\SOLAREV_PLATFORM\SolarEV_OCPP_V4.1_191023\FocusEV.OCPP.Server\wwwroot\Logs\OCPP\2024-04-07_13-20-18-6107_ocpp16-out.txt'.
   at Microsoft.Win32.SafeHandles.SafeFileHandle.CreateFile(String fullPath, FileMode mode, FileAccess access, FileShare share, FileOptions options)
   at Microsoft.Win32.SafeHandles.SafeFileHandle.Open(String fullPath, FileMode mode, FileAccess access, FileShare share, FileOptions options, Int64 preallocationSize)
   at System.IO.Strategies.OSFileStreamStrategy..ctor(String path, FileMode mode, FileAccess access, FileShare share, FileOptions options, Int64 preallocationSize)
   at System.IO.Strategies.FileStreamHelpers.ChooseStrategyCore(String path, FileMode mode, FileAccess access, FileShare share, FileOptions options, Int64 preallocationSize)
   at System.IO.Strategies.FileStreamHelpers.ChooseStrategy(FileStream fileStream, String path, FileMode mode, FileAccess access, FileShare share, Int32 bufferSize, FileOptions options, Int64 preallocationSize)
   at System.IO.StreamWriter.ValidateArgsAndOpenPath(String path, Boolean append, Encoding encoding, Int32 bufferSize)
   at System.IO.File.WriteAllText(String path, String contents)
   at FocusEV.OCPP.Server.OCPPMiddleware.SendOcpp16Message(OCPPMessage msg, ILogger logger, WebSocket webSocket) in D:\Insitu\SOLAREV_PLATFORM\SolarEV_OCPP_V4.1_191023\FocusEV.OCPP.Server\OCPPMiddleware.OCPP16.cs:line 573
trce: OCPPMiddleware[0] @ 2024-04-07T13:20:23.8923040+07:00
      My Log Path/
trce: OCPPMiddleware[0] @ 2024-04-07T13:20:23.8923442+07:00
      OCPPMiddleware => Websocket request: Path='/'
trce: OCPPMiddleware[0] @ 2024-04-07T13:20:23.8923747+07:00
      OCPPMiddleware => Index status page
trce: OCPPMiddleware[0] @ 2024-04-07T13:20:24.7824541+07:00
      My Log Path/favicon.ico
trce: OCPPMiddleware[0] @ 2024-04-07T13:20:24.7825127+07:00
      OCPPMiddleware => Websocket request: Path='/favicon.ico'
warn: OCPPMiddleware[0] @ 2024-04-07T13:20:24.7848101+07:00
      OCPPMiddleware => Bad path request
trce: OCPPMiddleware[0] @ 2024-04-07T20:19:37.1232036+07:00
      My Log Path/OCPP/InsituHCM
trce: OCPPMiddleware[0] @ 2024-04-07T20:19:37.1232275+07:00
      My Log Path/
trce: OCPPMiddleware[0] @ 2024-04-07T20:19:37.1232077+07:00
      My Log Path/
trce: OCPPMiddleware[0] @ 2024-04-07T20:19:37.1443139+07:00
      OCPPMiddleware => Websocket request: Path='/'
trce: OCPPMiddleware[0] @ 2024-04-07T20:19:37.1443139+07:00
      OCPPMiddleware => Websocket request: Path='/OCPP/InsituHCM'
trce: OCPPMiddleware[0] @ 2024-04-07T20:19:37.1443139+07:00
      OCPPMiddleware => Websocket request: Path='/'
info: OCPPMiddleware[0] @ 2024-04-07T20:19:37.1490040+07:00
      OCPPMiddleware => Connection request with chargepoint identifier = 'InsituHCM'
trce: OCPPMiddleware[0] @ 2024-04-07T20:19:37.1490887+07:00
      OCPPMiddleware => Index status page
trce: OCPPMiddleware[0] @ 2024-04-07T20:19:37.1490888+07:00
      OCPPMiddleware => Index status page
info: OCPPMiddleware[0] @ 2024-04-07T20:19:38.0912699+07:00
      OCPPMiddleware => SUCCESS: Found chargepoint with identifier=InsituHCM
info: OCPPMiddleware[0] @ 2024-04-07T20:19:38.0962830+07:00
      OCPPMiddleware => No authentication for chargepoint 'InsituHCM' configured
trce: OCPPMiddleware[0] @ 2024-04-07T20:19:38.1041101+07:00
      OCPPMiddleware => Store/Update status object
trce: OCPPMiddleware[0] @ 2024-04-07T20:19:38.1102177+07:00
      OCPPMiddleware => Waiting for message...
trce: OCPPMiddleware[0] @ 2024-04-07T20:19:38.1294961+07:00
      OCPPMiddleware => WebSocket connection with charge point 'InsituHCM'
trce: OCPPMiddleware.OCPP16[0] @ 2024-04-07T20:19:38.2033596+07:00
      OCPPMiddleware.Receive16 => Receiving segment: 326 bytes (EndOfMessage=True / MsgType=Text)
fail: OCPPMiddleware.OCPP16[0] @ 2024-04-07T20:19:38.4920143+07:00
      OCPPMiddleware.Receive16 => Error dumping incoming message to path: 'wwwroot/Logs/OCPP\2024-04-07_20-19-38-2035_ocpp16-in.txt'
System.IO.DirectoryNotFoundException: Could not find a part of the path 'D:\Insitu\SOLAREV_PLATFORM\SolarEV_OCPP_V4.1_191023\FocusEV.OCPP.Server\wwwroot\Logs\OCPP\2024-04-07_20-19-38-2035_ocpp16-in.txt'.
   at Microsoft.Win32.SafeHandles.SafeFileHandle.CreateFile(String fullPath, FileMode mode, FileAccess access, FileShare share, FileOptions options)
   at Microsoft.Win32.SafeHandles.SafeFileHandle.Open(String fullPath, FileMode mode, FileAccess access, FileShare share, FileOptions options, Int64 preallocationSize)
   at System.IO.File.OpenHandle(String path, FileMode mode, FileAccess access, FileShare share, FileOptions options, Int64 preallocationSize)
   at System.IO.File.WriteAllBytes(String path, Byte[] bytes)
   at FocusEV.OCPP.Server.OCPPMiddleware.Receive16(ChargePointStatus chargePointStatus, HttpContext context) in D:\Insitu\SOLAREV_PLATFORM\SolarEV_OCPP_V4.1_191023\FocusEV.OCPP.Server\OCPPMiddleware.OCPP16.cs:line 402
info: OCPPMiddleware.OCPP16[0] @ 2024-04-07T20:19:38.5082836+07:00
      OCPPMiddleware.Receive16 => OCPP-Message: Type=2 / ID=w0EoWVKW6Z2P3mCwj9DLKdRLSFl6WUqbqvaa / Action=BootNotification)
trce: OCPPMiddleware.OCPP16[0] @ 2024-04-07T20:19:38.5091672+07:00
      My logBootNotification
trce: OCPPMiddleware.OCPP16[0] @ 2024-04-07T20:19:39.4091528+07:00
      OCPPMiddleware.OCPP16 => SendOcppMessage: [3,"w0EoWVKW6Z2P3mCwj9DLKdRLSFl6WUqbqvaa",{"status":"Accepted","currentTime":"2024-04-07T13:19:38.8192945+00:00","interval":300}]
fail: OCPPMiddleware.OCPP16[0] @ 2024-04-07T20:19:39.4626345+07:00
      OCPPMiddleware.SendOcpp16Message=> Error dumping message to path: 'wwwroot/Logs/OCPP\2024-04-07_20-19-39-4092_ocpp16-out.txt'
System.IO.DirectoryNotFoundException: Could not find a part of the path 'D:\Insitu\SOLAREV_PLATFORM\SolarEV_OCPP_V4.1_191023\FocusEV.OCPP.Server\wwwroot\Logs\OCPP\2024-04-07_20-19-39-4092_ocpp16-out.txt'.
   at Microsoft.Win32.SafeHandles.SafeFileHandle.CreateFile(String fullPath, FileMode mode, FileAccess access, FileShare share, FileOptions options)
   at Microsoft.Win32.SafeHandles.SafeFileHandle.Open(String fullPath, FileMode mode, FileAccess access, FileShare share, FileOptions options, Int64 preallocationSize)
   at System.IO.Strategies.OSFileStreamStrategy..ctor(String path, FileMode mode, FileAccess access, FileShare share, FileOptions options, Int64 preallocationSize)
   at System.IO.Strategies.FileStreamHelpers.ChooseStrategyCore(String path, FileMode mode, FileAccess access, FileShare share, FileOptions options, Int64 preallocationSize)
   at System.IO.Strategies.FileStreamHelpers.ChooseStrategy(FileStream fileStream, String path, FileMode mode, FileAccess access, FileShare share, Int32 bufferSize, FileOptions options, Int64 preallocationSize)
   at System.IO.StreamWriter.ValidateArgsAndOpenPath(String path, Boolean append, Encoding encoding, Int32 bufferSize)
   at System.IO.File.WriteAllText(String path, String contents)
   at FocusEV.OCPP.Server.OCPPMiddleware.SendOcpp16Message(OCPPMessage msg, ILogger logger, WebSocket webSocket) in D:\Insitu\SOLAREV_PLATFORM\SolarEV_OCPP_V4.1_191023\FocusEV.OCPP.Server\OCPPMiddleware.OCPP16.cs:line 573
trce: OCPPMiddleware[0] @ 2024-04-07T20:19:41.2632655+07:00
      My Log Path/favicon.ico
trce: OCPPMiddleware[0] @ 2024-04-07T20:19:41.2633130+07:00
      OCPPMiddleware => Websocket request: Path='/favicon.ico'
warn: OCPPMiddleware[0] @ 2024-04-07T20:19:41.2669479+07:00
      OCPPMiddleware => Bad path request
trce: OCPPMiddleware[0] @ 2024-04-07T20:19:42.7410772+07:00
      My Log Path/
trce: OCPPMiddleware[0] @ 2024-04-07T20:19:42.7412023+07:00
      OCPPMiddleware => Websocket request: Path='/'
trce: OCPPMiddleware[0] @ 2024-04-07T20:19:42.7413218+07:00
      OCPPMiddleware => Index status page
trce: OCPPMiddleware[0] @ 2024-04-07T20:19:43.2913760+07:00
      My Log Path/favicon.ico
trce: OCPPMiddleware[0] @ 2024-04-07T20:19:43.2914199+07:00
      OCPPMiddleware => Websocket request: Path='/favicon.ico'
warn: OCPPMiddleware[0] @ 2024-04-07T20:19:43.2996651+07:00
      OCPPMiddleware => Bad path request
trce: OCPPMiddleware[0] @ 2024-04-07T20:31:37.1171664+07:00
      My Log Path/
trce: OCPPMiddleware[0] @ 2024-04-07T20:31:37.1454638+07:00
      OCPPMiddleware => Websocket request: Path='/'
trce: OCPPMiddleware[0] @ 2024-04-07T20:31:37.1458442+07:00
      OCPPMiddleware => Index status page
trce: OCPPMiddleware[0] @ 2024-04-07T20:31:38.1753095+07:00
      My Log Path/favicon.ico
trce: OCPPMiddleware[0] @ 2024-04-07T20:31:38.1754444+07:00
      OCPPMiddleware => Websocket request: Path='/favicon.ico'
warn: OCPPMiddleware[0] @ 2024-04-07T20:31:38.2058539+07:00
      OCPPMiddleware => Bad path request
trce: OCPPMiddleware[0] @ 2024-04-07T20:31:40.9206604+07:00
      My Log Path/OCPP/InsituHCM
trce: OCPPMiddleware[0] @ 2024-04-07T20:31:40.9206917+07:00
      OCPPMiddleware => Websocket request: Path='/OCPP/InsituHCM'
info: OCPPMiddleware[0] @ 2024-04-07T20:31:40.9256108+07:00
      OCPPMiddleware => Connection request with chargepoint identifier = 'InsituHCM'
info: OCPPMiddleware[0] @ 2024-04-07T20:31:41.4983265+07:00
      OCPPMiddleware => SUCCESS: Found chargepoint with identifier=InsituHCM
info: OCPPMiddleware[0] @ 2024-04-07T20:31:41.5031683+07:00
      OCPPMiddleware => No authentication for chargepoint 'InsituHCM' configured
trce: OCPPMiddleware[0] @ 2024-04-07T20:31:41.5083375+07:00
      OCPPMiddleware => Store/Update status object
trce: OCPPMiddleware[0] @ 2024-04-07T20:31:41.5084507+07:00
      OCPPMiddleware => Waiting for message...
trce: OCPPMiddleware[0] @ 2024-04-07T20:31:41.5167265+07:00
      OCPPMiddleware => WebSocket connection with charge point 'InsituHCM'
trce: OCPPMiddleware.OCPP16[0] @ 2024-04-07T20:31:41.5800606+07:00
      OCPPMiddleware.Receive16 => Receiving segment: 326 bytes (EndOfMessage=True / MsgType=Text)
fail: OCPPMiddleware.OCPP16[0] @ 2024-04-07T20:31:41.7783489+07:00
      OCPPMiddleware.Receive16 => Error dumping incoming message to path: 'wwwroot/Logs/OCPP\2024-04-07_20-31-41-5802_ocpp16-in.txt'
System.IO.DirectoryNotFoundException: Could not find a part of the path 'D:\Insitu\SOLAREV_PLATFORM\SolarEV_OCPP_V4.1_191023\FocusEV.OCPP.Server\wwwroot\Logs\OCPP\2024-04-07_20-31-41-5802_ocpp16-in.txt'.
   at Microsoft.Win32.SafeHandles.SafeFileHandle.CreateFile(String fullPath, FileMode mode, FileAccess access, FileShare share, FileOptions options)
   at Microsoft.Win32.SafeHandles.SafeFileHandle.Open(String fullPath, FileMode mode, FileAccess access, FileShare share, FileOptions options, Int64 preallocationSize)
   at System.IO.File.OpenHandle(String path, FileMode mode, FileAccess access, FileShare share, FileOptions options, Int64 preallocationSize)
   at System.IO.File.WriteAllBytes(String path, Byte[] bytes)
   at FocusEV.OCPP.Server.OCPPMiddleware.Receive16(ChargePointStatus chargePointStatus, HttpContext context) in D:\Insitu\SOLAREV_PLATFORM\SolarEV_OCPP_V4.1_191023\FocusEV.OCPP.Server\OCPPMiddleware.OCPP16.cs:line 402
info: OCPPMiddleware.OCPP16[0] @ 2024-04-07T20:31:41.7919271+07:00
      OCPPMiddleware.Receive16 => OCPP-Message: Type=2 / ID=J74Xgf5Mem2WN8NfZUhZgZe981ppsgXZ3udS / Action=BootNotification)
trce: OCPPMiddleware.OCPP16[0] @ 2024-04-07T20:31:41.7981047+07:00
      My logBootNotification
trce: OCPPMiddleware.OCPP16[0] @ 2024-04-07T20:31:42.5961047+07:00
      OCPPMiddleware.OCPP16 => SendOcppMessage: [3,"J74Xgf5Mem2WN8NfZUhZgZe981ppsgXZ3udS",{"status":"Accepted","currentTime":"2024-04-07T13:31:42.075257+00:00","interval":300}]
fail: OCPPMiddleware.OCPP16[0] @ 2024-04-07T20:31:42.6425458+07:00
      OCPPMiddleware.SendOcpp16Message=> Error dumping message to path: 'wwwroot/Logs/OCPP\2024-04-07_20-31-42-5961_ocpp16-out.txt'
System.IO.DirectoryNotFoundException: Could not find a part of the path 'D:\Insitu\SOLAREV_PLATFORM\SolarEV_OCPP_V4.1_191023\FocusEV.OCPP.Server\wwwroot\Logs\OCPP\2024-04-07_20-31-42-5961_ocpp16-out.txt'.
   at Microsoft.Win32.SafeHandles.SafeFileHandle.CreateFile(String fullPath, FileMode mode, FileAccess access, FileShare share, FileOptions options)
   at Microsoft.Win32.SafeHandles.SafeFileHandle.Open(String fullPath, FileMode mode, FileAccess access, FileShare share, FileOptions options, Int64 preallocationSize)
   at System.IO.Strategies.OSFileStreamStrategy..ctor(String path, FileMode mode, FileAccess access, FileShare share, FileOptions options, Int64 preallocationSize)
   at System.IO.Strategies.FileStreamHelpers.ChooseStrategyCore(String path, FileMode mode, FileAccess access, FileShare share, FileOptions options, Int64 preallocationSize)
   at System.IO.Strategies.FileStreamHelpers.ChooseStrategy(FileStream fileStream, String path, FileMode mode, FileAccess access, FileShare share, Int32 bufferSize, FileOptions options, Int64 preallocationSize)
   at System.IO.StreamWriter.ValidateArgsAndOpenPath(String path, Boolean append, Encoding encoding, Int32 bufferSize)
   at System.IO.File.WriteAllText(String path, String contents)
   at FocusEV.OCPP.Server.OCPPMiddleware.SendOcpp16Message(OCPPMessage msg, ILogger logger, WebSocket webSocket) in D:\Insitu\SOLAREV_PLATFORM\SolarEV_OCPP_V4.1_191023\FocusEV.OCPP.Server\OCPPMiddleware.OCPP16.cs:line 573
trce: OCPPMiddleware.OCPP16[0] @ 2024-04-07T20:31:44.5416781+07:00
      OCPPMiddleware.Receive16 => Receiving segment: 57 bytes (EndOfMessage=True / MsgType=Text)
fail: OCPPMiddleware.OCPP16[0] @ 2024-04-07T20:31:44.5919999+07:00
      OCPPMiddleware.Receive16 => Error dumping incoming message to path: 'wwwroot/Logs/OCPP\2024-04-07_20-31-44-5417_ocpp16-in.txt'
System.IO.DirectoryNotFoundException: Could not find a part of the path 'D:\Insitu\SOLAREV_PLATFORM\SolarEV_OCPP_V4.1_191023\FocusEV.OCPP.Server\wwwroot\Logs\OCPP\2024-04-07_20-31-44-5417_ocpp16-in.txt'.
   at Microsoft.Win32.SafeHandles.SafeFileHandle.CreateFile(String fullPath, FileMode mode, FileAccess access, FileShare share, FileOptions options)
   at Microsoft.Win32.SafeHandles.SafeFileHandle.Open(String fullPath, FileMode mode, FileAccess access, FileShare share, FileOptions options, Int64 preallocationSize)
   at System.IO.File.OpenHandle(String path, FileMode mode, FileAccess access, FileShare share, FileOptions options, Int64 preallocationSize)
   at System.IO.File.WriteAllBytes(String path, Byte[] bytes)
   at FocusEV.OCPP.Server.OCPPMiddleware.Receive16(ChargePointStatus chargePointStatus, HttpContext context) in D:\Insitu\SOLAREV_PLATFORM\SolarEV_OCPP_V4.1_191023\FocusEV.OCPP.Server\OCPPMiddleware.OCPP16.cs:line 402
info: OCPPMiddleware.OCPP16[0] @ 2024-04-07T20:31:44.5946333+07:00
      OCPPMiddleware.Receive16 => OCPP-Message: Type=2 / ID=J74Xgf5Mem2WN8NfZUhZgZe981ppsgXZ3udS / Action=Heartbeat)
trce: OCPPMiddleware.OCPP16[0] @ 2024-04-07T20:31:44.8628537+07:00
      OCPPMiddleware.OCPP16 => SendOcppMessage: [3,"J74Xgf5Mem2WN8NfZUhZgZe981ppsgXZ3udS",{"currentTime":"2024-04-07T13:31:44.5962886+00:00"}]
fail: OCPPMiddleware.OCPP16[0] @ 2024-04-07T20:31:44.9031143+07:00
      OCPPMiddleware.SendOcpp16Message=> Error dumping message to path: 'wwwroot/Logs/OCPP\2024-04-07_20-31-44-8629_ocpp16-out.txt'
System.IO.DirectoryNotFoundException: Could not find a part of the path 'D:\Insitu\SOLAREV_PLATFORM\SolarEV_OCPP_V4.1_191023\FocusEV.OCPP.Server\wwwroot\Logs\OCPP\2024-04-07_20-31-44-8629_ocpp16-out.txt'.
   at Microsoft.Win32.SafeHandles.SafeFileHandle.CreateFile(String fullPath, FileMode mode, FileAccess access, FileShare share, FileOptions options)
   at Microsoft.Win32.SafeHandles.SafeFileHandle.Open(String fullPath, FileMode mode, FileAccess access, FileShare share, FileOptions options, Int64 preallocationSize)
   at System.IO.Strategies.OSFileStreamStrategy..ctor(String path, FileMode mode, FileAccess access, FileShare share, FileOptions options, Int64 preallocationSize)
   at System.IO.Strategies.FileStreamHelpers.ChooseStrategyCore(String path, FileMode mode, FileAccess access, FileShare share, FileOptions options, Int64 preallocationSize)
   at System.IO.Strategies.FileStreamHelpers.ChooseStrategy(FileStream fileStream, String path, FileMode mode, FileAccess access, FileShare share, Int32 bufferSize, FileOptions options, Int64 preallocationSize)
   at System.IO.StreamWriter.ValidateArgsAndOpenPath(String path, Boolean append, Encoding encoding, Int32 bufferSize)
   at System.IO.File.WriteAllText(String path, String contents)
   at FocusEV.OCPP.Server.OCPPMiddleware.SendOcpp16Message(OCPPMessage msg, ILogger logger, WebSocket webSocket) in D:\Insitu\SOLAREV_PLATFORM\SolarEV_OCPP_V4.1_191023\FocusEV.OCPP.Server\OCPPMiddleware.OCPP16.cs:line 573
trce: OCPPMiddleware.OCPP16[0] @ 2024-04-07T20:36:43.6215613+07:00
      OCPPMiddleware.Receive16 => Receiving segment: 57 bytes (EndOfMessage=True / MsgType=Text)
fail: OCPPMiddleware.OCPP16[0] @ 2024-04-07T20:36:43.6921955+07:00
      OCPPMiddleware.Receive16 => Error dumping incoming message to path: 'wwwroot/Logs/OCPP\2024-04-07_20-36-43-6217_ocpp16-in.txt'
System.IO.DirectoryNotFoundException: Could not find a part of the path 'D:\Insitu\SOLAREV_PLATFORM\SolarEV_OCPP_V4.1_191023\FocusEV.OCPP.Server\wwwroot\Logs\OCPP\2024-04-07_20-36-43-6217_ocpp16-in.txt'.
   at Microsoft.Win32.SafeHandles.SafeFileHandle.CreateFile(String fullPath, FileMode mode, FileAccess access, FileShare share, FileOptions options)
   at Microsoft.Win32.SafeHandles.SafeFileHandle.Open(String fullPath, FileMode mode, FileAccess access, FileShare share, FileOptions options, Int64 preallocationSize)
   at System.IO.File.OpenHandle(String path, FileMode mode, FileAccess access, FileShare share, FileOptions options, Int64 preallocationSize)
   at System.IO.File.WriteAllBytes(String path, Byte[] bytes)
   at FocusEV.OCPP.Server.OCPPMiddleware.Receive16(ChargePointStatus chargePointStatus, HttpContext context) in D:\Insitu\SOLAREV_PLATFORM\SolarEV_OCPP_V4.1_191023\FocusEV.OCPP.Server\OCPPMiddleware.OCPP16.cs:line 402
info: OCPPMiddleware.OCPP16[0] @ 2024-04-07T20:36:43.6955372+07:00
      OCPPMiddleware.Receive16 => OCPP-Message: Type=2 / ID=J74Xgf5Mem2WN8NfZUhZgZe981ppsgXZ3udS / Action=Heartbeat)
trce: OCPPMiddleware.OCPP16[0] @ 2024-04-07T20:36:43.8968786+07:00
      OCPPMiddleware.OCPP16 => SendOcppMessage: [3,"J74Xgf5Mem2WN8NfZUhZgZe981ppsgXZ3udS",{"currentTime":"2024-04-07T13:36:43.6955686+00:00"}]
fail: OCPPMiddleware.OCPP16[0] @ 2024-04-07T20:36:43.9502117+07:00
      OCPPMiddleware.SendOcpp16Message=> Error dumping message to path: 'wwwroot/Logs/OCPP\2024-04-07_20-36-43-8969_ocpp16-out.txt'
System.IO.DirectoryNotFoundException: Could not find a part of the path 'D:\Insitu\SOLAREV_PLATFORM\SolarEV_OCPP_V4.1_191023\FocusEV.OCPP.Server\wwwroot\Logs\OCPP\2024-04-07_20-36-43-8969_ocpp16-out.txt'.
   at Microsoft.Win32.SafeHandles.SafeFileHandle.CreateFile(String fullPath, FileMode mode, FileAccess access, FileShare share, FileOptions options)
   at Microsoft.Win32.SafeHandles.SafeFileHandle.Open(String fullPath, FileMode mode, FileAccess access, FileShare share, FileOptions options, Int64 preallocationSize)
   at System.IO.Strategies.OSFileStreamStrategy..ctor(String path, FileMode mode, FileAccess access, FileShare share, FileOptions options, Int64 preallocationSize)
   at System.IO.Strategies.FileStreamHelpers.ChooseStrategyCore(String path, FileMode mode, FileAccess access, FileShare share, FileOptions options, Int64 preallocationSize)
   at System.IO.Strategies.FileStreamHelpers.ChooseStrategy(FileStream fileStream, String path, FileMode mode, FileAccess access, FileShare share, Int32 bufferSize, FileOptions options, Int64 preallocationSize)
   at System.IO.StreamWriter.ValidateArgsAndOpenPath(String path, Boolean append, Encoding encoding, Int32 bufferSize)
   at System.IO.File.WriteAllText(String path, String contents)
   at FocusEV.OCPP.Server.OCPPMiddleware.SendOcpp16Message(OCPPMessage msg, ILogger logger, WebSocket webSocket) in D:\Insitu\SOLAREV_PLATFORM\SolarEV_OCPP_V4.1_191023\FocusEV.OCPP.Server\OCPPMiddleware.OCPP16.cs:line 573
trce: OCPPMiddleware.OCPP16[0] @ 2024-04-07T20:41:43.6312409+07:00
      OCPPMiddleware.Receive16 => Receiving segment: 57 bytes (EndOfMessage=True / MsgType=Text)
fail: OCPPMiddleware.OCPP16[0] @ 2024-04-07T20:41:43.7105353+07:00
      OCPPMiddleware.Receive16 => Error dumping incoming message to path: 'wwwroot/Logs/OCPP\2024-04-07_20-41-43-6324_ocpp16-in.txt'
System.IO.DirectoryNotFoundException: Could not find a part of the path 'D:\Insitu\SOLAREV_PLATFORM\SolarEV_OCPP_V4.1_191023\FocusEV.OCPP.Server\wwwroot\Logs\OCPP\2024-04-07_20-41-43-6324_ocpp16-in.txt'.
   at Microsoft.Win32.SafeHandles.SafeFileHandle.CreateFile(String fullPath, FileMode mode, FileAccess access, FileShare share, FileOptions options)
   at Microsoft.Win32.SafeHandles.SafeFileHandle.Open(String fullPath, FileMode mode, FileAccess access, FileShare share, FileOptions options, Int64 preallocationSize)
   at System.IO.File.OpenHandle(String path, FileMode mode, FileAccess access, FileShare share, FileOptions options, Int64 preallocationSize)
   at System.IO.File.WriteAllBytes(String path, Byte[] bytes)
   at FocusEV.OCPP.Server.OCPPMiddleware.Receive16(ChargePointStatus chargePointStatus, HttpContext context) in D:\Insitu\SOLAREV_PLATFORM\SolarEV_OCPP_V4.1_191023\FocusEV.OCPP.Server\OCPPMiddleware.OCPP16.cs:line 402
info: OCPPMiddleware.OCPP16[0] @ 2024-04-07T20:41:43.7133700+07:00
      OCPPMiddleware.Receive16 => OCPP-Message: Type=2 / ID=J74Xgf5Mem2WN8NfZUhZgZe981ppsgXZ3udS / Action=Heartbeat)
trce: OCPPMiddleware.OCPP16[0] @ 2024-04-07T20:41:44.0151337+07:00
      OCPPMiddleware.OCPP16 => SendOcppMessage: [3,"J74Xgf5Mem2WN8NfZUhZgZe981ppsgXZ3udS",{"currentTime":"2024-04-07T13:41:43.7134041+00:00"}]
fail: OCPPMiddleware.OCPP16[0] @ 2024-04-07T20:41:44.0536109+07:00
      OCPPMiddleware.SendOcpp16Message=> Error dumping message to path: 'wwwroot/Logs/OCPP\2024-04-07_20-41-44-0151_ocpp16-out.txt'
System.IO.DirectoryNotFoundException: Could not find a part of the path 'D:\Insitu\SOLAREV_PLATFORM\SolarEV_OCPP_V4.1_191023\FocusEV.OCPP.Server\wwwroot\Logs\OCPP\2024-04-07_20-41-44-0151_ocpp16-out.txt'.
   at Microsoft.Win32.SafeHandles.SafeFileHandle.CreateFile(String fullPath, FileMode mode, FileAccess access, FileShare share, FileOptions options)
   at Microsoft.Win32.SafeHandles.SafeFileHandle.Open(String fullPath, FileMode mode, FileAccess access, FileShare share, FileOptions options, Int64 preallocationSize)
   at System.IO.Strategies.OSFileStreamStrategy..ctor(String path, FileMode mode, FileAccess access, FileShare share, FileOptions options, Int64 preallocationSize)
   at System.IO.Strategies.FileStreamHelpers.ChooseStrategyCore(String path, FileMode mode, FileAccess access, FileShare share, FileOptions options, Int64 preallocationSize)
   at System.IO.Strategies.FileStreamHelpers.ChooseStrategy(FileStream fileStream, String path, FileMode mode, FileAccess access, FileShare share, Int32 bufferSize, FileOptions options, Int64 preallocationSize)
   at System.IO.StreamWriter.ValidateArgsAndOpenPath(String path, Boolean append, Encoding encoding, Int32 bufferSize)
   at System.IO.File.WriteAllText(String path, String contents)
   at FocusEV.OCPP.Server.OCPPMiddleware.SendOcpp16Message(OCPPMessage msg, ILogger logger, WebSocket webSocket) in D:\Insitu\SOLAREV_PLATFORM\SolarEV_OCPP_V4.1_191023\FocusEV.OCPP.Server\OCPPMiddleware.OCPP16.cs:line 573
trce: OCPPMiddleware[0] @ 2024-04-08T10:50:04.5085537+07:00
      My Log Path/
trce: OCPPMiddleware[0] @ 2024-04-08T10:50:04.5570483+07:00
      OCPPMiddleware => Websocket request: Path='/'
trce: OCPPMiddleware[0] @ 2024-04-08T10:50:04.5572545+07:00
      OCPPMiddleware => Index status page
trce: OCPPMiddleware[0] @ 2024-04-08T10:50:05.3428216+07:00
      My Log Path/favicon.ico
trce: OCPPMiddleware[0] @ 2024-04-08T10:50:05.3429543+07:00
      OCPPMiddleware => Websocket request: Path='/favicon.ico'
warn: OCPPMiddleware[0] @ 2024-04-08T10:50:05.4023236+07:00
      OCPPMiddleware => Bad path request
trce: OCPPMiddleware[0] @ 2024-04-08T10:52:26.1887238+07:00
      My Log Path/OCPP/InsituHCM
trce: OCPPMiddleware[0] @ 2024-04-08T10:52:26.1887617+07:00
      OCPPMiddleware => Websocket request: Path='/OCPP/InsituHCM'
info: OCPPMiddleware[0] @ 2024-04-08T10:52:26.1904482+07:00
      OCPPMiddleware => Connection request with chargepoint identifier = 'InsituHCM'
info: OCPPMiddleware[0] @ 2024-04-08T10:52:26.6881114+07:00
      OCPPMiddleware => SUCCESS: Found chargepoint with identifier=InsituHCM
info: OCPPMiddleware[0] @ 2024-04-08T10:52:26.6917605+07:00
      OCPPMiddleware => No authentication for chargepoint 'InsituHCM' configured
trce: OCPPMiddleware[0] @ 2024-04-08T10:52:26.6951416+07:00
      OCPPMiddleware => Store/Update status object
trce: OCPPMiddleware[0] @ 2024-04-08T10:52:26.6952067+07:00
      OCPPMiddleware => Waiting for message...
trce: OCPPMiddleware[0] @ 2024-04-08T10:52:26.7038658+07:00
      OCPPMiddleware => WebSocket connection with charge point 'InsituHCM'
trce: OCPPMiddleware.OCPP16[0] @ 2024-04-08T10:52:26.8266455+07:00
      OCPPMiddleware.Receive16 => Receiving segment: 326 bytes (EndOfMessage=True / MsgType=Text)
fail: OCPPMiddleware.OCPP16[0] @ 2024-04-08T10:52:27.0322685+07:00
      OCPPMiddleware.Receive16 => Error dumping incoming message to path: 'wwwroot/Logs/OCPP\2024-04-08_10-52-26-8267_ocpp16-in.txt'
System.IO.DirectoryNotFoundException: Could not find a part of the path 'D:\Insitu\SOLAREV_PLATFORM\SolarEV_OCPP_V4.1_191023\FocusEV.OCPP.Server\wwwroot\Logs\OCPP\2024-04-08_10-52-26-8267_ocpp16-in.txt'.
   at Microsoft.Win32.SafeHandles.SafeFileHandle.CreateFile(String fullPath, FileMode mode, FileAccess access, FileShare share, FileOptions options)
   at Microsoft.Win32.SafeHandles.SafeFileHandle.Open(String fullPath, FileMode mode, FileAccess access, FileShare share, FileOptions options, Int64 preallocationSize)
   at System.IO.File.OpenHandle(String path, FileMode mode, FileAccess access, FileShare share, FileOptions options, Int64 preallocationSize)
   at System.IO.File.WriteAllBytes(String path, Byte[] bytes)
   at FocusEV.OCPP.Server.OCPPMiddleware.Receive16(ChargePointStatus chargePointStatus, HttpContext context) in D:\Insitu\SOLAREV_PLATFORM\SolarEV_OCPP_V4.1_191023\FocusEV.OCPP.Server\OCPPMiddleware.OCPP16.cs:line 402
info: OCPPMiddleware.OCPP16[0] @ 2024-04-08T10:52:27.0413380+07:00
      OCPPMiddleware.Receive16 => OCPP-Message: Type=2 / ID=fRnvX9GLbVi89KGCwZPyBbp32b4f31As4S9N / Action=BootNotification)
trce: OCPPMiddleware.OCPP16[0] @ 2024-04-08T10:52:27.0419992+07:00
      My logBootNotification
trce: OCPPMiddleware.OCPP16[0] @ 2024-04-08T10:52:27.8340188+07:00
      OCPPMiddleware.OCPP16 => SendOcppMessage: [3,"fRnvX9GLbVi89KGCwZPyBbp32b4f31As4S9N",{"status":"Accepted","currentTime":"2024-04-08T03:52:27.3856204+00:00","interval":300}]
fail: OCPPMiddleware.OCPP16[0] @ 2024-04-08T10:52:27.8684432+07:00
      OCPPMiddleware.SendOcpp16Message=> Error dumping message to path: 'wwwroot/Logs/OCPP\2024-04-08_10-52-27-8340_ocpp16-out.txt'
System.IO.DirectoryNotFoundException: Could not find a part of the path 'D:\Insitu\SOLAREV_PLATFORM\SolarEV_OCPP_V4.1_191023\FocusEV.OCPP.Server\wwwroot\Logs\OCPP\2024-04-08_10-52-27-8340_ocpp16-out.txt'.
   at Microsoft.Win32.SafeHandles.SafeFileHandle.CreateFile(String fullPath, FileMode mode, FileAccess access, FileShare share, FileOptions options)
   at Microsoft.Win32.SafeHandles.SafeFileHandle.Open(String fullPath, FileMode mode, FileAccess access, FileShare share, FileOptions options, Int64 preallocationSize)
   at System.IO.Strategies.OSFileStreamStrategy..ctor(String path, FileMode mode, FileAccess access, FileShare share, FileOptions options, Int64 preallocationSize)
   at System.IO.Strategies.FileStreamHelpers.ChooseStrategyCore(String path, FileMode mode, FileAccess access, FileShare share, FileOptions options, Int64 preallocationSize)
   at System.IO.Strategies.FileStreamHelpers.ChooseStrategy(FileStream fileStream, String path, FileMode mode, FileAccess access, FileShare share, Int32 bufferSize, FileOptions options, Int64 preallocationSize)
   at System.IO.StreamWriter.ValidateArgsAndOpenPath(String path, Boolean append, Encoding encoding, Int32 bufferSize)
   at System.IO.File.WriteAllText(String path, String contents)
   at FocusEV.OCPP.Server.OCPPMiddleware.SendOcpp16Message(OCPPMessage msg, ILogger logger, WebSocket webSocket) in D:\Insitu\SOLAREV_PLATFORM\SolarEV_OCPP_V4.1_191023\FocusEV.OCPP.Server\OCPPMiddleware.OCPP16.cs:line 573
trce: OCPPMiddleware[0] @ 2024-04-08T10:52:33.0617272+07:00
      My Log Path/
trce: OCPPMiddleware[0] @ 2024-04-08T10:52:33.0617545+07:00
      OCPPMiddleware => Websocket request: Path='/'
trce: OCPPMiddleware[0] @ 2024-04-08T10:52:33.0617902+07:00
      OCPPMiddleware => Index status page
trce: OCPPMiddleware[0] @ 2024-04-08T10:52:33.7770807+07:00
      My Log Path/favicon.ico
trce: OCPPMiddleware[0] @ 2024-04-08T10:52:33.7771035+07:00
      OCPPMiddleware => Websocket request: Path='/favicon.ico'
warn: OCPPMiddleware[0] @ 2024-04-08T10:52:33.7838107+07:00
      OCPPMiddleware => Bad path request
trce: OCPPMiddleware[0] @ 2024-04-08T10:56:41.1619470+07:00
      My Log Path/
trce: OCPPMiddleware[0] @ 2024-04-08T10:56:41.1619911+07:00
      OCPPMiddleware => Websocket request: Path='/'
trce: OCPPMiddleware[0] @ 2024-04-08T10:56:41.1620249+07:00
      OCPPMiddleware => Index status page
trce: OCPPMiddleware[0] @ 2024-04-08T10:56:41.7993610+07:00
      My Log Path/favicon.ico
trce: OCPPMiddleware[0] @ 2024-04-08T10:56:41.7993904+07:00
      OCPPMiddleware => Websocket request: Path='/favicon.ico'
warn: OCPPMiddleware[0] @ 2024-04-08T10:56:41.8017101+07:00
      OCPPMiddleware => Bad path request
trce: OCPPMiddleware.OCPP16[0] @ 2024-04-08T10:57:27.9488483+07:00
      OCPPMiddleware.Receive16 => Receiving segment: 57 bytes (EndOfMessage=True / MsgType=Text)
fail: OCPPMiddleware.OCPP16[0] @ 2024-04-08T10:57:28.0118279+07:00
      OCPPMiddleware.Receive16 => Error dumping incoming message to path: 'wwwroot/Logs/OCPP\2024-04-08_10-57-27-9489_ocpp16-in.txt'
System.IO.DirectoryNotFoundException: Could not find a part of the path 'D:\Insitu\SOLAREV_PLATFORM\SolarEV_OCPP_V4.1_191023\FocusEV.OCPP.Server\wwwroot\Logs\OCPP\2024-04-08_10-57-27-9489_ocpp16-in.txt'.
   at Microsoft.Win32.SafeHandles.SafeFileHandle.CreateFile(String fullPath, FileMode mode, FileAccess access, FileShare share, FileOptions options)
   at Microsoft.Win32.SafeHandles.SafeFileHandle.Open(String fullPath, FileMode mode, FileAccess access, FileShare share, FileOptions options, Int64 preallocationSize)
   at System.IO.File.OpenHandle(String path, FileMode mode, FileAccess access, FileShare share, FileOptions options, Int64 preallocationSize)
   at System.IO.File.WriteAllBytes(String path, Byte[] bytes)
   at FocusEV.OCPP.Server.OCPPMiddleware.Receive16(ChargePointStatus chargePointStatus, HttpContext context) in D:\Insitu\SOLAREV_PLATFORM\SolarEV_OCPP_V4.1_191023\FocusEV.OCPP.Server\OCPPMiddleware.OCPP16.cs:line 402
info: OCPPMiddleware.OCPP16[0] @ 2024-04-08T10:57:28.0143841+07:00
      OCPPMiddleware.Receive16 => OCPP-Message: Type=2 / ID=fRnvX9GLbVi89KGCwZPyBbp32b4f31As4S9N / Action=Heartbeat)
trce: OCPPMiddleware.OCPP16[0] @ 2024-04-08T10:57:28.3477274+07:00
      OCPPMiddleware.OCPP16 => SendOcppMessage: [3,"fRnvX9GLbVi89KGCwZPyBbp32b4f31As4S9N",{"currentTime":"2024-04-08T03:57:28.0191688+00:00"}]
fail: OCPPMiddleware.OCPP16[0] @ 2024-04-08T10:57:28.3812181+07:00
      OCPPMiddleware.SendOcpp16Message=> Error dumping message to path: 'wwwroot/Logs/OCPP\2024-04-08_10-57-28-3477_ocpp16-out.txt'
System.IO.DirectoryNotFoundException: Could not find a part of the path 'D:\Insitu\SOLAREV_PLATFORM\SolarEV_OCPP_V4.1_191023\FocusEV.OCPP.Server\wwwroot\Logs\OCPP\2024-04-08_10-57-28-3477_ocpp16-out.txt'.
   at Microsoft.Win32.SafeHandles.SafeFileHandle.CreateFile(String fullPath, FileMode mode, FileAccess access, FileShare share, FileOptions options)
   at Microsoft.Win32.SafeHandles.SafeFileHandle.Open(String fullPath, FileMode mode, FileAccess access, FileShare share, FileOptions options, Int64 preallocationSize)
   at System.IO.Strategies.OSFileStreamStrategy..ctor(String path, FileMode mode, FileAccess access, FileShare share, FileOptions options, Int64 preallocationSize)
   at System.IO.Strategies.FileStreamHelpers.ChooseStrategyCore(String path, FileMode mode, FileAccess access, FileShare share, FileOptions options, Int64 preallocationSize)
   at System.IO.Strategies.FileStreamHelpers.ChooseStrategy(FileStream fileStream, String path, FileMode mode, FileAccess access, FileShare share, Int32 bufferSize, FileOptions options, Int64 preallocationSize)
   at System.IO.StreamWriter.ValidateArgsAndOpenPath(String path, Boolean append, Encoding encoding, Int32 bufferSize)
   at System.IO.File.WriteAllText(String path, String contents)
   at FocusEV.OCPP.Server.OCPPMiddleware.SendOcpp16Message(OCPPMessage msg, ILogger logger, WebSocket webSocket) in D:\Insitu\SOLAREV_PLATFORM\SolarEV_OCPP_V4.1_191023\FocusEV.OCPP.Server\OCPPMiddleware.OCPP16.cs:line 573
trce: OCPPMiddleware[0] @ 2024-04-08T11:00:57.8531191+07:00
      My Log Path/
trce: OCPPMiddleware[0] @ 2024-04-08T11:00:57.8531618+07:00
      OCPPMiddleware => Websocket request: Path='/'
trce: OCPPMiddleware[0] @ 2024-04-08T11:00:57.8531966+07:00
      OCPPMiddleware => Index status page
trce: OCPPMiddleware[0] @ 2024-04-08T11:00:58.4372228+07:00
      My Log Path/favicon.ico
trce: OCPPMiddleware[0] @ 2024-04-08T11:00:58.4372488+07:00
      OCPPMiddleware => Websocket request: Path='/favicon.ico'
warn: OCPPMiddleware[0] @ 2024-04-08T11:00:58.4402201+07:00
      OCPPMiddleware => Bad path request
trce: OCPPMiddleware.OCPP16[0] @ 2024-04-08T11:02:28.6873905+07:00
      OCPPMiddleware.Receive16 => Receiving segment: 57 bytes (EndOfMessage=True / MsgType=Text)
fail: OCPPMiddleware.OCPP16[0] @ 2024-04-08T11:02:28.7287604+07:00
      OCPPMiddleware.Receive16 => Error dumping incoming message to path: 'wwwroot/Logs/OCPP\2024-04-08_11-02-28-6875_ocpp16-in.txt'
System.IO.DirectoryNotFoundException: Could not find a part of the path 'D:\Insitu\SOLAREV_PLATFORM\SolarEV_OCPP_V4.1_191023\FocusEV.OCPP.Server\wwwroot\Logs\OCPP\2024-04-08_11-02-28-6875_ocpp16-in.txt'.
   at Microsoft.Win32.SafeHandles.SafeFileHandle.CreateFile(String fullPath, FileMode mode, FileAccess access, FileShare share, FileOptions options)
   at Microsoft.Win32.SafeHandles.SafeFileHandle.Open(String fullPath, FileMode mode, FileAccess access, FileShare share, FileOptions options, Int64 preallocationSize)
   at System.IO.File.OpenHandle(String path, FileMode mode, FileAccess access, FileShare share, FileOptions options, Int64 preallocationSize)
   at System.IO.File.WriteAllBytes(String path, Byte[] bytes)
   at FocusEV.OCPP.Server.OCPPMiddleware.Receive16(ChargePointStatus chargePointStatus, HttpContext context) in D:\Insitu\SOLAREV_PLATFORM\SolarEV_OCPP_V4.1_191023\FocusEV.OCPP.Server\OCPPMiddleware.OCPP16.cs:line 402
info: OCPPMiddleware.OCPP16[0] @ 2024-04-08T11:02:28.7312587+07:00
      OCPPMiddleware.Receive16 => OCPP-Message: Type=2 / ID=fRnvX9GLbVi89KGCwZPyBbp32b4f31As4S9N / Action=Heartbeat)
trce: OCPPMiddleware.OCPP16[0] @ 2024-04-08T11:02:28.9675035+07:00
      OCPPMiddleware.OCPP16 => SendOcppMessage: [3,"fRnvX9GLbVi89KGCwZPyBbp32b4f31As4S9N",{"currentTime":"2024-04-08T04:02:28.7312998+00:00"}]
fail: OCPPMiddleware.OCPP16[0] @ 2024-04-08T11:02:29.0141760+07:00
      OCPPMiddleware.SendOcpp16Message=> Error dumping message to path: 'wwwroot/Logs/OCPP\2024-04-08_11-02-28-9675_ocpp16-out.txt'
System.IO.DirectoryNotFoundException: Could not find a part of the path 'D:\Insitu\SOLAREV_PLATFORM\SolarEV_OCPP_V4.1_191023\FocusEV.OCPP.Server\wwwroot\Logs\OCPP\2024-04-08_11-02-28-9675_ocpp16-out.txt'.
   at Microsoft.Win32.SafeHandles.SafeFileHandle.CreateFile(String fullPath, FileMode mode, FileAccess access, FileShare share, FileOptions options)
   at Microsoft.Win32.SafeHandles.SafeFileHandle.Open(String fullPath, FileMode mode, FileAccess access, FileShare share, FileOptions options, Int64 preallocationSize)
   at System.IO.Strategies.OSFileStreamStrategy..ctor(String path, FileMode mode, FileAccess access, FileShare share, FileOptions options, Int64 preallocationSize)
   at System.IO.Strategies.FileStreamHelpers.ChooseStrategyCore(String path, FileMode mode, FileAccess access, FileShare share, FileOptions options, Int64 preallocationSize)
   at System.IO.Strategies.FileStreamHelpers.ChooseStrategy(FileStream fileStream, String path, FileMode mode, FileAccess access, FileShare share, Int32 bufferSize, FileOptions options, Int64 preallocationSize)
   at System.IO.StreamWriter.ValidateArgsAndOpenPath(String path, Boolean append, Encoding encoding, Int32 bufferSize)
   at System.IO.File.WriteAllText(String path, String contents)
   at FocusEV.OCPP.Server.OCPPMiddleware.SendOcpp16Message(OCPPMessage msg, ILogger logger, WebSocket webSocket) in D:\Insitu\SOLAREV_PLATFORM\SolarEV_OCPP_V4.1_191023\FocusEV.OCPP.Server\OCPPMiddleware.OCPP16.cs:line 573
trce: OCPPMiddleware.OCPP16[0] @ 2024-04-08T11:07:28.7186213+07:00
      OCPPMiddleware.Receive16 => Receiving segment: 57 bytes (EndOfMessage=True / MsgType=Text)
fail: OCPPMiddleware.OCPP16[0] @ 2024-04-08T11:07:28.7697396+07:00
      OCPPMiddleware.Receive16 => Error dumping incoming message to path: 'wwwroot/Logs/OCPP\2024-04-08_11-07-28-7188_ocpp16-in.txt'
System.IO.DirectoryNotFoundException: Could not find a part of the path 'D:\Insitu\SOLAREV_PLATFORM\SolarEV_OCPP_V4.1_191023\FocusEV.OCPP.Server\wwwroot\Logs\OCPP\2024-04-08_11-07-28-7188_ocpp16-in.txt'.
   at Microsoft.Win32.SafeHandles.SafeFileHandle.CreateFile(String fullPath, FileMode mode, FileAccess access, FileShare share, FileOptions options)
   at Microsoft.Win32.SafeHandles.SafeFileHandle.Open(String fullPath, FileMode mode, FileAccess access, FileShare share, FileOptions options, Int64 preallocationSize)
   at System.IO.File.OpenHandle(String path, FileMode mode, FileAccess access, FileShare share, FileOptions options, Int64 preallocationSize)
   at System.IO.File.WriteAllBytes(String path, Byte[] bytes)
   at FocusEV.OCPP.Server.OCPPMiddleware.Receive16(ChargePointStatus chargePointStatus, HttpContext context) in D:\Insitu\SOLAREV_PLATFORM\SolarEV_OCPP_V4.1_191023\FocusEV.OCPP.Server\OCPPMiddleware.OCPP16.cs:line 402
info: OCPPMiddleware.OCPP16[0] @ 2024-04-08T11:07:28.7728661+07:00
      OCPPMiddleware.Receive16 => OCPP-Message: Type=2 / ID=fRnvX9GLbVi89KGCwZPyBbp32b4f31As4S9N / Action=Heartbeat)
trce: OCPPMiddleware.OCPP16[0] @ 2024-04-08T11:07:29.0098779+07:00
      OCPPMiddleware.OCPP16 => SendOcppMessage: [3,"fRnvX9GLbVi89KGCwZPyBbp32b4f31As4S9N",{"currentTime":"2024-04-08T04:07:28.7729443+00:00"}]
fail: OCPPMiddleware.OCPP16[0] @ 2024-04-08T11:07:29.0576169+07:00
      OCPPMiddleware.SendOcpp16Message=> Error dumping message to path: 'wwwroot/Logs/OCPP\2024-04-08_11-07-29-0099_ocpp16-out.txt'
System.IO.DirectoryNotFoundException: Could not find a part of the path 'D:\Insitu\SOLAREV_PLATFORM\SolarEV_OCPP_V4.1_191023\FocusEV.OCPP.Server\wwwroot\Logs\OCPP\2024-04-08_11-07-29-0099_ocpp16-out.txt'.
   at Microsoft.Win32.SafeHandles.SafeFileHandle.CreateFile(String fullPath, FileMode mode, FileAccess access, FileShare share, FileOptions options)
   at Microsoft.Win32.SafeHandles.SafeFileHandle.Open(String fullPath, FileMode mode, FileAccess access, FileShare share, FileOptions options, Int64 preallocationSize)
   at System.IO.Strategies.OSFileStreamStrategy..ctor(String path, FileMode mode, FileAccess access, FileShare share, FileOptions options, Int64 preallocationSize)
   at System.IO.Strategies.FileStreamHelpers.ChooseStrategyCore(String path, FileMode mode, FileAccess access, FileShare share, FileOptions options, Int64 preallocationSize)
   at System.IO.Strategies.FileStreamHelpers.ChooseStrategy(FileStream fileStream, String path, FileMode mode, FileAccess access, FileShare share, Int32 bufferSize, FileOptions options, Int64 preallocationSize)
   at System.IO.StreamWriter.ValidateArgsAndOpenPath(String path, Boolean append, Encoding encoding, Int32 bufferSize)
   at System.IO.File.WriteAllText(String path, String contents)
   at FocusEV.OCPP.Server.OCPPMiddleware.SendOcpp16Message(OCPPMessage msg, ILogger logger, WebSocket webSocket) in D:\Insitu\SOLAREV_PLATFORM\SolarEV_OCPP_V4.1_191023\FocusEV.OCPP.Server\OCPPMiddleware.OCPP16.cs:line 573
info: OCPPMiddleware.OCPP16[0] @ 2024-04-08T11:12:23.1796057+07:00
      OCPPMiddleware.Receive16 => WebSocket Closed: CloseStatus=3001 / MessageType=Close
info: OCPPMiddleware.OCPP16[0] @ 2024-04-08T11:12:23.1846107+07:00
      OCPPMiddleware.Receive16 => Websocket closed: State=Closed / CloseStatus=3001
trce: OCPPMiddleware[0] @ 2024-04-08T11:43:15.3305980+07:00
      My Log Path/OCPP/atlast01
trce: OCPPMiddleware[0] @ 2024-04-08T11:43:15.3306426+07:00
      OCPPMiddleware => Websocket request: Path='/OCPP/atlast01'
info: OCPPMiddleware[0] @ 2024-04-08T11:43:15.3325234+07:00
      OCPPMiddleware => Connection request with chargepoint identifier = 'atlast01'
warn: OCPPMiddleware[0] @ 2024-04-08T11:43:15.4780543+07:00
      OCPPMiddleware => FAILURE: Found no chargepoint with identifier=atlast01
trce: OCPPMiddleware[0] @ 2024-04-08T11:43:15.4781292+07:00
      OCPPMiddleware => no chargepoint: http 412
trce: OCPPMiddleware[0] @ 2024-04-08T11:43:15.9728199+07:00
      My Log Path/OCPP/atlast01
trce: OCPPMiddleware[0] @ 2024-04-08T11:43:15.9728526+07:00
      OCPPMiddleware => Websocket request: Path='/OCPP/atlast01'
info: OCPPMiddleware[0] @ 2024-04-08T11:43:15.9751616+07:00
      OCPPMiddleware => Connection request with chargepoint identifier = 'atlast01'
warn: OCPPMiddleware[0] @ 2024-04-08T11:43:16.0378709+07:00
      OCPPMiddleware => FAILURE: Found no chargepoint with identifier=atlast01
trce: OCPPMiddleware[0] @ 2024-04-08T11:43:16.0380701+07:00
      OCPPMiddleware => no chargepoint: http 412
trce: OCPPMiddleware[0] @ 2024-04-08T11:43:16.6441160+07:00
      My Log Path/OCPP/atlast01
trce: OCPPMiddleware[0] @ 2024-04-08T11:43:16.6441384+07:00
      OCPPMiddleware => Websocket request: Path='/OCPP/atlast01'
info: OCPPMiddleware[0] @ 2024-04-08T11:43:16.6464758+07:00
      OCPPMiddleware => Connection request with chargepoint identifier = 'atlast01'
warn: OCPPMiddleware[0] @ 2024-04-08T11:43:16.6763432+07:00
      OCPPMiddleware => FAILURE: Found no chargepoint with identifier=atlast01
trce: OCPPMiddleware[0] @ 2024-04-08T11:43:16.6764400+07:00
      OCPPMiddleware => no chargepoint: http 412
trce: OCPPMiddleware[0] @ 2024-04-08T11:43:17.2009379+07:00
      My Log Path/OCPP/atlast01
trce: OCPPMiddleware[0] @ 2024-04-08T11:43:17.2009630+07:00
      OCPPMiddleware => Websocket request: Path='/OCPP/atlast01'
info: OCPPMiddleware[0] @ 2024-04-08T11:43:17.2035006+07:00
      OCPPMiddleware => Connection request with chargepoint identifier = 'atlast01'
warn: OCPPMiddleware[0] @ 2024-04-08T11:43:17.2322895+07:00
      OCPPMiddleware => FAILURE: Found no chargepoint with identifier=atlast01
trce: OCPPMiddleware[0] @ 2024-04-08T11:43:17.2323705+07:00
      OCPPMiddleware => no chargepoint: http 412
trce: OCPPMiddleware[0] @ 2024-04-08T11:43:17.9603238+07:00
      My Log Path/OCPP/atlast01
trce: OCPPMiddleware[0] @ 2024-04-08T11:43:17.9603508+07:00
      OCPPMiddleware => Websocket request: Path='/OCPP/atlast01'
info: OCPPMiddleware[0] @ 2024-04-08T11:43:17.9624051+07:00
      OCPPMiddleware => Connection request with chargepoint identifier = 'atlast01'
warn: OCPPMiddleware[0] @ 2024-04-08T11:43:17.9916890+07:00
      OCPPMiddleware => FAILURE: Found no chargepoint with identifier=atlast01
trce: OCPPMiddleware[0] @ 2024-04-08T11:43:17.9917413+07:00
      OCPPMiddleware => no chargepoint: http 412
trce: OCPPMiddleware[0] @ 2024-04-08T11:43:18.7256620+07:00
      My Log Path/OCPP/atlast01
trce: OCPPMiddleware[0] @ 2024-04-08T11:43:18.7256915+07:00
      OCPPMiddleware => Websocket request: Path='/OCPP/atlast01'
info: OCPPMiddleware[0] @ 2024-04-08T11:43:18.7284714+07:00
      OCPPMiddleware => Connection request with chargepoint identifier = 'atlast01'
warn: OCPPMiddleware[0] @ 2024-04-08T11:43:18.7710565+07:00
      OCPPMiddleware => FAILURE: Found no chargepoint with identifier=atlast01
trce: OCPPMiddleware[0] @ 2024-04-08T11:43:18.7711530+07:00
      OCPPMiddleware => no chargepoint: http 412
trce: OCPPMiddleware[0] @ 2024-04-08T11:43:19.5588721+07:00
      My Log Path/OCPP/atlast01
trce: OCPPMiddleware[0] @ 2024-04-08T11:43:19.5588945+07:00
      OCPPMiddleware => Websocket request: Path='/OCPP/atlast01'
info: OCPPMiddleware[0] @ 2024-04-08T11:43:19.5606918+07:00
      OCPPMiddleware => Connection request with chargepoint identifier = 'atlast01'
warn: OCPPMiddleware[0] @ 2024-04-08T11:43:19.5898025+07:00
      OCPPMiddleware => FAILURE: Found no chargepoint with identifier=atlast01
trce: OCPPMiddleware[0] @ 2024-04-08T11:43:19.5898617+07:00
      OCPPMiddleware => no chargepoint: http 412
trce: OCPPMiddleware[0] @ 2024-04-08T11:43:20.3244285+07:00
      My Log Path/OCPP/atlast01
trce: OCPPMiddleware[0] @ 2024-04-08T11:43:20.3244567+07:00
      OCPPMiddleware => Websocket request: Path='/OCPP/atlast01'
info: OCPPMiddleware[0] @ 2024-04-08T11:43:20.3262303+07:00
      OCPPMiddleware => Connection request with chargepoint identifier = 'atlast01'
warn: OCPPMiddleware[0] @ 2024-04-08T11:43:20.3557228+07:00
      OCPPMiddleware => FAILURE: Found no chargepoint with identifier=atlast01
trce: OCPPMiddleware[0] @ 2024-04-08T11:43:20.3557711+07:00
      OCPPMiddleware => no chargepoint: http 412
trce: OCPPMiddleware[0] @ 2024-04-08T11:43:20.9770784+07:00
      My Log Path/OCPP/atlast01
trce: OCPPMiddleware[0] @ 2024-04-08T11:43:20.9771068+07:00
      OCPPMiddleware => Websocket request: Path='/OCPP/atlast01'
info: OCPPMiddleware[0] @ 2024-04-08T11:43:20.9788162+07:00
      OCPPMiddleware => Connection request with chargepoint identifier = 'atlast01'
warn: OCPPMiddleware[0] @ 2024-04-08T11:43:21.0230823+07:00
      OCPPMiddleware => FAILURE: Found no chargepoint with identifier=atlast01
trce: OCPPMiddleware[0] @ 2024-04-08T11:43:21.0231462+07:00
      OCPPMiddleware => no chargepoint: http 412
trce: OCPPMiddleware[0] @ 2024-04-08T11:43:21.8285801+07:00
      My Log Path/OCPP/atlast01
trce: OCPPMiddleware[0] @ 2024-04-08T11:43:21.8286065+07:00
      OCPPMiddleware => Websocket request: Path='/OCPP/atlast01'
info: OCPPMiddleware[0] @ 2024-04-08T11:43:21.8312980+07:00
      OCPPMiddleware => Connection request with chargepoint identifier = 'atlast01'
warn: OCPPMiddleware[0] @ 2024-04-08T11:43:21.8630768+07:00
      OCPPMiddleware => FAILURE: Found no chargepoint with identifier=atlast01
trce: OCPPMiddleware[0] @ 2024-04-08T11:43:21.8631272+07:00
      OCPPMiddleware => no chargepoint: http 412
trce: OCPPMiddleware[0] @ 2024-04-08T11:43:22.9472652+07:00
      My Log Path/OCPP/atlast01
trce: OCPPMiddleware[0] @ 2024-04-08T11:43:22.9472971+07:00
      OCPPMiddleware => Websocket request: Path='/OCPP/atlast01'
info: OCPPMiddleware[0] @ 2024-04-08T11:43:22.9497895+07:00
      OCPPMiddleware => Connection request with chargepoint identifier = 'atlast01'
warn: OCPPMiddleware[0] @ 2024-04-08T11:43:22.9842438+07:00
      OCPPMiddleware => FAILURE: Found no chargepoint with identifier=atlast01
trce: OCPPMiddleware[0] @ 2024-04-08T11:43:22.9842935+07:00
      OCPPMiddleware => no chargepoint: http 412
trce: OCPPMiddleware[0] @ 2024-04-08T11:43:24.7444577+07:00
      My Log Path/OCPP/atlast01
trce: OCPPMiddleware[0] @ 2024-04-08T11:43:24.7444821+07:00
      OCPPMiddleware => Websocket request: Path='/OCPP/atlast01'
info: OCPPMiddleware[0] @ 2024-04-08T11:43:24.7462675+07:00
      OCPPMiddleware => Connection request with chargepoint identifier = 'atlast01'
warn: OCPPMiddleware[0] @ 2024-04-08T11:43:24.7760189+07:00
      OCPPMiddleware => FAILURE: Found no chargepoint with identifier=atlast01
trce: OCPPMiddleware[0] @ 2024-04-08T11:43:24.7760913+07:00
      OCPPMiddleware => no chargepoint: http 412
trce: OCPPMiddleware[0] @ 2024-04-08T11:43:25.7273509+07:00
      My Log Path/OCPP/atlast01
trce: OCPPMiddleware[0] @ 2024-04-08T11:43:25.7273818+07:00
      OCPPMiddleware => Websocket request: Path='/OCPP/atlast01'
info: OCPPMiddleware[0] @ 2024-04-08T11:43:25.7296339+07:00
      OCPPMiddleware => Connection request with chargepoint identifier = 'atlast01'
warn: OCPPMiddleware[0] @ 2024-04-08T11:43:25.7927339+07:00
      OCPPMiddleware => FAILURE: Found no chargepoint with identifier=atlast01
trce: OCPPMiddleware[0] @ 2024-04-08T11:43:25.7927964+07:00
      OCPPMiddleware => no chargepoint: http 412
trce: OCPPMiddleware[0] @ 2024-04-08T11:43:28.1870517+07:00
      My Log Path/OCPP/atlast01
trce: OCPPMiddleware[0] @ 2024-04-08T11:43:28.1870801+07:00
      OCPPMiddleware => Websocket request: Path='/OCPP/atlast01'
info: OCPPMiddleware[0] @ 2024-04-08T11:43:28.1889122+07:00
      OCPPMiddleware => Connection request with chargepoint identifier = 'atlast01'
warn: OCPPMiddleware[0] @ 2024-04-08T11:43:28.2280899+07:00
      OCPPMiddleware => FAILURE: Found no chargepoint with identifier=atlast01
trce: OCPPMiddleware[0] @ 2024-04-08T11:43:28.2281764+07:00
      OCPPMiddleware => no chargepoint: http 412
trce: OCPPMiddleware[0] @ 2024-04-08T11:43:31.8141158+07:00
      My Log Path/OCPP/atlast01
trce: OCPPMiddleware[0] @ 2024-04-08T11:43:31.8141463+07:00
      OCPPMiddleware => Websocket request: Path='/OCPP/atlast01'
info: OCPPMiddleware[0] @ 2024-04-08T11:43:31.8164840+07:00
      OCPPMiddleware => Connection request with chargepoint identifier = 'atlast01'
warn: OCPPMiddleware[0] @ 2024-04-08T11:43:31.8492122+07:00
      OCPPMiddleware => FAILURE: Found no chargepoint with identifier=atlast01
trce: OCPPMiddleware[0] @ 2024-04-08T11:43:31.8492632+07:00
      OCPPMiddleware => no chargepoint: http 412
trce: OCPPMiddleware[0] @ 2024-04-08T11:44:25.9411394+07:00
      My Log Path/OCPP/atlast01
trce: OCPPMiddleware[0] @ 2024-04-08T11:44:25.9411777+07:00
      OCPPMiddleware => Websocket request: Path='/OCPP/atlast01'
info: OCPPMiddleware[0] @ 2024-04-08T11:44:25.9431541+07:00
      OCPPMiddleware => Connection request with chargepoint identifier = 'atlast01'
warn: OCPPMiddleware[0] @ 2024-04-08T11:44:25.9915049+07:00
      OCPPMiddleware => FAILURE: Found no chargepoint with identifier=atlast01
trce: OCPPMiddleware[0] @ 2024-04-08T11:44:25.9915519+07:00
      OCPPMiddleware => no chargepoint: http 412
trce: OCPPMiddleware[0] @ 2024-04-08T12:01:57.1058025+07:00
      My Log Path/
trce: OCPPMiddleware[0] @ 2024-04-08T12:01:57.1413188+07:00
      OCPPMiddleware => Websocket request: Path='/'
trce: OCPPMiddleware[0] @ 2024-04-08T12:01:57.1415507+07:00
      OCPPMiddleware => Index status page
trce: OCPPMiddleware[0] @ 2024-04-08T12:01:57.9861051+07:00
      My Log Path/favicon.ico
trce: OCPPMiddleware[0] @ 2024-04-08T12:01:57.9862436+07:00
      OCPPMiddleware => Websocket request: Path='/favicon.ico'
warn: OCPPMiddleware[0] @ 2024-04-08T12:01:58.0389120+07:00
      OCPPMiddleware => Bad path request
trce: OCPPMiddleware[0] @ 2024-04-08T12:02:02.8805213+07:00
      My Log Path/test
trce: OCPPMiddleware[0] @ 2024-04-08T12:02:02.8818685+07:00
      OCPPMiddleware => Websocket request: Path='/test'
warn: OCPPMiddleware[0] @ 2024-04-08T12:02:02.8845873+07:00
      OCPPMiddleware => Bad path request
fail: Microsoft.AspNetCore.Diagnostics.DeveloperExceptionPageMiddleware[UnhandledException] @ 2024-04-08T12:02:03.1238618+07:00
      An unhandled exception has occurred while executing the request.
System.InvalidOperationException: StatusCode cannot be set because the response has already started.
   at Microsoft.AspNetCore.Server.IIS.Core.IISHttpContext.ThrowResponseAlreadyStartedException(String name)
   at Microsoft.AspNetCore.Server.IIS.Core.IISHttpContext.set_StatusCode(Int32 value)
   at Microsoft.AspNetCore.Server.IIS.Core.IISHttpContext.Microsoft.AspNetCore.Http.Features.IHttpResponseFeature.set_StatusCode(Int32 value)
   at Microsoft.AspNetCore.Http.DefaultHttpResponse.set_StatusCode(Int32 value)
   at FocusEV.OCPP.Server.OCPPMiddleware.Invoke(HttpContext context) in D:\Insitu\SOLAREV_PLATFORM\SolarEV_OCPP_V4.1_191023\FocusEV.OCPP.Server\OCPPMiddleware.cs:line 665
   at Microsoft.AspNetCore.Diagnostics.DeveloperExceptionPageMiddleware.Invoke(HttpContext context)
warn: Microsoft.AspNetCore.Diagnostics.DeveloperExceptionPageMiddleware[ResponseStarted] @ 2024-04-08T12:02:03.1281753+07:00
      The response has already started, the error page middleware will not be executed.
fail: Microsoft.AspNetCore.Server.IIS.Core.IISHttpServer[ApplicationError] @ 2024-04-08T12:02:03.1522247+07:00
      Connection ID "18302628900129210436", Request ID "80000045-0003-fe00-b63f-84710c7967bb": An unhandled exception was thrown by the application.
System.InvalidOperationException: StatusCode cannot be set because the response has already started.
   at Microsoft.AspNetCore.Server.IIS.Core.IISHttpContext.ThrowResponseAlreadyStartedException(String name)
   at Microsoft.AspNetCore.Server.IIS.Core.IISHttpContext.set_StatusCode(Int32 value)
   at Microsoft.AspNetCore.Server.IIS.Core.IISHttpContext.Microsoft.AspNetCore.Http.Features.IHttpResponseFeature.set_StatusCode(Int32 value)
   at Microsoft.AspNetCore.Http.DefaultHttpResponse.set_StatusCode(Int32 value)
   at FocusEV.OCPP.Server.OCPPMiddleware.Invoke(HttpContext context) in D:\Insitu\SOLAREV_PLATFORM\SolarEV_OCPP_V4.1_191023\FocusEV.OCPP.Server\OCPPMiddleware.cs:line 665
   at Microsoft.AspNetCore.Diagnostics.DeveloperExceptionPageMiddleware.Invoke(HttpContext context)
   at Microsoft.AspNetCore.Diagnostics.DeveloperExceptionPageMiddleware.Invoke(HttpContext context)
   at Microsoft.WebTools.BrowserLink.Net.BrowserLinkMiddleware.ExecuteWithFilterAsync(IHttpSocketAdapter injectScriptSocket, String requestId, HttpContext httpContext)
   at Microsoft.AspNetCore.Watch.BrowserRefresh.BrowserRefreshMiddleware.InvokeAsync(HttpContext context)
   at Microsoft.AspNetCore.Server.IIS.Core.IISHttpContextOfT`1.ProcessRequestAsync()
trce: OCPPMiddleware[0] @ 2024-04-08T12:02:03.8006453+07:00
      My Log Path/favicon.ico
trce: OCPPMiddleware[0] @ 2024-04-08T12:02:03.8006798+07:00
      OCPPMiddleware => Websocket request: Path='/favicon.ico'
warn: OCPPMiddleware[0] @ 2024-04-08T12:02:03.8054965+07:00
      OCPPMiddleware => Bad path request
trce: OCPPMiddleware[0] @ 2024-04-08T12:02:29.6187779+07:00
      My Log Path/OCPP/InsituHCM
trce: OCPPMiddleware[0] @ 2024-04-08T12:02:29.6188291+07:00
      OCPPMiddleware => Websocket request: Path='/OCPP/InsituHCM'
info: OCPPMiddleware[0] @ 2024-04-08T12:02:29.6224576+07:00
      OCPPMiddleware => Connection request with chargepoint identifier = 'InsituHCM'
info: OCPPMiddleware[0] @ 2024-04-08T12:02:30.3159615+07:00
      OCPPMiddleware => SUCCESS: Found chargepoint with identifier=InsituHCM
info: OCPPMiddleware[0] @ 2024-04-08T12:02:30.3182726+07:00
      OCPPMiddleware => No authentication for chargepoint 'InsituHCM' configured
trce: OCPPMiddleware[0] @ 2024-04-08T12:02:30.3215615+07:00
      OCPPMiddleware => Store/Update status object
trce: OCPPMiddleware[0] @ 2024-04-08T12:02:30.3216179+07:00
      OCPPMiddleware => Waiting for message...
trce: OCPPMiddleware[0] @ 2024-04-08T12:02:30.3297359+07:00
      OCPPMiddleware => WebSocket connection with charge point 'InsituHCM'
trce: OCPPMiddleware.OCPP16[0] @ 2024-04-08T12:02:30.5427231+07:00
      OCPPMiddleware.Receive16 => Receiving segment: 326 bytes (EndOfMessage=True / MsgType=Text)
fail: OCPPMiddleware.OCPP16[0] @ 2024-04-08T12:02:30.6117458+07:00
      OCPPMiddleware.Receive16 => Error dumping incoming message to path: 'wwwroot/Logs/OCPP\2024-04-08_12-02-30-5434_ocpp16-in.txt'
System.IO.DirectoryNotFoundException: Could not find a part of the path 'D:\Insitu\SOLAREV_PLATFORM\SolarEV_OCPP_V4.1_191023\FocusEV.OCPP.Server\wwwroot\Logs\OCPP\2024-04-08_12-02-30-5434_ocpp16-in.txt'.
   at Microsoft.Win32.SafeHandles.SafeFileHandle.CreateFile(String fullPath, FileMode mode, FileAccess access, FileShare share, FileOptions options)
   at Microsoft.Win32.SafeHandles.SafeFileHandle.Open(String fullPath, FileMode mode, FileAccess access, FileShare share, FileOptions options, Int64 preallocationSize)
   at System.IO.File.OpenHandle(String path, FileMode mode, FileAccess access, FileShare share, FileOptions options, Int64 preallocationSize)
   at System.IO.File.WriteAllBytes(String path, Byte[] bytes)
   at FocusEV.OCPP.Server.OCPPMiddleware.Receive16(ChargePointStatus chargePointStatus, HttpContext context) in D:\Insitu\SOLAREV_PLATFORM\SolarEV_OCPP_V4.1_191023\FocusEV.OCPP.Server\OCPPMiddleware.OCPP16.cs:line 402
info: OCPPMiddleware.OCPP16[0] @ 2024-04-08T12:02:30.6218791+07:00
      OCPPMiddleware.Receive16 => OCPP-Message: Type=2 / ID=ShoFAToyMaAqrNptGo2nY2CP9OuBQNF1WNuO / Action=BootNotification)
trce: OCPPMiddleware.OCPP16[0] @ 2024-04-08T12:02:30.6225051+07:00
      My logBootNotification
trce: OCPPMiddleware.OCPP16[0] @ 2024-04-08T12:02:31.3085105+07:00
      OCPPMiddleware.OCPP16 => SendOcppMessage: [3,"ShoFAToyMaAqrNptGo2nY2CP9OuBQNF1WNuO",{"status":"Accepted","currentTime":"2024-04-08T05:02:30.9133696+00:00","interval":300}]
fail: OCPPMiddleware.OCPP16[0] @ 2024-04-08T12:02:31.3457848+07:00
      OCPPMiddleware.SendOcpp16Message=> Error dumping message to path: 'wwwroot/Logs/OCPP\2024-04-08_12-02-31-3085_ocpp16-out.txt'
System.IO.DirectoryNotFoundException: Could not find a part of the path 'D:\Insitu\SOLAREV_PLATFORM\SolarEV_OCPP_V4.1_191023\FocusEV.OCPP.Server\wwwroot\Logs\OCPP\2024-04-08_12-02-31-3085_ocpp16-out.txt'.
   at Microsoft.Win32.SafeHandles.SafeFileHandle.CreateFile(String fullPath, FileMode mode, FileAccess access, FileShare share, FileOptions options)
   at Microsoft.Win32.SafeHandles.SafeFileHandle.Open(String fullPath, FileMode mode, FileAccess access, FileShare share, FileOptions options, Int64 preallocationSize)
   at System.IO.Strategies.OSFileStreamStrategy..ctor(String path, FileMode mode, FileAccess access, FileShare share, FileOptions options, Int64 preallocationSize)
   at System.IO.Strategies.FileStreamHelpers.ChooseStrategyCore(String path, FileMode mode, FileAccess access, FileShare share, FileOptions options, Int64 preallocationSize)
   at System.IO.Strategies.FileStreamHelpers.ChooseStrategy(FileStream fileStream, String path, FileMode mode, FileAccess access, FileShare share, Int32 bufferSize, FileOptions options, Int64 preallocationSize)
   at System.IO.StreamWriter.ValidateArgsAndOpenPath(String path, Boolean append, Encoding encoding, Int32 bufferSize)
   at System.IO.File.WriteAllText(String path, String contents)
   at FocusEV.OCPP.Server.OCPPMiddleware.SendOcpp16Message(OCPPMessage msg, ILogger logger, WebSocket webSocket) in D:\Insitu\SOLAREV_PLATFORM\SolarEV_OCPP_V4.1_191023\FocusEV.OCPP.Server\OCPPMiddleware.OCPP16.cs:line 573
trce: OCPPMiddleware[0] @ 2024-04-08T12:02:50.1202886+07:00
      My Log Path/test
trce: OCPPMiddleware[0] @ 2024-04-08T12:02:50.1210119+07:00
      OCPPMiddleware => Websocket request: Path='/test'
warn: OCPPMiddleware[0] @ 2024-04-08T12:02:50.1233930+07:00
      OCPPMiddleware => Bad path request
fail: Microsoft.AspNetCore.Diagnostics.DeveloperExceptionPageMiddleware[UnhandledException] @ 2024-04-08T12:02:50.1517397+07:00
      An unhandled exception has occurred while executing the request.
System.InvalidOperationException: StatusCode cannot be set because the response has already started.
   at Microsoft.AspNetCore.Server.IIS.Core.IISHttpContext.ThrowResponseAlreadyStartedException(String name)
   at Microsoft.AspNetCore.Server.IIS.Core.IISHttpContext.set_StatusCode(Int32 value)
   at Microsoft.AspNetCore.Server.IIS.Core.IISHttpContext.Microsoft.AspNetCore.Http.Features.IHttpResponseFeature.set_StatusCode(Int32 value)
   at Microsoft.AspNetCore.Http.DefaultHttpResponse.set_StatusCode(Int32 value)
   at FocusEV.OCPP.Server.OCPPMiddleware.Invoke(HttpContext context) in D:\Insitu\SOLAREV_PLATFORM\SolarEV_OCPP_V4.1_191023\FocusEV.OCPP.Server\OCPPMiddleware.cs:line 665
   at Microsoft.AspNetCore.Diagnostics.DeveloperExceptionPageMiddleware.Invoke(HttpContext context)
warn: Microsoft.AspNetCore.Diagnostics.DeveloperExceptionPageMiddleware[ResponseStarted] @ 2024-04-08T12:02:50.1561285+07:00
      The response has already started, the error page middleware will not be executed.
fail: Microsoft.AspNetCore.Server.IIS.Core.IISHttpServer[ApplicationError] @ 2024-04-08T12:02:50.1738091+07:00
      Connection ID "18302628900129210436", Request ID "80000047-0003-fe00-b63f-84710c7967bb": An unhandled exception was thrown by the application.
System.InvalidOperationException: StatusCode cannot be set because the response has already started.
   at Microsoft.AspNetCore.Server.IIS.Core.IISHttpContext.ThrowResponseAlreadyStartedException(String name)
   at Microsoft.AspNetCore.Server.IIS.Core.IISHttpContext.set_StatusCode(Int32 value)
   at Microsoft.AspNetCore.Server.IIS.Core.IISHttpContext.Microsoft.AspNetCore.Http.Features.IHttpResponseFeature.set_StatusCode(Int32 value)
   at Microsoft.AspNetCore.Http.DefaultHttpResponse.set_StatusCode(Int32 value)
   at FocusEV.OCPP.Server.OCPPMiddleware.Invoke(HttpContext context) in D:\Insitu\SOLAREV_PLATFORM\SolarEV_OCPP_V4.1_191023\FocusEV.OCPP.Server\OCPPMiddleware.cs:line 665
   at Microsoft.AspNetCore.Diagnostics.DeveloperExceptionPageMiddleware.Invoke(HttpContext context)
   at Microsoft.AspNetCore.Diagnostics.DeveloperExceptionPageMiddleware.Invoke(HttpContext context)
   at Microsoft.WebTools.BrowserLink.Net.BrowserLinkMiddleware.ExecuteWithFilterAsync(IHttpSocketAdapter injectScriptSocket, String requestId, HttpContext httpContext)
   at Microsoft.AspNetCore.Watch.BrowserRefresh.BrowserRefreshMiddleware.InvokeAsync(HttpContext context)
   at Microsoft.AspNetCore.Server.IIS.Core.IISHttpContextOfT`1.ProcessRequestAsync()
trce: OCPPMiddleware[0] @ 2024-04-08T12:02:50.9078896+07:00
      My Log Path/favicon.ico
trce: OCPPMiddleware[0] @ 2024-04-08T12:02:50.9079236+07:00
      OCPPMiddleware => Websocket request: Path='/favicon.ico'
warn: OCPPMiddleware[0] @ 2024-04-08T12:02:50.9125879+07:00
      OCPPMiddleware => Bad path request
trce: OCPPMiddleware[0] @ 2024-04-08T12:03:01.7966477+07:00
      My Log Path/test
trce: OCPPMiddleware[0] @ 2024-04-08T12:03:01.7972709+07:00
      OCPPMiddleware => Websocket request: Path='/test'
warn: OCPPMiddleware[0] @ 2024-04-08T12:03:01.8006794+07:00
      OCPPMiddleware => Bad path request
fail: Microsoft.AspNetCore.Diagnostics.DeveloperExceptionPageMiddleware[UnhandledException] @ 2024-04-08T12:03:01.8285598+07:00
      An unhandled exception has occurred while executing the request.
System.InvalidOperationException: StatusCode cannot be set because the response has already started.
   at Microsoft.AspNetCore.Server.IIS.Core.IISHttpContext.ThrowResponseAlreadyStartedException(String name)
   at Microsoft.AspNetCore.Server.IIS.Core.IISHttpContext.set_StatusCode(Int32 value)
   at Microsoft.AspNetCore.Server.IIS.Core.IISHttpContext.Microsoft.AspNetCore.Http.Features.IHttpResponseFeature.set_StatusCode(Int32 value)
   at Microsoft.AspNetCore.Http.DefaultHttpResponse.set_StatusCode(Int32 value)
   at FocusEV.OCPP.Server.OCPPMiddleware.Invoke(HttpContext context) in D:\Insitu\SOLAREV_PLATFORM\SolarEV_OCPP_V4.1_191023\FocusEV.OCPP.Server\OCPPMiddleware.cs:line 665
   at Microsoft.AspNetCore.Diagnostics.DeveloperExceptionPageMiddleware.Invoke(HttpContext context)
warn: Microsoft.AspNetCore.Diagnostics.DeveloperExceptionPageMiddleware[ResponseStarted] @ 2024-04-08T12:03:01.8313602+07:00
      The response has already started, the error page middleware will not be executed.
fail: Microsoft.AspNetCore.Server.IIS.Core.IISHttpServer[ApplicationError] @ 2024-04-08T12:03:01.8378305+07:00
      Connection ID "18302628900129210436", Request ID "80000049-0003-fe00-b63f-84710c7967bb": An unhandled exception was thrown by the application.
System.InvalidOperationException: StatusCode cannot be set because the response has already started.
   at Microsoft.AspNetCore.Server.IIS.Core.IISHttpContext.ThrowResponseAlreadyStartedException(String name)
   at Microsoft.AspNetCore.Server.IIS.Core.IISHttpContext.set_StatusCode(Int32 value)
   at Microsoft.AspNetCore.Server.IIS.Core.IISHttpContext.Microsoft.AspNetCore.Http.Features.IHttpResponseFeature.set_StatusCode(Int32 value)
   at Microsoft.AspNetCore.Http.DefaultHttpResponse.set_StatusCode(Int32 value)
   at FocusEV.OCPP.Server.OCPPMiddleware.Invoke(HttpContext context) in D:\Insitu\SOLAREV_PLATFORM\SolarEV_OCPP_V4.1_191023\FocusEV.OCPP.Server\OCPPMiddleware.cs:line 665
   at Microsoft.AspNetCore.Diagnostics.DeveloperExceptionPageMiddleware.Invoke(HttpContext context)
   at Microsoft.AspNetCore.Diagnostics.DeveloperExceptionPageMiddleware.Invoke(HttpContext context)
   at Microsoft.WebTools.BrowserLink.Net.BrowserLinkMiddleware.ExecuteWithFilterAsync(IHttpSocketAdapter injectScriptSocket, String requestId, HttpContext httpContext)
   at Microsoft.AspNetCore.Watch.BrowserRefresh.BrowserRefreshMiddleware.InvokeAsync(HttpContext context)
   at Microsoft.AspNetCore.Server.IIS.Core.IISHttpContextOfT`1.ProcessRequestAsync()
trce: OCPPMiddleware[0] @ 2024-04-08T12:03:02.5356872+07:00
      My Log Path/favicon.ico
trce: OCPPMiddleware[0] @ 2024-04-08T12:03:02.5357550+07:00
      OCPPMiddleware => Websocket request: Path='/favicon.ico'
warn: OCPPMiddleware[0] @ 2024-04-08T12:03:02.5420070+07:00
      OCPPMiddleware => Bad path request
trce: OCPPMiddleware[0] @ 2024-04-08T12:04:26.1954218+07:00
      My Log Path/test
trce: OCPPMiddleware[0] @ 2024-04-08T12:04:26.1964484+07:00
      OCPPMiddleware => Websocket request: Path='/test'
warn: OCPPMiddleware[0] @ 2024-04-08T12:04:26.1992861+07:00
      OCPPMiddleware => Bad path request
fail: Microsoft.AspNetCore.Diagnostics.DeveloperExceptionPageMiddleware[UnhandledException] @ 2024-04-08T12:04:26.2266040+07:00
      An unhandled exception has occurred while executing the request.
System.InvalidOperationException: StatusCode cannot be set because the response has already started.
   at Microsoft.AspNetCore.Server.IIS.Core.IISHttpContext.ThrowResponseAlreadyStartedException(String name)
   at Microsoft.AspNetCore.Server.IIS.Core.IISHttpContext.set_StatusCode(Int32 value)
   at Microsoft.AspNetCore.Server.IIS.Core.IISHttpContext.Microsoft.AspNetCore.Http.Features.IHttpResponseFeature.set_StatusCode(Int32 value)
   at Microsoft.AspNetCore.Http.DefaultHttpResponse.set_StatusCode(Int32 value)
   at FocusEV.OCPP.Server.OCPPMiddleware.Invoke(HttpContext context) in D:\Insitu\SOLAREV_PLATFORM\SolarEV_OCPP_V4.1_191023\FocusEV.OCPP.Server\OCPPMiddleware.cs:line 665
   at Microsoft.AspNetCore.Diagnostics.DeveloperExceptionPageMiddleware.Invoke(HttpContext context)
warn: Microsoft.AspNetCore.Diagnostics.DeveloperExceptionPageMiddleware[ResponseStarted] @ 2024-04-08T12:04:26.2312981+07:00
      The response has already started, the error page middleware will not be executed.
fail: Microsoft.AspNetCore.Server.IIS.Core.IISHttpServer[ApplicationError] @ 2024-04-08T12:04:26.2507321+07:00
      Connection ID "18302628900129210436", Request ID "8000004b-0003-fe00-b63f-84710c7967bb": An unhandled exception was thrown by the application.
System.InvalidOperationException: StatusCode cannot be set because the response has already started.
   at Microsoft.AspNetCore.Server.IIS.Core.IISHttpContext.ThrowResponseAlreadyStartedException(String name)
   at Microsoft.AspNetCore.Server.IIS.Core.IISHttpContext.set_StatusCode(Int32 value)
   at Microsoft.AspNetCore.Server.IIS.Core.IISHttpContext.Microsoft.AspNetCore.Http.Features.IHttpResponseFeature.set_StatusCode(Int32 value)
   at Microsoft.AspNetCore.Http.DefaultHttpResponse.set_StatusCode(Int32 value)
   at FocusEV.OCPP.Server.OCPPMiddleware.Invoke(HttpContext context) in D:\Insitu\SOLAREV_PLATFORM\SolarEV_OCPP_V4.1_191023\FocusEV.OCPP.Server\OCPPMiddleware.cs:line 665
   at Microsoft.AspNetCore.Diagnostics.DeveloperExceptionPageMiddleware.Invoke(HttpContext context)
   at Microsoft.AspNetCore.Diagnostics.DeveloperExceptionPageMiddleware.Invoke(HttpContext context)
   at Microsoft.WebTools.BrowserLink.Net.BrowserLinkMiddleware.ExecuteWithFilterAsync(IHttpSocketAdapter injectScriptSocket, String requestId, HttpContext httpContext)
   at Microsoft.AspNetCore.Watch.BrowserRefresh.BrowserRefreshMiddleware.InvokeAsync(HttpContext context)
   at Microsoft.AspNetCore.Server.IIS.Core.IISHttpContextOfT`1.ProcessRequestAsync()
trce: OCPPMiddleware[0] @ 2024-04-08T12:04:26.8049348+07:00
      My Log Path/favicon.ico
trce: OCPPMiddleware[0] @ 2024-04-08T12:04:26.8049666+07:00
      OCPPMiddleware => Websocket request: Path='/favicon.ico'
warn: OCPPMiddleware[0] @ 2024-04-08T12:04:26.8374515+07:00
      OCPPMiddleware => Bad path request
trce: OCPPMiddleware.OCPP16[0] @ 2024-04-08T12:07:31.7099433+07:00
      OCPPMiddleware.Receive16 => Receiving segment: 57 bytes (EndOfMessage=True / MsgType=Text)
fail: OCPPMiddleware.OCPP16[0] @ 2024-04-08T12:07:31.7701838+07:00
      OCPPMiddleware.Receive16 => Error dumping incoming message to path: 'wwwroot/Logs/OCPP\2024-04-08_12-07-31-7101_ocpp16-in.txt'
System.IO.DirectoryNotFoundException: Could not find a part of the path 'D:\Insitu\SOLAREV_PLATFORM\SolarEV_OCPP_V4.1_191023\FocusEV.OCPP.Server\wwwroot\Logs\OCPP\2024-04-08_12-07-31-7101_ocpp16-in.txt'.
   at Microsoft.Win32.SafeHandles.SafeFileHandle.CreateFile(String fullPath, FileMode mode, FileAccess access, FileShare share, FileOptions options)
   at Microsoft.Win32.SafeHandles.SafeFileHandle.Open(String fullPath, FileMode mode, FileAccess access, FileShare share, FileOptions options, Int64 preallocationSize)
   at System.IO.File.OpenHandle(String path, FileMode mode, FileAccess access, FileShare share, FileOptions options, Int64 preallocationSize)
   at System.IO.File.WriteAllBytes(String path, Byte[] bytes)
   at FocusEV.OCPP.Server.OCPPMiddleware.Receive16(ChargePointStatus chargePointStatus, HttpContext context) in D:\Insitu\SOLAREV_PLATFORM\SolarEV_OCPP_V4.1_191023\FocusEV.OCPP.Server\OCPPMiddleware.OCPP16.cs:line 402
info: OCPPMiddleware.OCPP16[0] @ 2024-04-08T12:07:31.7733525+07:00
      OCPPMiddleware.Receive16 => OCPP-Message: Type=2 / ID=ShoFAToyMaAqrNptGo2nY2CP9OuBQNF1WNuO / Action=Heartbeat)
trce: OCPPMiddleware.OCPP16[0] @ 2024-04-08T12:07:32.0911863+07:00
      OCPPMiddleware.OCPP16 => SendOcppMessage: [3,"ShoFAToyMaAqrNptGo2nY2CP9OuBQNF1WNuO",{"currentTime":"2024-04-08T05:07:31.7776239+00:00"}]
fail: OCPPMiddleware.OCPP16[0] @ 2024-04-08T12:07:32.1332637+07:00
      OCPPMiddleware.SendOcpp16Message=> Error dumping message to path: 'wwwroot/Logs/OCPP\2024-04-08_12-07-32-0912_ocpp16-out.txt'
System.IO.DirectoryNotFoundException: Could not find a part of the path 'D:\Insitu\SOLAREV_PLATFORM\SolarEV_OCPP_V4.1_191023\FocusEV.OCPP.Server\wwwroot\Logs\OCPP\2024-04-08_12-07-32-0912_ocpp16-out.txt'.
   at Microsoft.Win32.SafeHandles.SafeFileHandle.CreateFile(String fullPath, FileMode mode, FileAccess access, FileShare share, FileOptions options)
   at Microsoft.Win32.SafeHandles.SafeFileHandle.Open(String fullPath, FileMode mode, FileAccess access, FileShare share, FileOptions options, Int64 preallocationSize)
   at System.IO.Strategies.OSFileStreamStrategy..ctor(String path, FileMode mode, FileAccess access, FileShare share, FileOptions options, Int64 preallocationSize)
   at System.IO.Strategies.FileStreamHelpers.ChooseStrategyCore(String path, FileMode mode, FileAccess access, FileShare share, FileOptions options, Int64 preallocationSize)
   at System.IO.Strategies.FileStreamHelpers.ChooseStrategy(FileStream fileStream, String path, FileMode mode, FileAccess access, FileShare share, Int32 bufferSize, FileOptions options, Int64 preallocationSize)
   at System.IO.StreamWriter.ValidateArgsAndOpenPath(String path, Boolean append, Encoding encoding, Int32 bufferSize)
   at System.IO.File.WriteAllText(String path, String contents)
   at FocusEV.OCPP.Server.OCPPMiddleware.SendOcpp16Message(OCPPMessage msg, ILogger logger, WebSocket webSocket) in D:\Insitu\SOLAREV_PLATFORM\SolarEV_OCPP_V4.1_191023\FocusEV.OCPP.Server\OCPPMiddleware.OCPP16.cs:line 573
info: OCPPMiddleware.OCPP16[0] @ 2024-04-08T12:09:56.4750688+07:00
      OCPPMiddleware.Receive16 => WebSocket Closed: CloseStatus=3001 / MessageType=Close
info: OCPPMiddleware.OCPP16[0] @ 2024-04-08T12:09:56.4809402+07:00
      OCPPMiddleware.Receive16 => Websocket closed: State=Closed / CloseStatus=3001
trce: OCPPMiddleware[0] @ 2024-04-08T12:10:02.8070350+07:00
      My Log Path/OCPP/InsituHCM
trce: OCPPMiddleware[0] @ 2024-04-08T12:10:02.8070708+07:00
      OCPPMiddleware => Websocket request: Path='/OCPP/InsituHCM'
info: OCPPMiddleware[0] @ 2024-04-08T12:10:02.8401337+07:00
      OCPPMiddleware => Connection request with chargepoint identifier = 'InsituHCM'
info: OCPPMiddleware[0] @ 2024-04-08T12:10:02.8860088+07:00
      OCPPMiddleware => SUCCESS: Found chargepoint with identifier=InsituHCM
info: OCPPMiddleware[0] @ 2024-04-08T12:10:02.8885396+07:00
      OCPPMiddleware => No authentication for chargepoint 'InsituHCM' configured
trce: OCPPMiddleware[0] @ 2024-04-08T12:10:02.8887892+07:00
      OCPPMiddleware => Store/Update status object
trce: OCPPMiddleware[0] @ 2024-04-08T12:10:02.8888054+07:00
      OCPPMiddleware => Waiting for message...
trce: OCPPMiddleware[0] @ 2024-04-08T12:10:02.8899518+07:00
      OCPPMiddleware => WebSocket connection with charge point 'InsituHCM'
trce: OCPPMiddleware.OCPP16[0] @ 2024-04-08T12:10:02.9014605+07:00
      OCPPMiddleware.Receive16 => Receiving segment: 326 bytes (EndOfMessage=True / MsgType=Text)
fail: OCPPMiddleware.OCPP16[0] @ 2024-04-08T12:10:02.9298657+07:00
      OCPPMiddleware.Receive16 => Error dumping incoming message to path: 'wwwroot/Logs/OCPP\2024-04-08_12-10-02-9016_ocpp16-in.txt'
System.IO.DirectoryNotFoundException: Could not find a part of the path 'D:\Insitu\SOLAREV_PLATFORM\SolarEV_OCPP_V4.1_191023\FocusEV.OCPP.Server\wwwroot\Logs\OCPP\2024-04-08_12-10-02-9016_ocpp16-in.txt'.
   at Microsoft.Win32.SafeHandles.SafeFileHandle.CreateFile(String fullPath, FileMode mode, FileAccess access, FileShare share, FileOptions options)
   at Microsoft.Win32.SafeHandles.SafeFileHandle.Open(String fullPath, FileMode mode, FileAccess access, FileShare share, FileOptions options, Int64 preallocationSize)
   at System.IO.File.OpenHandle(String path, FileMode mode, FileAccess access, FileShare share, FileOptions options, Int64 preallocationSize)
   at System.IO.File.WriteAllBytes(String path, Byte[] bytes)
   at FocusEV.OCPP.Server.OCPPMiddleware.Receive16(ChargePointStatus chargePointStatus, HttpContext context) in D:\Insitu\SOLAREV_PLATFORM\SolarEV_OCPP_V4.1_191023\FocusEV.OCPP.Server\OCPPMiddleware.OCPP16.cs:line 402
info: OCPPMiddleware.OCPP16[0] @ 2024-04-08T12:10:02.9345280+07:00
      OCPPMiddleware.Receive16 => OCPP-Message: Type=2 / ID=ShoFAToyMaAqrNptGo2nY2CP9OuBQNF1WNuO / Action=BootNotification)
trce: OCPPMiddleware.OCPP16[0] @ 2024-04-08T12:10:02.9345614+07:00
      My logBootNotification
trce: OCPPMiddleware.OCPP16[0] @ 2024-04-08T12:10:03.0692271+07:00
      OCPPMiddleware.OCPP16 => SendOcppMessage: [3,"ShoFAToyMaAqrNptGo2nY2CP9OuBQNF1WNuO",{"status":"Accepted","currentTime":"2024-04-08T05:10:02.9347291+00:00","interval":300}]
fail: OCPPMiddleware.OCPP16[0] @ 2024-04-08T12:10:03.1004697+07:00
      OCPPMiddleware.SendOcpp16Message=> Error dumping message to path: 'wwwroot/Logs/OCPP\2024-04-08_12-10-03-0692_ocpp16-out.txt'
System.IO.DirectoryNotFoundException: Could not find a part of the path 'D:\Insitu\SOLAREV_PLATFORM\SolarEV_OCPP_V4.1_191023\FocusEV.OCPP.Server\wwwroot\Logs\OCPP\2024-04-08_12-10-03-0692_ocpp16-out.txt'.
   at Microsoft.Win32.SafeHandles.SafeFileHandle.CreateFile(String fullPath, FileMode mode, FileAccess access, FileShare share, FileOptions options)
   at Microsoft.Win32.SafeHandles.SafeFileHandle.Open(String fullPath, FileMode mode, FileAccess access, FileShare share, FileOptions options, Int64 preallocationSize)
   at System.IO.Strategies.OSFileStreamStrategy..ctor(String path, FileMode mode, FileAccess access, FileShare share, FileOptions options, Int64 preallocationSize)
   at System.IO.Strategies.FileStreamHelpers.ChooseStrategyCore(String path, FileMode mode, FileAccess access, FileShare share, FileOptions options, Int64 preallocationSize)
   at System.IO.Strategies.FileStreamHelpers.ChooseStrategy(FileStream fileStream, String path, FileMode mode, FileAccess access, FileShare share, Int32 bufferSize, FileOptions options, Int64 preallocationSize)
   at System.IO.StreamWriter.ValidateArgsAndOpenPath(String path, Boolean append, Encoding encoding, Int32 bufferSize)
   at System.IO.File.WriteAllText(String path, String contents)
   at FocusEV.OCPP.Server.OCPPMiddleware.SendOcpp16Message(OCPPMessage msg, ILogger logger, WebSocket webSocket) in D:\Insitu\SOLAREV_PLATFORM\SolarEV_OCPP_V4.1_191023\FocusEV.OCPP.Server\OCPPMiddleware.OCPP16.cs:line 573
trce: OCPPMiddleware.OCPP16[0] @ 2024-04-08T12:10:50.3479923+07:00
      OCPPMiddleware.Receive16 => Receiving segment: 57 bytes (EndOfMessage=True / MsgType=Text)
fail: OCPPMiddleware.OCPP16[0] @ 2024-04-08T12:10:50.3894679+07:00
      OCPPMiddleware.Receive16 => Error dumping incoming message to path: 'wwwroot/Logs/OCPP\2024-04-08_12-10-50-3491_ocpp16-in.txt'
System.IO.DirectoryNotFoundException: Could not find a part of the path 'D:\Insitu\SOLAREV_PLATFORM\SolarEV_OCPP_V4.1_191023\FocusEV.OCPP.Server\wwwroot\Logs\OCPP\2024-04-08_12-10-50-3491_ocpp16-in.txt'.
   at Microsoft.Win32.SafeHandles.SafeFileHandle.CreateFile(String fullPath, FileMode mode, FileAccess access, FileShare share, FileOptions options)
   at Microsoft.Win32.SafeHandles.SafeFileHandle.Open(String fullPath, FileMode mode, FileAccess access, FileShare share, FileOptions options, Int64 preallocationSize)
   at System.IO.File.OpenHandle(String path, FileMode mode, FileAccess access, FileShare share, FileOptions options, Int64 preallocationSize)
   at System.IO.File.WriteAllBytes(String path, Byte[] bytes)
   at FocusEV.OCPP.Server.OCPPMiddleware.Receive16(ChargePointStatus chargePointStatus, HttpContext context) in D:\Insitu\SOLAREV_PLATFORM\SolarEV_OCPP_V4.1_191023\FocusEV.OCPP.Server\OCPPMiddleware.OCPP16.cs:line 402
info: OCPPMiddleware.OCPP16[0] @ 2024-04-08T12:10:50.4174013+07:00
      OCPPMiddleware.Receive16 => OCPP-Message: Type=2 / ID=ShoFAToyMaAqrNptGo2nY2CP9OuBQNF1WNuO / Action=Heartbeat)
trce: OCPPMiddleware.OCPP16[0] @ 2024-04-08T12:10:50.6311969+07:00
      OCPPMiddleware.OCPP16 => SendOcppMessage: [3,"ShoFAToyMaAqrNptGo2nY2CP9OuBQNF1WNuO",{"currentTime":"2024-04-08T05:10:50.4174417+00:00"}]
fail: OCPPMiddleware.OCPP16[0] @ 2024-04-08T12:10:50.7045395+07:00
      OCPPMiddleware.SendOcpp16Message=> Error dumping message to path: 'wwwroot/Logs/OCPP\2024-04-08_12-10-50-6312_ocpp16-out.txt'
System.IO.DirectoryNotFoundException: Could not find a part of the path 'D:\Insitu\SOLAREV_PLATFORM\SolarEV_OCPP_V4.1_191023\FocusEV.OCPP.Server\wwwroot\Logs\OCPP\2024-04-08_12-10-50-6312_ocpp16-out.txt'.
   at Microsoft.Win32.SafeHandles.SafeFileHandle.CreateFile(String fullPath, FileMode mode, FileAccess access, FileShare share, FileOptions options)
   at Microsoft.Win32.SafeHandles.SafeFileHandle.Open(String fullPath, FileMode mode, FileAccess access, FileShare share, FileOptions options, Int64 preallocationSize)
   at System.IO.Strategies.OSFileStreamStrategy..ctor(String path, FileMode mode, FileAccess access, FileShare share, FileOptions options, Int64 preallocationSize)
   at System.IO.Strategies.FileStreamHelpers.ChooseStrategyCore(String path, FileMode mode, FileAccess access, FileShare share, FileOptions options, Int64 preallocationSize)
   at System.IO.Strategies.FileStreamHelpers.ChooseStrategy(FileStream fileStream, String path, FileMode mode, FileAccess access, FileShare share, Int32 bufferSize, FileOptions options, Int64 preallocationSize)
   at System.IO.StreamWriter.ValidateArgsAndOpenPath(String path, Boolean append, Encoding encoding, Int32 bufferSize)
   at System.IO.File.WriteAllText(String path, String contents)
   at FocusEV.OCPP.Server.OCPPMiddleware.SendOcpp16Message(OCPPMessage msg, ILogger logger, WebSocket webSocket) in D:\Insitu\SOLAREV_PLATFORM\SolarEV_OCPP_V4.1_191023\FocusEV.OCPP.Server\OCPPMiddleware.OCPP16.cs:line 573
trce: OCPPMiddleware.OCPP16[0] @ 2024-04-08T12:10:58.6471234+07:00
      OCPPMiddleware.Receive16 => Receiving segment: 57 bytes (EndOfMessage=True / MsgType=Text)
fail: OCPPMiddleware.OCPP16[0] @ 2024-04-08T12:10:58.6871638+07:00
      OCPPMiddleware.Receive16 => Error dumping incoming message to path: 'wwwroot/Logs/OCPP\2024-04-08_12-10-58-6471_ocpp16-in.txt'
System.IO.DirectoryNotFoundException: Could not find a part of the path 'D:\Insitu\SOLAREV_PLATFORM\SolarEV_OCPP_V4.1_191023\FocusEV.OCPP.Server\wwwroot\Logs\OCPP\2024-04-08_12-10-58-6471_ocpp16-in.txt'.
   at Microsoft.Win32.SafeHandles.SafeFileHandle.CreateFile(String fullPath, FileMode mode, FileAccess access, FileShare share, FileOptions options)
   at Microsoft.Win32.SafeHandles.SafeFileHandle.Open(String fullPath, FileMode mode, FileAccess access, FileShare share, FileOptions options, Int64 preallocationSize)
   at System.IO.File.OpenHandle(String path, FileMode mode, FileAccess access, FileShare share, FileOptions options, Int64 preallocationSize)
   at System.IO.File.WriteAllBytes(String path, Byte[] bytes)
   at FocusEV.OCPP.Server.OCPPMiddleware.Receive16(ChargePointStatus chargePointStatus, HttpContext context) in D:\Insitu\SOLAREV_PLATFORM\SolarEV_OCPP_V4.1_191023\FocusEV.OCPP.Server\OCPPMiddleware.OCPP16.cs:line 402
info: OCPPMiddleware.OCPP16[0] @ 2024-04-08T12:10:58.6904075+07:00
      OCPPMiddleware.Receive16 => OCPP-Message: Type=2 / ID=ShoFAToyMaAqrNptGo2nY2CP9OuBQNF1WNuO / Action=Heartbeat)
trce: OCPPMiddleware.OCPP16[0] @ 2024-04-08T12:10:58.8992789+07:00
      OCPPMiddleware.OCPP16 => SendOcppMessage: [3,"ShoFAToyMaAqrNptGo2nY2CP9OuBQNF1WNuO",{"currentTime":"2024-04-08T05:10:58.6904541+00:00"}]
fail: OCPPMiddleware.OCPP16[0] @ 2024-04-08T12:10:58.9346775+07:00
      OCPPMiddleware.SendOcpp16Message=> Error dumping message to path: 'wwwroot/Logs/OCPP\2024-04-08_12-10-58-8993_ocpp16-out.txt'
System.IO.DirectoryNotFoundException: Could not find a part of the path 'D:\Insitu\SOLAREV_PLATFORM\SolarEV_OCPP_V4.1_191023\FocusEV.OCPP.Server\wwwroot\Logs\OCPP\2024-04-08_12-10-58-8993_ocpp16-out.txt'.
   at Microsoft.Win32.SafeHandles.SafeFileHandle.CreateFile(String fullPath, FileMode mode, FileAccess access, FileShare share, FileOptions options)
   at Microsoft.Win32.SafeHandles.SafeFileHandle.Open(String fullPath, FileMode mode, FileAccess access, FileShare share, FileOptions options, Int64 preallocationSize)
   at System.IO.Strategies.OSFileStreamStrategy..ctor(String path, FileMode mode, FileAccess access, FileShare share, FileOptions options, Int64 preallocationSize)
   at System.IO.Strategies.FileStreamHelpers.ChooseStrategyCore(String path, FileMode mode, FileAccess access, FileShare share, FileOptions options, Int64 preallocationSize)
   at System.IO.Strategies.FileStreamHelpers.ChooseStrategy(FileStream fileStream, String path, FileMode mode, FileAccess access, FileShare share, Int32 bufferSize, FileOptions options, Int64 preallocationSize)
   at System.IO.StreamWriter.ValidateArgsAndOpenPath(String path, Boolean append, Encoding encoding, Int32 bufferSize)
   at System.IO.File.WriteAllText(String path, String contents)
   at FocusEV.OCPP.Server.OCPPMiddleware.SendOcpp16Message(OCPPMessage msg, ILogger logger, WebSocket webSocket) in D:\Insitu\SOLAREV_PLATFORM\SolarEV_OCPP_V4.1_191023\FocusEV.OCPP.Server\OCPPMiddleware.OCPP16.cs:line 573
trce: OCPPMiddleware[0] @ 2024-04-08T12:16:18.2427874+07:00
      My Log Path/OCPP/InsituHCM
trce: OCPPMiddleware[0] @ 2024-04-08T12:16:18.2427808+07:00
      My Log Path/
trce: OCPPMiddleware[0] @ 2024-04-08T12:16:18.2628726+07:00
      OCPPMiddleware => Websocket request: Path='/OCPP/InsituHCM'
trce: OCPPMiddleware[0] @ 2024-04-08T12:16:18.2628725+07:00
      OCPPMiddleware => Websocket request: Path='/'
trce: OCPPMiddleware[0] @ 2024-04-08T12:16:18.2643760+07:00
      OCPPMiddleware => Index status page
info: OCPPMiddleware[0] @ 2024-04-08T12:16:18.2652268+07:00
      OCPPMiddleware => Connection request with chargepoint identifier = 'InsituHCM'
info: OCPPMiddleware[0] @ 2024-04-08T12:16:19.3006010+07:00
      OCPPMiddleware => SUCCESS: Found chargepoint with identifier=InsituHCM
info: OCPPMiddleware[0] @ 2024-04-08T12:16:19.3106198+07:00
      OCPPMiddleware => No authentication for chargepoint 'InsituHCM' configured
trce: OCPPMiddleware[0] @ 2024-04-08T12:16:19.3288304+07:00
      OCPPMiddleware => Store/Update status object
trce: OCPPMiddleware[0] @ 2024-04-08T12:16:19.3289203+07:00
      OCPPMiddleware => Waiting for message...
trce: OCPPMiddleware[0] @ 2024-04-08T12:16:19.3355082+07:00
      OCPPMiddleware => WebSocket connection with charge point 'InsituHCM'
trce: OCPPMiddleware.OCPP16[0] @ 2024-04-08T12:16:19.3855513+07:00
      OCPPMiddleware.Receive16 => Receiving segment: 326 bytes (EndOfMessage=True / MsgType=Text)
fail: OCPPMiddleware.OCPP16[0] @ 2024-04-08T12:16:19.5948728+07:00
      OCPPMiddleware.Receive16 => Error dumping incoming message to path: 'wwwroot/Logs/OCPP\2024-04-08_12-16-19-3857_ocpp16-in.txt'
System.IO.DirectoryNotFoundException: Could not find a part of the path 'D:\Insitu\SOLAREV_PLATFORM\SolarEV_OCPP_V4.1_191023\FocusEV.OCPP.Server\wwwroot\Logs\OCPP\2024-04-08_12-16-19-3857_ocpp16-in.txt'.
   at Microsoft.Win32.SafeHandles.SafeFileHandle.CreateFile(String fullPath, FileMode mode, FileAccess access, FileShare share, FileOptions options)
   at Microsoft.Win32.SafeHandles.SafeFileHandle.Open(String fullPath, FileMode mode, FileAccess access, FileShare share, FileOptions options, Int64 preallocationSize)
   at System.IO.File.OpenHandle(String path, FileMode mode, FileAccess access, FileShare share, FileOptions options, Int64 preallocationSize)
   at System.IO.File.WriteAllBytes(String path, Byte[] bytes)
   at FocusEV.OCPP.Server.OCPPMiddleware.Receive16(ChargePointStatus chargePointStatus, HttpContext context) in D:\Insitu\SOLAREV_PLATFORM\SolarEV_OCPP_V4.1_191023\FocusEV.OCPP.Server\OCPPMiddleware.OCPP16.cs:line 402
info: OCPPMiddleware.OCPP16[0] @ 2024-04-08T12:16:19.6102389+07:00
      OCPPMiddleware.Receive16 => OCPP-Message: Type=2 / ID=ShoFAToyMaAqrNptGo2nY2CP9OuBQNF1WNuO / Action=BootNotification)
trce: OCPPMiddleware.OCPP16[0] @ 2024-04-08T12:16:19.6109616+07:00
      My logBootNotification
trce: OCPPMiddleware[0] @ 2024-04-08T12:16:19.6510020+07:00
      My Log Path/favicon.ico
trce: OCPPMiddleware[0] @ 2024-04-08T12:16:19.6510401+07:00
      OCPPMiddleware => Websocket request: Path='/favicon.ico'
warn: OCPPMiddleware[0] @ 2024-04-08T12:16:19.6564077+07:00
      OCPPMiddleware => Bad path request
trce: OCPPMiddleware.OCPP16[0] @ 2024-04-08T12:16:20.5843406+07:00
      OCPPMiddleware.OCPP16 => SendOcppMessage: [3,"ShoFAToyMaAqrNptGo2nY2CP9OuBQNF1WNuO",{"status":"Accepted","currentTime":"2024-04-08T05:16:19.9719115+00:00","interval":300}]
fail: OCPPMiddleware.OCPP16[0] @ 2024-04-08T12:16:20.6312532+07:00
      OCPPMiddleware.SendOcpp16Message=> Error dumping message to path: 'wwwroot/Logs/OCPP\2024-04-08_12-16-20-5843_ocpp16-out.txt'
System.IO.DirectoryNotFoundException: Could not find a part of the path 'D:\Insitu\SOLAREV_PLATFORM\SolarEV_OCPP_V4.1_191023\FocusEV.OCPP.Server\wwwroot\Logs\OCPP\2024-04-08_12-16-20-5843_ocpp16-out.txt'.
   at Microsoft.Win32.SafeHandles.SafeFileHandle.CreateFile(String fullPath, FileMode mode, FileAccess access, FileShare share, FileOptions options)
   at Microsoft.Win32.SafeHandles.SafeFileHandle.Open(String fullPath, FileMode mode, FileAccess access, FileShare share, FileOptions options, Int64 preallocationSize)
   at System.IO.Strategies.OSFileStreamStrategy..ctor(String path, FileMode mode, FileAccess access, FileShare share, FileOptions options, Int64 preallocationSize)
   at System.IO.Strategies.FileStreamHelpers.ChooseStrategyCore(String path, FileMode mode, FileAccess access, FileShare share, FileOptions options, Int64 preallocationSize)
   at System.IO.Strategies.FileStreamHelpers.ChooseStrategy(FileStream fileStream, String path, FileMode mode, FileAccess access, FileShare share, Int32 bufferSize, FileOptions options, Int64 preallocationSize)
   at System.IO.StreamWriter.ValidateArgsAndOpenPath(String path, Boolean append, Encoding encoding, Int32 bufferSize)
   at System.IO.File.WriteAllText(String path, String contents)
   at FocusEV.OCPP.Server.OCPPMiddleware.SendOcpp16Message(OCPPMessage msg, ILogger logger, WebSocket webSocket) in D:\Insitu\SOLAREV_PLATFORM\SolarEV_OCPP_V4.1_191023\FocusEV.OCPP.Server\OCPPMiddleware.OCPP16.cs:line 573
trce: OCPPMiddleware[0] @ 2024-04-08T12:16:43.2094817+07:00
      My Log Path/
trce: OCPPMiddleware[0] @ 2024-04-08T12:16:43.2095139+07:00
      OCPPMiddleware => Websocket request: Path='/'
trce: OCPPMiddleware[0] @ 2024-04-08T12:16:43.2095412+07:00
      OCPPMiddleware => Index status page
trce: OCPPMiddleware[0] @ 2024-04-08T12:16:43.8902331+07:00
      My Log Path/favicon.ico
trce: OCPPMiddleware[0] @ 2024-04-08T12:16:43.8902628+07:00
      OCPPMiddleware => Websocket request: Path='/favicon.ico'
warn: OCPPMiddleware[0] @ 2024-04-08T12:16:43.8989760+07:00
      OCPPMiddleware => Bad path request
