fail: Microsoft.AspNetCore.Diagnostics.DeveloperExceptionPageMiddleware[UnhandledException] @ 2024-07-12T08:51:56.7816664+07:00
      An unhandled exception has occurred while executing the request.
Microsoft.Data.SqlClient.SqlException (0x80131904): Invalid object name 'ChargePoint'.
   at Microsoft.Data.SqlClient.SqlConnection.OnError(SqlException exception, Boolean breakConnection, Action`1 wrapCloseInAction)
   at Microsoft.Data.SqlClient.TdsParser.ThrowExceptionAndWarning(TdsParserStateObject stateObj, Boolean callerHasConnectionLock, Boolean asyncClose)
   at Microsoft.Data.SqlClient.TdsParser.TryRun(RunBehavior runBehavior, SqlCommand cmdHandler, SqlDataReader dataStream, BulkCopySimpleResultSet bulkCopyHandler, TdsParserStateObject stateObj, Boolean& dataReady)
   at Microsoft.Data.SqlClient.SqlDataReader.TryConsumeMetaData()
   at Microsoft.Data.SqlClient.SqlDataReader.get_MetaData()
   at Microsoft.Data.SqlClient.SqlCommand.FinishExecuteReader(SqlDataReader ds, RunBehavior runBehavior, String resetOptionsString, Boolean isInternal, Boolean forDescribeParameterEncryption, Boolean shouldCacheForAlwaysEncrypted)
   at Microsoft.Data.SqlClient.SqlCommand.RunExecuteReaderTds(CommandBehavior cmdBehavior, RunBehavior runBehavior, Boolean returnStream, Boolean isAsync, Int32 timeout, Task& task, Boolean asyncWrite, Boolean inRetry, SqlDataReader ds, Boolean describeParameterEncryptionRequest)
   at Microsoft.Data.SqlClient.SqlCommand.RunExecuteReader(CommandBehavior cmdBehavior, RunBehavior runBehavior, Boolean returnStream, TaskCompletionSource`1 completion, Int32 timeout, Task& task, Boolean& usedCache, Boolean asyncWrite, Boolean inRetry, String method)
   at Microsoft.Data.SqlClient.SqlCommand.ExecuteReader(CommandBehavior behavior)
   at Microsoft.EntityFrameworkCore.Storage.RelationalCommand.ExecuteReader(RelationalCommandParameterObject parameterObject)
   at Microsoft.EntityFrameworkCore.Query.Internal.SingleQueryingEnumerable`1.Enumerator.InitializeReader(Enumerator enumerator)
   at Microsoft.EntityFrameworkCore.Storage.ExecutionStrategy.<>c__DisplayClass31_0`2.<Execute>b__0(DbContext context, TState state)
   at Microsoft.EntityFrameworkCore.Storage.ExecutionStrategy.ExecuteImplementation[TState,TResult](Func`3 operation, Func`3 verifySucceeded, TState state)
   at Microsoft.EntityFrameworkCore.Storage.ExecutionStrategy.Execute[TState,TResult](TState state, Func`3 operation, Func`3 verifySucceeded)
   at Microsoft.EntityFrameworkCore.Query.Internal.SingleQueryingEnumerable`1.Enumerator.MoveNext()
   at System.Linq.Enumerable.TryGetSingle[TSource](IEnumerable`1 source, Boolean& found)
   at lambda_method72(Closure , QueryContext )
   at System.Linq.Queryable.FirstOrDefault[TSource](IQueryable`1 source, Expression`1 predicate)
   at Microsoft.EntityFrameworkCore.Internal.EntityFinder`1.Find(Object[] keyValues)
   at FocusEV.OCPP.Server.OCPPMiddleware.Invoke(HttpContext context) in C:\Users\ASUS\FOCUS_SolarEV\Work\OCPP.Solaev_Platform_030724\FocusEV.OCPP.Server\OCPPMiddleware.cs:line 297
   at Microsoft.AspNetCore.Diagnostics.DeveloperExceptionPageMiddleware.Invoke(HttpContext context)
ClientConnectionId:fc35a06d-dffd-4a71-a910-f65c1f5d4b5a
Error Number:208,State:1,Class:16
info: OCPPMiddleware[0] @ 2024-07-12T08:52:42.3917923+07:00
      OCPPMiddleware => SUCCESS: Found chargepoint with identifier=InsituHCM
info: OCPPMiddleware[0] @ 2024-07-12T08:52:42.3919258+07:00
      OCPPMiddleware => No authentication for chargepoint 'InsituHCM' configured
trce: OCPPMiddleware[0] @ 2024-07-12T08:52:42.3961723+07:00
      OCPPMiddleware => Store/Update status object
trce: OCPPMiddleware[0] @ 2024-07-12T08:52:42.3962621+07:00
      OCPPMiddleware => Waiting for message...
trce: OCPPMiddleware[0] @ 2024-07-12T08:52:42.4022337+07:00
      OCPPMiddleware => WebSocket connection with charge point 'InsituHCM'
trce: OCPPMiddleware.OCPP16[0] @ 2024-07-12T08:52:42.4202423+07:00
      OCPPMiddleware.Receive16 => Receiving segment: 326 bytes (EndOfMessage=True / MsgType=Text)
fail: OCPPMiddleware.OCPP16[0] @ 2024-07-12T08:52:42.5097214+07:00
      OCPPMiddleware.Receive16 => Error dumping incoming message to path: 'wwwroot/Logs/OCPP\2024-07-12_08-52-42-4204_ocpp16-in.txt'
System.IO.DirectoryNotFoundException: Could not find a part of the path 'C:\Users\ASUS\FOCUS_SolarEV\Work\OCPP.Solaev_Platform_030724\FocusEV.OCPP.Server\wwwroot\Logs\OCPP\2024-07-12_08-52-42-4204_ocpp16-in.txt'.
   at Microsoft.Win32.SafeHandles.SafeFileHandle.CreateFile(String fullPath, FileMode mode, FileAccess access, FileShare share, FileOptions options)
   at Microsoft.Win32.SafeHandles.SafeFileHandle.Open(String fullPath, FileMode mode, FileAccess access, FileShare share, FileOptions options, Int64 preallocationSize)
   at System.IO.File.OpenHandle(String path, FileMode mode, FileAccess access, FileShare share, FileOptions options, Int64 preallocationSize)
   at System.IO.File.WriteAllBytes(String path, Byte[] bytes)
   at FocusEV.OCPP.Server.OCPPMiddleware.Receive16(ChargePointStatus chargePointStatus, HttpContext context) in C:\Users\ASUS\FOCUS_SolarEV\Work\OCPP.Solaev_Platform_030724\FocusEV.OCPP.Server\OCPPMiddleware.OCPP16.cs:line 432
info: OCPPMiddleware.OCPP16[0] @ 2024-07-12T08:52:42.5194458+07:00
      OCPPMiddleware.Receive16 => OCPP-Message: Type=2 / ID=iKXPuirCkNwPsGrePJ6ayi3BUf0ix0CUthIa / Action=BootNotification)
trce: OCPPMiddleware.OCPP16[0] @ 2024-07-12T08:52:42.5198982+07:00
      My logBootNotification
trce: OCPPMiddleware.OCPP16[0] @ 2024-07-12T08:52:43.9349526+07:00
      OCPPMiddleware.OCPP16 => SendOcppMessage: [3,"iKXPuirCkNwPsGrePJ6ayi3BUf0ix0CUthIa",{"status":"Accepted","currentTime":"2024-07-12T01:52:43.6118314+00:00","interval":300}]
fail: OCPPMiddleware.OCPP16[0] @ 2024-07-12T08:52:43.9444178+07:00
      OCPPMiddleware.SendOcpp16Message=> Error dumping message to path: 'wwwroot/Logs/OCPP\2024-07-12_08-52-43-9349_ocpp16-out.txt'
System.IO.DirectoryNotFoundException: Could not find a part of the path 'C:\Users\ASUS\FOCUS_SolarEV\Work\OCPP.Solaev_Platform_030724\FocusEV.OCPP.Server\wwwroot\Logs\OCPP\2024-07-12_08-52-43-9349_ocpp16-out.txt'.
   at Microsoft.Win32.SafeHandles.SafeFileHandle.CreateFile(String fullPath, FileMode mode, FileAccess access, FileShare share, FileOptions options)
   at Microsoft.Win32.SafeHandles.SafeFileHandle.Open(String fullPath, FileMode mode, FileAccess access, FileShare share, FileOptions options, Int64 preallocationSize)
   at System.IO.Strategies.OSFileStreamStrategy..ctor(String path, FileMode mode, FileAccess access, FileShare share, FileOptions options, Int64 preallocationSize)
   at System.IO.Strategies.FileStreamHelpers.ChooseStrategyCore(String path, FileMode mode, FileAccess access, FileShare share, FileOptions options, Int64 preallocationSize)
   at System.IO.Strategies.FileStreamHelpers.ChooseStrategy(FileStream fileStream, String path, FileMode mode, FileAccess access, FileShare share, Int32 bufferSize, FileOptions options, Int64 preallocationSize)
   at System.IO.StreamWriter.ValidateArgsAndOpenPath(String path, Boolean append, Encoding encoding, Int32 bufferSize)
   at System.IO.File.WriteAllText(String path, String contents)
   at FocusEV.OCPP.Server.OCPPMiddleware.SendOcpp16Message(OCPPMessage msg, ILogger logger, WebSocket webSocket) in C:\Users\ASUS\FOCUS_SolarEV\Work\OCPP.Solaev_Platform_030724\FocusEV.OCPP.Server\OCPPMiddleware.OCPP16.cs:line 603
trce: OCPPMiddleware.OCPP16[0] @ 2024-07-12T08:54:26.7116457+07:00
      OCPPMiddleware.Receive16 => Receiving segment: 75 bytes (EndOfMessage=True / MsgType=Text)
fail: OCPPMiddleware.OCPP16[0] @ 2024-07-12T08:54:26.7228945+07:00
      OCPPMiddleware.Receive16 => Error dumping incoming message to path: 'wwwroot/Logs/OCPP\2024-07-12_08-54-26-7134_ocpp16-in.txt'
System.IO.DirectoryNotFoundException: Could not find a part of the path 'C:\Users\ASUS\FOCUS_SolarEV\Work\OCPP.Solaev_Platform_030724\FocusEV.OCPP.Server\wwwroot\Logs\OCPP\2024-07-12_08-54-26-7134_ocpp16-in.txt'.
   at Microsoft.Win32.SafeHandles.SafeFileHandle.CreateFile(String fullPath, FileMode mode, FileAccess access, FileShare share, FileOptions options)
   at Microsoft.Win32.SafeHandles.SafeFileHandle.Open(String fullPath, FileMode mode, FileAccess access, FileShare share, FileOptions options, Int64 preallocationSize)
   at System.IO.File.OpenHandle(String path, FileMode mode, FileAccess access, FileShare share, FileOptions options, Int64 preallocationSize)
   at System.IO.File.WriteAllBytes(String path, Byte[] bytes)
   at FocusEV.OCPP.Server.OCPPMiddleware.Receive16(ChargePointStatus chargePointStatus, HttpContext context) in C:\Users\ASUS\FOCUS_SolarEV\Work\OCPP.Solaev_Platform_030724\FocusEV.OCPP.Server\OCPPMiddleware.OCPP16.cs:line 432
info: OCPPMiddleware.OCPP16[0] @ 2024-07-12T08:54:26.7234261+07:00
      OCPPMiddleware.Receive16 => OCPP-Message: Type=2 / ID=iKXPuirCkNwPsGrePJ6ayi3BUf0ix0CUthIa / Action=Authorize)
trce: OCPPMiddleware.OCPP16[0] @ 2024-07-12T08:54:26.7234409+07:00
      My logAuthorize
info: FocusEV.OCPP.Server.ControllerOCPP16[0] @ 2024-07-12T08:54:26.8757499+07:00
      Authorize => Status: Accepted
trce: OCPPMiddleware.OCPP16[0] @ 2024-07-12T08:54:26.9009324+07:00
      OCPPMiddleware.OCPP16 => SendOcppMessage: [3,"iKXPuirCkNwPsGrePJ6ayi3BUf0ix0CUthIa",{"idTagInfo":{"expiryDate":"2024-07-12T01:59:26.7463957+00:00","status":"Accepted"}}]
fail: OCPPMiddleware.OCPP16[0] @ 2024-07-12T08:54:26.9037348+07:00
      OCPPMiddleware.SendOcpp16Message=> Error dumping message to path: 'wwwroot/Logs/OCPP\2024-07-12_08-54-26-9009_ocpp16-out.txt'
System.IO.DirectoryNotFoundException: Could not find a part of the path 'C:\Users\ASUS\FOCUS_SolarEV\Work\OCPP.Solaev_Platform_030724\FocusEV.OCPP.Server\wwwroot\Logs\OCPP\2024-07-12_08-54-26-9009_ocpp16-out.txt'.
   at Microsoft.Win32.SafeHandles.SafeFileHandle.CreateFile(String fullPath, FileMode mode, FileAccess access, FileShare share, FileOptions options)
   at Microsoft.Win32.SafeHandles.SafeFileHandle.Open(String fullPath, FileMode mode, FileAccess access, FileShare share, FileOptions options, Int64 preallocationSize)
   at System.IO.Strategies.OSFileStreamStrategy..ctor(String path, FileMode mode, FileAccess access, FileShare share, FileOptions options, Int64 preallocationSize)
   at System.IO.Strategies.FileStreamHelpers.ChooseStrategyCore(String path, FileMode mode, FileAccess access, FileShare share, FileOptions options, Int64 preallocationSize)
   at System.IO.Strategies.FileStreamHelpers.ChooseStrategy(FileStream fileStream, String path, FileMode mode, FileAccess access, FileShare share, Int32 bufferSize, FileOptions options, Int64 preallocationSize)
   at System.IO.StreamWriter.ValidateArgsAndOpenPath(String path, Boolean append, Encoding encoding, Int32 bufferSize)
   at System.IO.File.WriteAllText(String path, String contents)
   at FocusEV.OCPP.Server.OCPPMiddleware.SendOcpp16Message(OCPPMessage msg, ILogger logger, WebSocket webSocket) in C:\Users\ASUS\FOCUS_SolarEV\Work\OCPP.Solaev_Platform_030724\FocusEV.OCPP.Server\OCPPMiddleware.OCPP16.cs:line 603
trce: OCPPMiddleware.OCPP16[0] @ 2024-07-12T08:55:19.2023178+07:00
      OCPPMiddleware.Receive16 => Receiving segment: 168 bytes (EndOfMessage=True / MsgType=Text)
fail: OCPPMiddleware.OCPP16[0] @ 2024-07-12T08:55:19.2068149+07:00
      OCPPMiddleware.Receive16 => Error dumping incoming message to path: 'wwwroot/Logs/OCPP\2024-07-12_08-55-19-2024_ocpp16-in.txt'
System.IO.DirectoryNotFoundException: Could not find a part of the path 'C:\Users\ASUS\FOCUS_SolarEV\Work\OCPP.Solaev_Platform_030724\FocusEV.OCPP.Server\wwwroot\Logs\OCPP\2024-07-12_08-55-19-2024_ocpp16-in.txt'.
   at Microsoft.Win32.SafeHandles.SafeFileHandle.CreateFile(String fullPath, FileMode mode, FileAccess access, FileShare share, FileOptions options)
   at Microsoft.Win32.SafeHandles.SafeFileHandle.Open(String fullPath, FileMode mode, FileAccess access, FileShare share, FileOptions options, Int64 preallocationSize)
   at System.IO.File.OpenHandle(String path, FileMode mode, FileAccess access, FileShare share, FileOptions options, Int64 preallocationSize)
   at System.IO.File.WriteAllBytes(String path, Byte[] bytes)
   at FocusEV.OCPP.Server.OCPPMiddleware.Receive16(ChargePointStatus chargePointStatus, HttpContext context) in C:\Users\ASUS\FOCUS_SolarEV\Work\OCPP.Solaev_Platform_030724\FocusEV.OCPP.Server\OCPPMiddleware.OCPP16.cs:line 432
info: OCPPMiddleware.OCPP16[0] @ 2024-07-12T08:55:19.2079960+07:00
      OCPPMiddleware.Receive16 => OCPP-Message: Type=2 / ID=iKXPuirCkNwPsGrePJ6ayi3BUf0ix0CUthIa / Action=StartTransaction)
trce: OCPPMiddleware.OCPP16[0] @ 2024-07-12T08:55:19.2080511+07:00
      My logStartTransaction
info: FocusEV.OCPP.Server.ControllerOCPP16[0] @ 2024-07-12T08:55:19.2631683+07:00
      StartTransaction => Charge tag='587A91AC' => Status: Accepted
info: FocusEV.OCPP.Server.ControllerOCPP16[0] @ 2024-07-12T08:55:19.3779396+07:00
      UpdateConnectorStatus => Save ConnectorStatus: ID=InsituHCM / Connector=1 / Status=Occupied / Meter=0
trce: OCPPMiddleware.OCPP16[0] @ 2024-07-12T08:55:19.5866892+07:00
      OCPPMiddleware.OCPP16 => SendOcppMessage: [3,"iKXPuirCkNwPsGrePJ6ayi3BUf0ix0CUthIa",{"idTagInfo":{"expiryDate":"2199-12-31T00:00:00+07:00","status":"Accepted"},"transactionId":80061}]
fail: OCPPMiddleware.OCPP16[0] @ 2024-07-12T08:55:19.5882271+07:00
      OCPPMiddleware.SendOcpp16Message=> Error dumping message to path: 'wwwroot/Logs/OCPP\2024-07-12_08-55-19-5867_ocpp16-out.txt'
System.IO.DirectoryNotFoundException: Could not find a part of the path 'C:\Users\ASUS\FOCUS_SolarEV\Work\OCPP.Solaev_Platform_030724\FocusEV.OCPP.Server\wwwroot\Logs\OCPP\2024-07-12_08-55-19-5867_ocpp16-out.txt'.
   at Microsoft.Win32.SafeHandles.SafeFileHandle.CreateFile(String fullPath, FileMode mode, FileAccess access, FileShare share, FileOptions options)
   at Microsoft.Win32.SafeHandles.SafeFileHandle.Open(String fullPath, FileMode mode, FileAccess access, FileShare share, FileOptions options, Int64 preallocationSize)
   at System.IO.Strategies.OSFileStreamStrategy..ctor(String path, FileMode mode, FileAccess access, FileShare share, FileOptions options, Int64 preallocationSize)
   at System.IO.Strategies.FileStreamHelpers.ChooseStrategyCore(String path, FileMode mode, FileAccess access, FileShare share, FileOptions options, Int64 preallocationSize)
   at System.IO.Strategies.FileStreamHelpers.ChooseStrategy(FileStream fileStream, String path, FileMode mode, FileAccess access, FileShare share, Int32 bufferSize, FileOptions options, Int64 preallocationSize)
   at System.IO.StreamWriter.ValidateArgsAndOpenPath(String path, Boolean append, Encoding encoding, Int32 bufferSize)
   at System.IO.File.WriteAllText(String path, String contents)
   at FocusEV.OCPP.Server.OCPPMiddleware.SendOcpp16Message(OCPPMessage msg, ILogger logger, WebSocket webSocket) in C:\Users\ASUS\FOCUS_SolarEV\Work\OCPP.Solaev_Platform_030724\FocusEV.OCPP.Server\OCPPMiddleware.OCPP16.cs:line 603
trce: OCPPMiddleware.OCPP16[0] @ 2024-07-12T08:56:17.4853634+07:00
      OCPPMiddleware.Receive16 => Receiving segment: 159 bytes (EndOfMessage=True / MsgType=Text)
fail: OCPPMiddleware.OCPP16[0] @ 2024-07-12T08:56:17.4864652+07:00
      OCPPMiddleware.Receive16 => Error dumping incoming message to path: 'wwwroot/Logs/OCPP\2024-07-12_08-56-17-4854_ocpp16-in.txt'
System.IO.DirectoryNotFoundException: Could not find a part of the path 'C:\Users\ASUS\FOCUS_SolarEV\Work\OCPP.Solaev_Platform_030724\FocusEV.OCPP.Server\wwwroot\Logs\OCPP\2024-07-12_08-56-17-4854_ocpp16-in.txt'.
   at Microsoft.Win32.SafeHandles.SafeFileHandle.CreateFile(String fullPath, FileMode mode, FileAccess access, FileShare share, FileOptions options)
   at Microsoft.Win32.SafeHandles.SafeFileHandle.Open(String fullPath, FileMode mode, FileAccess access, FileShare share, FileOptions options, Int64 preallocationSize)
   at System.IO.File.OpenHandle(String path, FileMode mode, FileAccess access, FileShare share, FileOptions options, Int64 preallocationSize)
   at System.IO.File.WriteAllBytes(String path, Byte[] bytes)
   at FocusEV.OCPP.Server.OCPPMiddleware.Receive16(ChargePointStatus chargePointStatus, HttpContext context) in C:\Users\ASUS\FOCUS_SolarEV\Work\OCPP.Solaev_Platform_030724\FocusEV.OCPP.Server\OCPPMiddleware.OCPP16.cs:line 432
info: OCPPMiddleware.OCPP16[0] @ 2024-07-12T08:56:17.4867806+07:00
      OCPPMiddleware.Receive16 => OCPP-Message: Type=2 / ID=iKXPuirCkNwPsGrePJ6ayi3BUf0ix0CUthIa / Action=StopTransaction)
trce: OCPPMiddleware.OCPP16[0] @ 2024-07-12T08:56:17.4867886+07:00
      My logStopTransaction
info: FocusEV.OCPP.Server.ControllerOCPP16[0] @ 2024-07-12T08:56:17.5741187+07:00
      StopTransaction => RFID-tag='587A91AC' => Status: Accepted
info: FocusEV.OCPP.Server.ControllerOCPP16[0] @ 2024-07-12T08:56:17.5923606+07:00
      UpdateConnectorStatus => Save ConnectorStatus: ID=InsituHCM / Connector=1 / Status=(null) / Meter=1
trce: OCPPMiddleware.OCPP16[0] @ 2024-07-12T08:56:18.0530816+07:00
      OCPPMiddleware.OCPP16 => SendOcppMessage: [3,"iKXPuirCkNwPsGrePJ6ayi3BUf0ix0CUthIa",{"idTagInfo":{"expiryDate":"2199-12-31T00:00:00+07:00","status":"Accepted"}}]
fail: OCPPMiddleware.OCPP16[0] @ 2024-07-12T08:56:18.0544667+07:00
      OCPPMiddleware.SendOcpp16Message=> Error dumping message to path: 'wwwroot/Logs/OCPP\2024-07-12_08-56-18-0531_ocpp16-out.txt'
System.IO.DirectoryNotFoundException: Could not find a part of the path 'C:\Users\ASUS\FOCUS_SolarEV\Work\OCPP.Solaev_Platform_030724\FocusEV.OCPP.Server\wwwroot\Logs\OCPP\2024-07-12_08-56-18-0531_ocpp16-out.txt'.
   at Microsoft.Win32.SafeHandles.SafeFileHandle.CreateFile(String fullPath, FileMode mode, FileAccess access, FileShare share, FileOptions options)
   at Microsoft.Win32.SafeHandles.SafeFileHandle.Open(String fullPath, FileMode mode, FileAccess access, FileShare share, FileOptions options, Int64 preallocationSize)
   at System.IO.Strategies.OSFileStreamStrategy..ctor(String path, FileMode mode, FileAccess access, FileShare share, FileOptions options, Int64 preallocationSize)
   at System.IO.Strategies.FileStreamHelpers.ChooseStrategyCore(String path, FileMode mode, FileAccess access, FileShare share, FileOptions options, Int64 preallocationSize)
   at System.IO.Strategies.FileStreamHelpers.ChooseStrategy(FileStream fileStream, String path, FileMode mode, FileAccess access, FileShare share, Int32 bufferSize, FileOptions options, Int64 preallocationSize)
   at System.IO.StreamWriter.ValidateArgsAndOpenPath(String path, Boolean append, Encoding encoding, Int32 bufferSize)
   at System.IO.File.WriteAllText(String path, String contents)
   at FocusEV.OCPP.Server.OCPPMiddleware.SendOcpp16Message(OCPPMessage msg, ILogger logger, WebSocket webSocket) in C:\Users\ASUS\FOCUS_SolarEV\Work\OCPP.Solaev_Platform_030724\FocusEV.OCPP.Server\OCPPMiddleware.OCPP16.cs:line 603
trce: OCPPMiddleware.OCPP16[0] @ 2024-07-12T08:57:04.6053083+07:00
      OCPPMiddleware.Receive16 => Receiving segment: 155 bytes (EndOfMessage=True / MsgType=Text)
fail: OCPPMiddleware.OCPP16[0] @ 2024-07-12T08:57:04.6070518+07:00
      OCPPMiddleware.Receive16 => Error dumping incoming message to path: 'wwwroot/Logs/OCPP\2024-07-12_08-57-04-6054_ocpp16-in.txt'
System.IO.DirectoryNotFoundException: Could not find a part of the path 'C:\Users\ASUS\FOCUS_SolarEV\Work\OCPP.Solaev_Platform_030724\FocusEV.OCPP.Server\wwwroot\Logs\OCPP\2024-07-12_08-57-04-6054_ocpp16-in.txt'.
   at Microsoft.Win32.SafeHandles.SafeFileHandle.CreateFile(String fullPath, FileMode mode, FileAccess access, FileShare share, FileOptions options)
   at Microsoft.Win32.SafeHandles.SafeFileHandle.Open(String fullPath, FileMode mode, FileAccess access, FileShare share, FileOptions options, Int64 preallocationSize)
   at System.IO.File.OpenHandle(String path, FileMode mode, FileAccess access, FileShare share, FileOptions options, Int64 preallocationSize)
   at System.IO.File.WriteAllBytes(String path, Byte[] bytes)
   at FocusEV.OCPP.Server.OCPPMiddleware.Receive16(ChargePointStatus chargePointStatus, HttpContext context) in C:\Users\ASUS\FOCUS_SolarEV\Work\OCPP.Solaev_Platform_030724\FocusEV.OCPP.Server\OCPPMiddleware.OCPP16.cs:line 432
info: OCPPMiddleware.OCPP16[0] @ 2024-07-12T08:57:04.6073180+07:00
      OCPPMiddleware.Receive16 => OCPP-Message: Type=2 / ID=iKXPuirCkNwPsGrePJ6ayi3BUf0ix0CUthIa / Action=StopTransaction)
trce: OCPPMiddleware.OCPP16[0] @ 2024-07-12T08:57:04.6073268+07:00
      My logStopTransaction
fail: FocusEV.OCPP.Server.ControllerOCPP16[0] @ 2024-07-12T08:57:04.6279230+07:00
      StopTransaction => Exception: Error converting value {null} to type 'System.Int32'. Path 'meterStop', line 1, position 93.
Newtonsoft.Json.JsonSerializationException: Error converting value {null} to type 'System.Int32'. Path 'meterStop', line 1, position 93.
 ---> System.InvalidCastException: Null object cannot be converted to a value type.
   at System.Convert.ChangeType(Object value, Type conversionType, IFormatProvider provider)
   at Newtonsoft.Json.Serialization.JsonSerializerInternalReader.EnsureType(JsonReader reader, Object value, CultureInfo culture, JsonContract contract, Type targetType)
   --- End of inner exception stack trace ---
   at Newtonsoft.Json.Serialization.JsonSerializerInternalReader.EnsureType(JsonReader reader, Object value, CultureInfo culture, JsonContract contract, Type targetType)
   at Newtonsoft.Json.Serialization.JsonSerializerInternalReader.CreateValueInternal(JsonReader reader, Type objectType, JsonContract contract, JsonProperty member, JsonContainerContract containerContract, JsonProperty containerMember, Object existingValue)
   at Newtonsoft.Json.Serialization.JsonSerializerInternalReader.SetPropertyValue(JsonProperty property, JsonConverter propertyConverter, JsonContainerContract containerContract, JsonProperty containerProperty, JsonReader reader, Object target)
   at Newtonsoft.Json.Serialization.JsonSerializerInternalReader.PopulateObject(Object newObject, JsonReader reader, JsonObjectContract contract, JsonProperty member, String id)
   at Newtonsoft.Json.Serialization.JsonSerializerInternalReader.CreateObject(JsonReader reader, Type objectType, JsonContract contract, JsonProperty member, JsonContainerContract containerContract, JsonProperty containerMember, Object existingValue)
   at Newtonsoft.Json.Serialization.JsonSerializerInternalReader.CreateValueInternal(JsonReader reader, Type objectType, JsonContract contract, JsonProperty member, JsonContainerContract containerContract, JsonProperty containerMember, Object existingValue)
   at Newtonsoft.Json.Serialization.JsonSerializerInternalReader.Deserialize(JsonReader reader, Type objectType, Boolean checkAdditionalContent)
   at Newtonsoft.Json.JsonSerializer.DeserializeInternal(JsonReader reader, Type objectType)
   at Newtonsoft.Json.JsonSerializer.Deserialize(JsonReader reader, Type objectType)
   at Newtonsoft.Json.JsonConvert.DeserializeObject(String value, Type type, JsonSerializerSettings settings)
   at Newtonsoft.Json.JsonConvert.DeserializeObject[T](String value, JsonSerializerSettings settings)
   at Newtonsoft.Json.JsonConvert.DeserializeObject[T](String value)
   at FocusEV.OCPP.Server.ControllerOCPP16.HandleStopTransaction(OCPPMessage msgIn, OCPPMessage msgOut) in C:\Users\ASUS\FOCUS_SolarEV\Work\OCPP.Solaev_Platform_030724\FocusEV.OCPP.Server\ControllerOCPP16.StopTransaction.cs:line 34
dbug: FocusEV.OCPP.Server.ControllerOCPP16[0] @ 2024-07-12T08:57:04.6356451+07:00
      ControllerOCPP16 => Return error code messge: ErrorCode=Error converting value {null} to type 'System.Int32'. Path 'meterStop', line 1, position 93.
trce: OCPPMiddleware.OCPP16[0] @ 2024-07-12T08:57:04.6357142+07:00
      OCPPMiddleware.OCPP16 => SendOcppMessage: [4,"iKXPuirCkNwPsGrePJ6ayi3BUf0ix0CUthIa","Error converting value {null} to type 'System.Int32'. Path 'meterStop', line 1, position 93.","",{}]
fail: OCPPMiddleware.OCPP16[0] @ 2024-07-12T08:57:04.6366332+07:00
      OCPPMiddleware.SendOcpp16Message=> Error dumping message to path: 'wwwroot/Logs/OCPP\2024-07-12_08-57-04-6357_ocpp16-out.txt'
System.IO.DirectoryNotFoundException: Could not find a part of the path 'C:\Users\ASUS\FOCUS_SolarEV\Work\OCPP.Solaev_Platform_030724\FocusEV.OCPP.Server\wwwroot\Logs\OCPP\2024-07-12_08-57-04-6357_ocpp16-out.txt'.
   at Microsoft.Win32.SafeHandles.SafeFileHandle.CreateFile(String fullPath, FileMode mode, FileAccess access, FileShare share, FileOptions options)
   at Microsoft.Win32.SafeHandles.SafeFileHandle.Open(String fullPath, FileMode mode, FileAccess access, FileShare share, FileOptions options, Int64 preallocationSize)
   at System.IO.Strategies.OSFileStreamStrategy..ctor(String path, FileMode mode, FileAccess access, FileShare share, FileOptions options, Int64 preallocationSize)
   at System.IO.Strategies.FileStreamHelpers.ChooseStrategyCore(String path, FileMode mode, FileAccess access, FileShare share, FileOptions options, Int64 preallocationSize)
   at System.IO.Strategies.FileStreamHelpers.ChooseStrategy(FileStream fileStream, String path, FileMode mode, FileAccess access, FileShare share, Int32 bufferSize, FileOptions options, Int64 preallocationSize)
   at System.IO.StreamWriter.ValidateArgsAndOpenPath(String path, Boolean append, Encoding encoding, Int32 bufferSize)
   at System.IO.File.WriteAllText(String path, String contents)
   at FocusEV.OCPP.Server.OCPPMiddleware.SendOcpp16Message(OCPPMessage msg, ILogger logger, WebSocket webSocket) in C:\Users\ASUS\FOCUS_SolarEV\Work\OCPP.Solaev_Platform_030724\FocusEV.OCPP.Server\OCPPMiddleware.OCPP16.cs:line 603
info: OCPPMiddleware.OCPP16[0] @ 2024-07-12T08:57:09.8390738+07:00
      OCPPMiddleware.Receive16 => WebSocket Closed: CloseStatus=3001 / MessageType=Close
info: OCPPMiddleware.OCPP16[0] @ 2024-07-12T08:57:09.8405966+07:00
      OCPPMiddleware.Receive16 => Websocket closed: State=Closed / CloseStatus=3001
trce: OCPPMiddleware[0] @ 2024-07-12T09:23:29.5154985+07:00
      OCPPMiddleware => Websocket request: Path='/'
trce: OCPPMiddleware[0] @ 2024-07-12T09:23:29.5893239+07:00
      OCPPMiddleware => Index status page
trce: OCPPMiddleware[0] @ 2024-07-12T09:23:32.7350845+07:00
      OCPPMiddleware => Websocket request: Path='/favicon.ico'
warn: OCPPMiddleware[0] @ 2024-07-12T09:23:32.7855258+07:00
      OCPPMiddleware => Bad path request
trce: OCPPMiddleware[0] @ 2025-02-05T13:47:04.4870024+07:00
      OCPPMiddleware => Websocket request: Path='/'
trce: OCPPMiddleware[0] @ 2025-02-05T13:47:04.5160559+07:00
      OCPPMiddleware => Index status page
trce: OCPPMiddleware[0] @ 2025-02-05T13:47:06.5362456+07:00
      OCPPMiddleware => Websocket request: Path='/favicon.ico'
warn: OCPPMiddleware[0] @ 2025-02-05T13:47:06.5570418+07:00
      OCPPMiddleware => Bad path request
trce: OCPPMiddleware[0] @ 2025-03-31T09:13:59.5918776+07:00
      OCPPMiddleware => Websocket request: Path='/'
trce: OCPPMiddleware[0] @ 2025-03-31T09:13:59.6481097+07:00
      OCPPMiddleware => Index status page
trce: OCPPMiddleware[0] @ 2025-03-31T09:14:02.8061331+07:00
      OCPPMiddleware => Websocket request: Path='/favicon.ico'
warn: OCPPMiddleware[0] @ 2025-03-31T09:14:02.8222038+07:00
      OCPPMiddleware => Bad path request
trce: OCPPMiddleware[0] @ 2025-04-25T10:02:30.5815954+07:00
      OCPPMiddleware => Websocket request: Path='/'
trce: OCPPMiddleware[0] @ 2025-04-25T10:02:30.6032560+07:00
      OCPPMiddleware => Index status page
trce: OCPPMiddleware[0] @ 2025-04-25T10:02:32.7142252+07:00
      OCPPMiddleware => Websocket request: Path='/favicon.ico'
warn: OCPPMiddleware[0] @ 2025-04-25T10:02:32.7250330+07:00
      OCPPMiddleware => Bad path request
trce: OCPPMiddleware[0] @ 2025-04-25T10:04:17.1659117+07:00
      OCPPMiddleware => Websocket request: Path='/'
trce: OCPPMiddleware[0] @ 2025-04-25T10:04:17.1890322+07:00
      OCPPMiddleware => Index status page
trce: OCPPMiddleware[0] @ 2025-04-25T10:04:19.4731474+07:00
      OCPPMiddleware => Websocket request: Path='/favicon.ico'
warn: OCPPMiddleware[0] @ 2025-04-25T10:04:19.4815245+07:00
      OCPPMiddleware => Bad path request
trce: OCPPMiddleware[0] @ 2025-04-25T10:06:31.1972561+07:00
      OCPPMiddleware => Websocket request: Path='/'
trce: OCPPMiddleware[0] @ 2025-04-25T10:06:31.2205683+07:00
      OCPPMiddleware => Index status page
trce: OCPPMiddleware[0] @ 2025-04-25T10:06:33.5179823+07:00
      OCPPMiddleware => Websocket request: Path='/favicon.ico'
warn: OCPPMiddleware[0] @ 2025-04-25T10:06:33.5251763+07:00
      OCPPMiddleware => Bad path request
trce: OCPPMiddleware[0] @ 2025-04-25T10:29:05.1851096+07:00
      OCPPMiddleware => Websocket request: Path='/'
trce: OCPPMiddleware[0] @ 2025-04-25T10:29:05.2049171+07:00
      OCPPMiddleware => Index status page
trce: OCPPMiddleware[0] @ 2025-04-25T10:29:07.3979417+07:00
      OCPPMiddleware => Websocket request: Path='/favicon.ico'
warn: OCPPMiddleware[0] @ 2025-04-25T10:29:07.4105680+07:00
      OCPPMiddleware => Bad path request
trce: OCPPMiddleware[0] @ 2025-04-25T10:42:35.7436505+07:00
      OCPPMiddleware => Websocket request: Path='/'
trce: OCPPMiddleware[0] @ 2025-04-25T10:42:35.7512653+07:00
      OCPPMiddleware => Index status page
trce: OCPPMiddleware[0] @ 2025-04-25T10:42:39.7964970+07:00
      OCPPMiddleware => Websocket request: Path='/favicon.ico'
warn: OCPPMiddleware[0] @ 2025-04-25T10:42:39.8500169+07:00
      OCPPMiddleware => Bad path request
trce: OCPPMiddleware[0] @ 2025-04-25T11:06:32.4181893+07:00
      OCPPMiddleware => Websocket request: Path='/'
trce: OCPPMiddleware[0] @ 2025-04-25T11:06:32.4372609+07:00
      OCPPMiddleware => Index status page
trce: OCPPMiddleware[0] @ 2025-04-25T11:06:34.6639673+07:00
      OCPPMiddleware => Websocket request: Path='/favicon.ico'
warn: OCPPMiddleware[0] @ 2025-04-25T11:06:34.6733983+07:00
      OCPPMiddleware => Bad path request
trce: OCPPMiddleware[0] @ 2025-04-25T11:32:06.9121308+07:00
      OCPPMiddleware => Websocket request: Path='/'
trce: OCPPMiddleware[0] @ 2025-04-25T11:32:06.9337296+07:00
      OCPPMiddleware => Index status page
trce: OCPPMiddleware[0] @ 2025-04-25T11:32:09.2196323+07:00
      OCPPMiddleware => Websocket request: Path='/favicon.ico'
warn: OCPPMiddleware[0] @ 2025-04-25T11:32:09.2336420+07:00
      OCPPMiddleware => Bad path request
trce: OCPPMiddleware[0] @ 2025-04-25T11:35:46.2277499+07:00
      OCPPMiddleware => Websocket request: Path='/OCPP/InsituHCM'
info: OCPPMiddleware[0] @ 2025-04-25T11:35:46.2280190+07:00
      OCPPMiddleware => Connection request with chargepoint identifier = 'InsituHCM'
info: OCPPMiddleware[0] @ 2025-04-25T11:35:47.3412125+07:00
      OCPPMiddleware => SUCCESS: Found chargepoint with identifier=InsituHCM
info: OCPPMiddleware[0] @ 2025-04-25T11:35:47.3413666+07:00
      OCPPMiddleware => No authentication for chargepoint 'InsituHCM' configured
trce: OCPPMiddleware[0] @ 2025-04-25T11:35:47.3446687+07:00
      OCPPMiddleware => Store/Update status object
trce: OCPPMiddleware[0] @ 2025-04-25T11:35:47.3447615+07:00
      OCPPMiddleware => Waiting for message...
trce: OCPPMiddleware[0] @ 2025-04-25T11:35:47.3503209+07:00
      OCPPMiddleware => WebSocket connection with charge point 'InsituHCM'
trce: OCPPMiddleware.OCPP16[0] @ 2025-04-25T11:35:47.3626515+07:00
      OCPPMiddleware.Receive16 => Receiving segment: 326 bytes (EndOfMessage=True / MsgType=Text)
fail: OCPPMiddleware.OCPP16[0] @ 2025-04-25T11:35:47.4328940+07:00
      OCPPMiddleware.Receive16 => Error dumping incoming message to path: 'wwwroot/Logs/OCPP\2025-04-25_11-35-47-3628_ocpp16-in.txt'
System.IO.DirectoryNotFoundException: Could not find a part of the path 'C:\DEVELOPER\OCPP.Solaev_Platform_030724\FocusEV.OCPP.Server\wwwroot\Logs\OCPP\2025-04-25_11-35-47-3628_ocpp16-in.txt'.
   at Microsoft.Win32.SafeHandles.SafeFileHandle.CreateFile(String fullPath, FileMode mode, FileAccess access, FileShare share, FileOptions options)
   at Microsoft.Win32.SafeHandles.SafeFileHandle.Open(String fullPath, FileMode mode, FileAccess access, FileShare share, FileOptions options, Int64 preallocationSize)
   at System.IO.File.OpenHandle(String path, FileMode mode, FileAccess access, FileShare share, FileOptions options, Int64 preallocationSize)
   at System.IO.File.WriteAllBytes(String path, Byte[] bytes)
   at FocusEV.OCPP.Server.OCPPMiddleware.Receive16(ChargePointStatus chargePointStatus, HttpContext context) in C:\DEVELOPER\OCPP.Solaev_Platform_030724\FocusEV.OCPP.Server\OCPPMiddleware.OCPP16.cs:line 432
info: OCPPMiddleware.OCPP16[0] @ 2025-04-25T11:35:47.4414201+07:00
      OCPPMiddleware.Receive16 => OCPP-Message: Type=2 / ID=fi05rvSuNiaAXZhTDuPXYxm7omhWblbal3FZ / Action=BootNotification)
trce: OCPPMiddleware.OCPP16[0] @ 2025-04-25T11:35:47.4417810+07:00
      My logBootNotification
trce: OCPPMiddleware.OCPP16[0] @ 2025-04-25T11:35:47.7925612+07:00
      OCPPMiddleware.OCPP16 => SendOcppMessage: [3,"fi05rvSuNiaAXZhTDuPXYxm7omhWblbal3FZ",{"status":"Accepted","currentTime":"2025-04-25T04:35:47.543415+00:00","interval":300}]
fail: OCPPMiddleware.OCPP16[0] @ 2025-04-25T11:35:47.7945794+07:00
      OCPPMiddleware.SendOcpp16Message=> Error dumping message to path: 'wwwroot/Logs/OCPP\2025-04-25_11-35-47-7925_ocpp16-out.txt'
System.IO.DirectoryNotFoundException: Could not find a part of the path 'C:\DEVELOPER\OCPP.Solaev_Platform_030724\FocusEV.OCPP.Server\wwwroot\Logs\OCPP\2025-04-25_11-35-47-7925_ocpp16-out.txt'.
   at Microsoft.Win32.SafeHandles.SafeFileHandle.CreateFile(String fullPath, FileMode mode, FileAccess access, FileShare share, FileOptions options)
   at Microsoft.Win32.SafeHandles.SafeFileHandle.Open(String fullPath, FileMode mode, FileAccess access, FileShare share, FileOptions options, Int64 preallocationSize)
   at System.IO.Strategies.OSFileStreamStrategy..ctor(String path, FileMode mode, FileAccess access, FileShare share, FileOptions options, Int64 preallocationSize)
   at System.IO.Strategies.FileStreamHelpers.ChooseStrategyCore(String path, FileMode mode, FileAccess access, FileShare share, FileOptions options, Int64 preallocationSize)
   at System.IO.Strategies.FileStreamHelpers.ChooseStrategy(FileStream fileStream, String path, FileMode mode, FileAccess access, FileShare share, Int32 bufferSize, FileOptions options, Int64 preallocationSize)
   at System.IO.StreamWriter.ValidateArgsAndOpenPath(String path, Boolean append, Encoding encoding, Int32 bufferSize)
   at System.IO.File.WriteAllText(String path, String contents)
   at FocusEV.OCPP.Server.OCPPMiddleware.SendOcpp16Message(OCPPMessage msg, ILogger logger, WebSocket webSocket) in C:\DEVELOPER\OCPP.Solaev_Platform_030724\FocusEV.OCPP.Server\OCPPMiddleware.OCPP16.cs:line 603
trce: OCPPMiddleware.OCPP16[0] @ 2025-04-25T11:36:10.9285410+07:00
      OCPPMiddleware.Receive16 => Receiving segment: 169 bytes (EndOfMessage=True / MsgType=Text)
fail: OCPPMiddleware.OCPP16[0] @ 2025-04-25T11:36:10.9301218+07:00
      OCPPMiddleware.Receive16 => Error dumping incoming message to path: 'wwwroot/Logs/OCPP\2025-04-25_11-36-10-9286_ocpp16-in.txt'
System.IO.DirectoryNotFoundException: Could not find a part of the path 'C:\DEVELOPER\OCPP.Solaev_Platform_030724\FocusEV.OCPP.Server\wwwroot\Logs\OCPP\2025-04-25_11-36-10-9286_ocpp16-in.txt'.
   at Microsoft.Win32.SafeHandles.SafeFileHandle.CreateFile(String fullPath, FileMode mode, FileAccess access, FileShare share, FileOptions options)
   at Microsoft.Win32.SafeHandles.SafeFileHandle.Open(String fullPath, FileMode mode, FileAccess access, FileShare share, FileOptions options, Int64 preallocationSize)
   at System.IO.File.OpenHandle(String path, FileMode mode, FileAccess access, FileShare share, FileOptions options, Int64 preallocationSize)
   at System.IO.File.WriteAllBytes(String path, Byte[] bytes)
   at FocusEV.OCPP.Server.OCPPMiddleware.Receive16(ChargePointStatus chargePointStatus, HttpContext context) in C:\DEVELOPER\OCPP.Solaev_Platform_030724\FocusEV.OCPP.Server\OCPPMiddleware.OCPP16.cs:line 432
info: OCPPMiddleware.OCPP16[0] @ 2025-04-25T11:36:10.9304841+07:00
      OCPPMiddleware.Receive16 => OCPP-Message: Type=2 / ID=fi05rvSuNiaAXZhTDuPXYxm7omhWblbal3FZ / Action=StartTransaction)
trce: OCPPMiddleware.OCPP16[0] @ 2025-04-25T11:36:10.9304962+07:00
      My logStartTransaction
info: FocusEV.OCPP.Server.ControllerOCPP16[0] @ 2025-04-25T11:36:11.0060970+07:00
      StartTransaction => Charge tag='587A91AC' => Status: Accepted
info: FocusEV.OCPP.Server.ControllerOCPP16[0] @ 2025-04-25T11:36:11.0869447+07:00
      UpdateConnectorStatus => Save ConnectorStatus: ID=InsituHCM / Connector=1 / Status=Occupied / Meter=0.02
trce: OCPPMiddleware.OCPP16[0] @ 2025-04-25T11:36:11.3755130+07:00
      OCPPMiddleware.OCPP16 => SendOcppMessage: [3,"fi05rvSuNiaAXZhTDuPXYxm7omhWblbal3FZ",{"idTagInfo":{"expiryDate":"2199-12-31T00:00:00+07:00","status":"Accepted"},"transactionId":95489}]
fail: OCPPMiddleware.OCPP16[0] @ 2025-04-25T11:36:11.3763466+07:00
      OCPPMiddleware.SendOcpp16Message=> Error dumping message to path: 'wwwroot/Logs/OCPP\2025-04-25_11-36-11-3755_ocpp16-out.txt'
System.IO.DirectoryNotFoundException: Could not find a part of the path 'C:\DEVELOPER\OCPP.Solaev_Platform_030724\FocusEV.OCPP.Server\wwwroot\Logs\OCPP\2025-04-25_11-36-11-3755_ocpp16-out.txt'.
   at Microsoft.Win32.SafeHandles.SafeFileHandle.CreateFile(String fullPath, FileMode mode, FileAccess access, FileShare share, FileOptions options)
   at Microsoft.Win32.SafeHandles.SafeFileHandle.Open(String fullPath, FileMode mode, FileAccess access, FileShare share, FileOptions options, Int64 preallocationSize)
   at System.IO.Strategies.OSFileStreamStrategy..ctor(String path, FileMode mode, FileAccess access, FileShare share, FileOptions options, Int64 preallocationSize)
   at System.IO.Strategies.FileStreamHelpers.ChooseStrategyCore(String path, FileMode mode, FileAccess access, FileShare share, FileOptions options, Int64 preallocationSize)
   at System.IO.Strategies.FileStreamHelpers.ChooseStrategy(FileStream fileStream, String path, FileMode mode, FileAccess access, FileShare share, Int32 bufferSize, FileOptions options, Int64 preallocationSize)
   at System.IO.StreamWriter.ValidateArgsAndOpenPath(String path, Boolean append, Encoding encoding, Int32 bufferSize)
   at System.IO.File.WriteAllText(String path, String contents)
   at FocusEV.OCPP.Server.OCPPMiddleware.SendOcpp16Message(OCPPMessage msg, ILogger logger, WebSocket webSocket) in C:\DEVELOPER\OCPP.Solaev_Platform_030724\FocusEV.OCPP.Server\OCPPMiddleware.OCPP16.cs:line 603
trce: OCPPMiddleware.OCPP16[0] @ 2025-04-25T11:36:26.1187774+07:00
      OCPPMiddleware.Receive16 => Receiving segment: 169 bytes (EndOfMessage=True / MsgType=Text)
fail: OCPPMiddleware.OCPP16[0] @ 2025-04-25T11:36:26.1197295+07:00
      OCPPMiddleware.Receive16 => Error dumping incoming message to path: 'wwwroot/Logs/OCPP\2025-04-25_11-36-26-1188_ocpp16-in.txt'
System.IO.DirectoryNotFoundException: Could not find a part of the path 'C:\DEVELOPER\OCPP.Solaev_Platform_030724\FocusEV.OCPP.Server\wwwroot\Logs\OCPP\2025-04-25_11-36-26-1188_ocpp16-in.txt'.
   at Microsoft.Win32.SafeHandles.SafeFileHandle.CreateFile(String fullPath, FileMode mode, FileAccess access, FileShare share, FileOptions options)
   at Microsoft.Win32.SafeHandles.SafeFileHandle.Open(String fullPath, FileMode mode, FileAccess access, FileShare share, FileOptions options, Int64 preallocationSize)
   at System.IO.File.OpenHandle(String path, FileMode mode, FileAccess access, FileShare share, FileOptions options, Int64 preallocationSize)
   at System.IO.File.WriteAllBytes(String path, Byte[] bytes)
   at FocusEV.OCPP.Server.OCPPMiddleware.Receive16(ChargePointStatus chargePointStatus, HttpContext context) in C:\DEVELOPER\OCPP.Solaev_Platform_030724\FocusEV.OCPP.Server\OCPPMiddleware.OCPP16.cs:line 432
info: OCPPMiddleware.OCPP16[0] @ 2025-04-25T11:36:26.1200478+07:00
      OCPPMiddleware.Receive16 => OCPP-Message: Type=2 / ID=fi05rvSuNiaAXZhTDuPXYxm7omhWblbal3FZ / Action=StartTransaction)
trce: OCPPMiddleware.OCPP16[0] @ 2025-04-25T11:36:26.1200592+07:00
      My logStartTransaction
info: FocusEV.OCPP.Server.ControllerOCPP16[0] @ 2025-04-25T11:36:26.1492002+07:00
      StartTransaction => Charge tag='587A91AC' => Status: Accepted
info: FocusEV.OCPP.Server.ControllerOCPP16[0] @ 2025-04-25T11:36:26.1943510+07:00
      UpdateConnectorStatus => Save ConnectorStatus: ID=InsituHCM / Connector=1 / Status=Occupied / Meter=0.02
trce: OCPPMiddleware.OCPP16[0] @ 2025-04-25T11:36:26.3166264+07:00
      OCPPMiddleware.OCPP16 => SendOcppMessage: [3,"fi05rvSuNiaAXZhTDuPXYxm7omhWblbal3FZ",{"idTagInfo":{"expiryDate":"2199-12-31T00:00:00+07:00","status":"Accepted"},"transactionId":95490}]
fail: OCPPMiddleware.OCPP16[0] @ 2025-04-25T11:36:26.3177353+07:00
      OCPPMiddleware.SendOcpp16Message=> Error dumping message to path: 'wwwroot/Logs/OCPP\2025-04-25_11-36-26-3166_ocpp16-out.txt'
System.IO.DirectoryNotFoundException: Could not find a part of the path 'C:\DEVELOPER\OCPP.Solaev_Platform_030724\FocusEV.OCPP.Server\wwwroot\Logs\OCPP\2025-04-25_11-36-26-3166_ocpp16-out.txt'.
   at Microsoft.Win32.SafeHandles.SafeFileHandle.CreateFile(String fullPath, FileMode mode, FileAccess access, FileShare share, FileOptions options)
   at Microsoft.Win32.SafeHandles.SafeFileHandle.Open(String fullPath, FileMode mode, FileAccess access, FileShare share, FileOptions options, Int64 preallocationSize)
   at System.IO.Strategies.OSFileStreamStrategy..ctor(String path, FileMode mode, FileAccess access, FileShare share, FileOptions options, Int64 preallocationSize)
   at System.IO.Strategies.FileStreamHelpers.ChooseStrategyCore(String path, FileMode mode, FileAccess access, FileShare share, FileOptions options, Int64 preallocationSize)
   at System.IO.Strategies.FileStreamHelpers.ChooseStrategy(FileStream fileStream, String path, FileMode mode, FileAccess access, FileShare share, Int32 bufferSize, FileOptions options, Int64 preallocationSize)
   at System.IO.StreamWriter.ValidateArgsAndOpenPath(String path, Boolean append, Encoding encoding, Int32 bufferSize)
   at System.IO.File.WriteAllText(String path, String contents)
   at FocusEV.OCPP.Server.OCPPMiddleware.SendOcpp16Message(OCPPMessage msg, ILogger logger, WebSocket webSocket) in C:\DEVELOPER\OCPP.Solaev_Platform_030724\FocusEV.OCPP.Server\OCPPMiddleware.OCPP16.cs:line 603
trce: OCPPMiddleware[0] @ 2025-04-25T11:36:37.9529431+07:00
      OCPPMiddleware => Websocket request: Path='/'
trce: OCPPMiddleware[0] @ 2025-04-25T11:36:37.9529988+07:00
      OCPPMiddleware => Index status page
trce: OCPPMiddleware[0] @ 2025-04-25T11:36:38.6691661+07:00
      OCPPMiddleware => Websocket request: Path='/favicon.ico'
warn: OCPPMiddleware[0] @ 2025-04-25T11:36:38.6696493+07:00
      OCPPMiddleware => Bad path request
trce: OCPPMiddleware[0] @ 2025-04-25T11:36:55.0361823+07:00
      OCPPMiddleware => Websocket request: Path='/'
trce: OCPPMiddleware[0] @ 2025-04-25T11:36:55.0362528+07:00
      OCPPMiddleware => Index status page
trce: OCPPMiddleware[0] @ 2025-04-25T11:36:55.6412026+07:00
      OCPPMiddleware => Websocket request: Path='/favicon.ico'
warn: OCPPMiddleware[0] @ 2025-04-25T11:36:55.6417606+07:00
      OCPPMiddleware => Bad path request
trce: OCPPMiddleware.OCPP16[0] @ 2025-04-25T11:38:27.4658711+07:00
      OCPPMiddleware.Receive16 => Receiving segment: 169 bytes (EndOfMessage=True / MsgType=Text)
fail: OCPPMiddleware.OCPP16[0] @ 2025-04-25T11:38:27.4670103+07:00
      OCPPMiddleware.Receive16 => Error dumping incoming message to path: 'wwwroot/Logs/OCPP\2025-04-25_11-38-27-4659_ocpp16-in.txt'
System.IO.DirectoryNotFoundException: Could not find a part of the path 'C:\DEVELOPER\OCPP.Solaev_Platform_030724\FocusEV.OCPP.Server\wwwroot\Logs\OCPP\2025-04-25_11-38-27-4659_ocpp16-in.txt'.
   at Microsoft.Win32.SafeHandles.SafeFileHandle.CreateFile(String fullPath, FileMode mode, FileAccess access, FileShare share, FileOptions options)
   at Microsoft.Win32.SafeHandles.SafeFileHandle.Open(String fullPath, FileMode mode, FileAccess access, FileShare share, FileOptions options, Int64 preallocationSize)
   at System.IO.File.OpenHandle(String path, FileMode mode, FileAccess access, FileShare share, FileOptions options, Int64 preallocationSize)
   at System.IO.File.WriteAllBytes(String path, Byte[] bytes)
   at FocusEV.OCPP.Server.OCPPMiddleware.Receive16(ChargePointStatus chargePointStatus, HttpContext context) in C:\DEVELOPER\OCPP.Solaev_Platform_030724\FocusEV.OCPP.Server\OCPPMiddleware.OCPP16.cs:line 432
info: OCPPMiddleware.OCPP16[0] @ 2025-04-25T11:38:27.4673616+07:00
      OCPPMiddleware.Receive16 => OCPP-Message: Type=2 / ID=fi05rvSuNiaAXZhTDuPXYxm7omhWblbal3FZ / Action=StartTransaction)
trce: OCPPMiddleware.OCPP16[0] @ 2025-04-25T11:38:27.4673711+07:00
      My logStartTransaction
info: FocusEV.OCPP.Server.ControllerOCPP16[0] @ 2025-04-25T11:38:27.4925007+07:00
      StartTransaction => Charge tag='587A91AC' => Status: Accepted
info: FocusEV.OCPP.Server.ControllerOCPP16[0] @ 2025-04-25T11:38:27.5519781+07:00
      UpdateConnectorStatus => Save ConnectorStatus: ID=InsituHCM / Connector=1 / Status=Occupied / Meter=0.02
trce: OCPPMiddleware.OCPP16[0] @ 2025-04-25T11:38:27.8538066+07:00
      OCPPMiddleware.OCPP16 => SendOcppMessage: [3,"fi05rvSuNiaAXZhTDuPXYxm7omhWblbal3FZ",{"idTagInfo":{"expiryDate":"2199-12-31T00:00:00+07:00","status":"Accepted"},"transactionId":95491}]
fail: OCPPMiddleware.OCPP16[0] @ 2025-04-25T11:38:27.8546004+07:00
      OCPPMiddleware.SendOcpp16Message=> Error dumping message to path: 'wwwroot/Logs/OCPP\2025-04-25_11-38-27-8538_ocpp16-out.txt'
System.IO.DirectoryNotFoundException: Could not find a part of the path 'C:\DEVELOPER\OCPP.Solaev_Platform_030724\FocusEV.OCPP.Server\wwwroot\Logs\OCPP\2025-04-25_11-38-27-8538_ocpp16-out.txt'.
   at Microsoft.Win32.SafeHandles.SafeFileHandle.CreateFile(String fullPath, FileMode mode, FileAccess access, FileShare share, FileOptions options)
   at Microsoft.Win32.SafeHandles.SafeFileHandle.Open(String fullPath, FileMode mode, FileAccess access, FileShare share, FileOptions options, Int64 preallocationSize)
   at System.IO.Strategies.OSFileStreamStrategy..ctor(String path, FileMode mode, FileAccess access, FileShare share, FileOptions options, Int64 preallocationSize)
   at System.IO.Strategies.FileStreamHelpers.ChooseStrategyCore(String path, FileMode mode, FileAccess access, FileShare share, FileOptions options, Int64 preallocationSize)
   at System.IO.Strategies.FileStreamHelpers.ChooseStrategy(FileStream fileStream, String path, FileMode mode, FileAccess access, FileShare share, Int32 bufferSize, FileOptions options, Int64 preallocationSize)
   at System.IO.StreamWriter.ValidateArgsAndOpenPath(String path, Boolean append, Encoding encoding, Int32 bufferSize)
   at System.IO.File.WriteAllText(String path, String contents)
   at FocusEV.OCPP.Server.OCPPMiddleware.SendOcpp16Message(OCPPMessage msg, ILogger logger, WebSocket webSocket) in C:\DEVELOPER\OCPP.Solaev_Platform_030724\FocusEV.OCPP.Server\OCPPMiddleware.OCPP16.cs:line 603
trce: OCPPMiddleware[0] @ 2025-04-25T11:38:32.5306382+07:00
      OCPPMiddleware => Websocket request: Path='/'
trce: OCPPMiddleware[0] @ 2025-04-25T11:38:32.5306932+07:00
      OCPPMiddleware => Index status page
trce: OCPPMiddleware[0] @ 2025-04-25T11:38:33.2213933+07:00
      OCPPMiddleware => Websocket request: Path='/favicon.ico'
warn: OCPPMiddleware[0] @ 2025-04-25T11:38:33.2219866+07:00
      OCPPMiddleware => Bad path request
trce: OCPPMiddleware[0] @ 2025-04-25T11:38:35.4744779+07:00
      OCPPMiddleware => Websocket request: Path='/'
trce: OCPPMiddleware[0] @ 2025-04-25T11:38:35.4745247+07:00
      OCPPMiddleware => Index status page
trce: OCPPMiddleware[0] @ 2025-04-25T11:38:35.9754893+07:00
      OCPPMiddleware => Websocket request: Path='/favicon.ico'
warn: OCPPMiddleware[0] @ 2025-04-25T11:38:35.9759774+07:00
      OCPPMiddleware => Bad path request
trce: OCPPMiddleware.OCPP16[0] @ 2025-04-25T11:38:40.9296693+07:00
      OCPPMiddleware.Receive16 => Receiving segment: 157 bytes (EndOfMessage=True / MsgType=Text)
fail: OCPPMiddleware.OCPP16[0] @ 2025-04-25T11:38:40.9305758+07:00
      OCPPMiddleware.Receive16 => Error dumping incoming message to path: 'wwwroot/Logs/OCPP\2025-04-25_11-38-40-9297_ocpp16-in.txt'
System.IO.DirectoryNotFoundException: Could not find a part of the path 'C:\DEVELOPER\OCPP.Solaev_Platform_030724\FocusEV.OCPP.Server\wwwroot\Logs\OCPP\2025-04-25_11-38-40-9297_ocpp16-in.txt'.
   at Microsoft.Win32.SafeHandles.SafeFileHandle.CreateFile(String fullPath, FileMode mode, FileAccess access, FileShare share, FileOptions options)
   at Microsoft.Win32.SafeHandles.SafeFileHandle.Open(String fullPath, FileMode mode, FileAccess access, FileShare share, FileOptions options, Int64 preallocationSize)
   at System.IO.File.OpenHandle(String path, FileMode mode, FileAccess access, FileShare share, FileOptions options, Int64 preallocationSize)
   at System.IO.File.WriteAllBytes(String path, Byte[] bytes)
   at FocusEV.OCPP.Server.OCPPMiddleware.Receive16(ChargePointStatus chargePointStatus, HttpContext context) in C:\DEVELOPER\OCPP.Solaev_Platform_030724\FocusEV.OCPP.Server\OCPPMiddleware.OCPP16.cs:line 432
info: OCPPMiddleware.OCPP16[0] @ 2025-04-25T11:38:40.9308310+07:00
      OCPPMiddleware.Receive16 => OCPP-Message: Type=2 / ID=fi05rvSuNiaAXZhTDuPXYxm7omhWblbal3FZ / Action=StopTransaction)
trce: OCPPMiddleware.OCPP16[0] @ 2025-04-25T11:38:40.9308389+07:00
      My logStopTransaction
info: FocusEV.OCPP.Server.ControllerOCPP16[0] @ 2025-04-25T11:38:41.5031485+07:00
      StopTransaction => RFID-tag='587A91AC' => Status: Accepted
info: FocusEV.OCPP.Server.ControllerOCPP16[0] @ 2025-04-25T11:38:41.5892021+07:00
      UpdateConnectorStatus => Save ConnectorStatus: ID=InsituHCM / Connector=1 / Status=(null) / Meter=0.05
trce: OCPPMiddleware.OCPP16[0] @ 2025-04-25T11:38:42.8153214+07:00
      OCPPMiddleware.OCPP16 => SendOcppMessage: [3,"fi05rvSuNiaAXZhTDuPXYxm7omhWblbal3FZ",{"idTagInfo":{"expiryDate":"2199-12-31T00:00:00+07:00","status":"Accepted"}}]
fail: OCPPMiddleware.OCPP16[0] @ 2025-04-25T11:38:42.8164332+07:00
      OCPPMiddleware.SendOcpp16Message=> Error dumping message to path: 'wwwroot/Logs/OCPP\2025-04-25_11-38-42-8153_ocpp16-out.txt'
System.IO.DirectoryNotFoundException: Could not find a part of the path 'C:\DEVELOPER\OCPP.Solaev_Platform_030724\FocusEV.OCPP.Server\wwwroot\Logs\OCPP\2025-04-25_11-38-42-8153_ocpp16-out.txt'.
   at Microsoft.Win32.SafeHandles.SafeFileHandle.CreateFile(String fullPath, FileMode mode, FileAccess access, FileShare share, FileOptions options)
   at Microsoft.Win32.SafeHandles.SafeFileHandle.Open(String fullPath, FileMode mode, FileAccess access, FileShare share, FileOptions options, Int64 preallocationSize)
   at System.IO.Strategies.OSFileStreamStrategy..ctor(String path, FileMode mode, FileAccess access, FileShare share, FileOptions options, Int64 preallocationSize)
   at System.IO.Strategies.FileStreamHelpers.ChooseStrategyCore(String path, FileMode mode, FileAccess access, FileShare share, FileOptions options, Int64 preallocationSize)
   at System.IO.Strategies.FileStreamHelpers.ChooseStrategy(FileStream fileStream, String path, FileMode mode, FileAccess access, FileShare share, Int32 bufferSize, FileOptions options, Int64 preallocationSize)
   at System.IO.StreamWriter.ValidateArgsAndOpenPath(String path, Boolean append, Encoding encoding, Int32 bufferSize)
   at System.IO.File.WriteAllText(String path, String contents)
   at FocusEV.OCPP.Server.OCPPMiddleware.SendOcpp16Message(OCPPMessage msg, ILogger logger, WebSocket webSocket) in C:\DEVELOPER\OCPP.Solaev_Platform_030724\FocusEV.OCPP.Server\OCPPMiddleware.OCPP16.cs:line 603
trce: OCPPMiddleware[0] @ 2025-04-25T11:38:45.3005275+07:00
      OCPPMiddleware => Websocket request: Path='/'
trce: OCPPMiddleware[0] @ 2025-04-25T11:38:45.3005879+07:00
      OCPPMiddleware => Index status page
trce: OCPPMiddleware[0] @ 2025-04-25T11:38:45.7880740+07:00
      OCPPMiddleware => Websocket request: Path='/favicon.ico'
warn: OCPPMiddleware[0] @ 2025-04-25T11:38:45.7886150+07:00
      OCPPMiddleware => Bad path request
trce: OCPPMiddleware[0] @ 2025-04-25T11:38:47.0860984+07:00
      OCPPMiddleware => Websocket request: Path='/'
trce: OCPPMiddleware[0] @ 2025-04-25T11:38:47.0861760+07:00
      OCPPMiddleware => Index status page
trce: OCPPMiddleware[0] @ 2025-04-25T11:38:47.5361167+07:00
      OCPPMiddleware => Websocket request: Path='/favicon.ico'
warn: OCPPMiddleware[0] @ 2025-04-25T11:38:47.5366651+07:00
      OCPPMiddleware => Bad path request
trce: OCPPMiddleware.OCPP16[0] @ 2025-04-25T11:38:53.9338890+07:00
      OCPPMiddleware.Receive16 => Receiving segment: 155 bytes (EndOfMessage=True / MsgType=Text)
fail: OCPPMiddleware.OCPP16[0] @ 2025-04-25T11:38:53.9358523+07:00
      OCPPMiddleware.Receive16 => Error dumping incoming message to path: 'wwwroot/Logs/OCPP\2025-04-25_11-38-53-9340_ocpp16-in.txt'
System.IO.DirectoryNotFoundException: Could not find a part of the path 'C:\DEVELOPER\OCPP.Solaev_Platform_030724\FocusEV.OCPP.Server\wwwroot\Logs\OCPP\2025-04-25_11-38-53-9340_ocpp16-in.txt'.
   at Microsoft.Win32.SafeHandles.SafeFileHandle.CreateFile(String fullPath, FileMode mode, FileAccess access, FileShare share, FileOptions options)
   at Microsoft.Win32.SafeHandles.SafeFileHandle.Open(String fullPath, FileMode mode, FileAccess access, FileShare share, FileOptions options, Int64 preallocationSize)
   at System.IO.File.OpenHandle(String path, FileMode mode, FileAccess access, FileShare share, FileOptions options, Int64 preallocationSize)
   at System.IO.File.WriteAllBytes(String path, Byte[] bytes)
   at FocusEV.OCPP.Server.OCPPMiddleware.Receive16(ChargePointStatus chargePointStatus, HttpContext context) in C:\DEVELOPER\OCPP.Solaev_Platform_030724\FocusEV.OCPP.Server\OCPPMiddleware.OCPP16.cs:line 432
info: OCPPMiddleware.OCPP16[0] @ 2025-04-25T11:38:53.9362510+07:00
      OCPPMiddleware.Receive16 => OCPP-Message: Type=2 / ID=fi05rvSuNiaAXZhTDuPXYxm7omhWblbal3FZ / Action=StopTransaction)
trce: OCPPMiddleware.OCPP16[0] @ 2025-04-25T11:38:53.9362600+07:00
      My logStopTransaction
fail: FocusEV.OCPP.Server.ControllerOCPP16[0] @ 2025-04-25T11:38:53.9456678+07:00
      StopTransaction => Exception: Error converting value {null} to type 'System.Int32'. Path 'meterStop', line 1, position 93.
Newtonsoft.Json.JsonSerializationException: Error converting value {null} to type 'System.Int32'. Path 'meterStop', line 1, position 93.
 ---> System.InvalidCastException: Null object cannot be converted to a value type.
   at System.Convert.ChangeType(Object value, Type conversionType, IFormatProvider provider)
   at Newtonsoft.Json.Serialization.JsonSerializerInternalReader.EnsureType(JsonReader reader, Object value, CultureInfo culture, JsonContract contract, Type targetType)
   --- End of inner exception stack trace ---
   at Newtonsoft.Json.Serialization.JsonSerializerInternalReader.EnsureType(JsonReader reader, Object value, CultureInfo culture, JsonContract contract, Type targetType)
   at Newtonsoft.Json.Serialization.JsonSerializerInternalReader.CreateValueInternal(JsonReader reader, Type objectType, JsonContract contract, JsonProperty member, JsonContainerContract containerContract, JsonProperty containerMember, Object existingValue)
   at Newtonsoft.Json.Serialization.JsonSerializerInternalReader.SetPropertyValue(JsonProperty property, JsonConverter propertyConverter, JsonContainerContract containerContract, JsonProperty containerProperty, JsonReader reader, Object target)
   at Newtonsoft.Json.Serialization.JsonSerializerInternalReader.PopulateObject(Object newObject, JsonReader reader, JsonObjectContract contract, JsonProperty member, String id)
   at Newtonsoft.Json.Serialization.JsonSerializerInternalReader.CreateObject(JsonReader reader, Type objectType, JsonContract contract, JsonProperty member, JsonContainerContract containerContract, JsonProperty containerMember, Object existingValue)
   at Newtonsoft.Json.Serialization.JsonSerializerInternalReader.CreateValueInternal(JsonReader reader, Type objectType, JsonContract contract, JsonProperty member, JsonContainerContract containerContract, JsonProperty containerMember, Object existingValue)
   at Newtonsoft.Json.Serialization.JsonSerializerInternalReader.Deserialize(JsonReader reader, Type objectType, Boolean checkAdditionalContent)
   at Newtonsoft.Json.JsonSerializer.DeserializeInternal(JsonReader reader, Type objectType)
   at Newtonsoft.Json.JsonSerializer.Deserialize(JsonReader reader, Type objectType)
   at Newtonsoft.Json.JsonConvert.DeserializeObject(String value, Type type, JsonSerializerSettings settings)
   at Newtonsoft.Json.JsonConvert.DeserializeObject[T](String value, JsonSerializerSettings settings)
   at Newtonsoft.Json.JsonConvert.DeserializeObject[T](String value)
   at FocusEV.OCPP.Server.ControllerOCPP16.HandleStopTransaction(OCPPMessage msgIn, OCPPMessage msgOut) in C:\DEVELOPER\OCPP.Solaev_Platform_030724\FocusEV.OCPP.Server\ControllerOCPP16.StopTransaction.cs:line 34
dbug: FocusEV.OCPP.Server.ControllerOCPP16[0] @ 2025-04-25T11:38:53.9845420+07:00
      ControllerOCPP16 => Return error code messge: ErrorCode=Error converting value {null} to type 'System.Int32'. Path 'meterStop', line 1, position 93.
trce: OCPPMiddleware.OCPP16[0] @ 2025-04-25T11:38:53.9845983+07:00
      OCPPMiddleware.OCPP16 => SendOcppMessage: [4,"fi05rvSuNiaAXZhTDuPXYxm7omhWblbal3FZ","Error converting value {null} to type 'System.Int32'. Path 'meterStop', line 1, position 93.","",{}]
fail: OCPPMiddleware.OCPP16[0] @ 2025-04-25T11:38:53.9854195+07:00
      OCPPMiddleware.SendOcpp16Message=> Error dumping message to path: 'wwwroot/Logs/OCPP\2025-04-25_11-38-53-9846_ocpp16-out.txt'
System.IO.DirectoryNotFoundException: Could not find a part of the path 'C:\DEVELOPER\OCPP.Solaev_Platform_030724\FocusEV.OCPP.Server\wwwroot\Logs\OCPP\2025-04-25_11-38-53-9846_ocpp16-out.txt'.
   at Microsoft.Win32.SafeHandles.SafeFileHandle.CreateFile(String fullPath, FileMode mode, FileAccess access, FileShare share, FileOptions options)
   at Microsoft.Win32.SafeHandles.SafeFileHandle.Open(String fullPath, FileMode mode, FileAccess access, FileShare share, FileOptions options, Int64 preallocationSize)
   at System.IO.Strategies.OSFileStreamStrategy..ctor(String path, FileMode mode, FileAccess access, FileShare share, FileOptions options, Int64 preallocationSize)
   at System.IO.Strategies.FileStreamHelpers.ChooseStrategyCore(String path, FileMode mode, FileAccess access, FileShare share, FileOptions options, Int64 preallocationSize)
   at System.IO.Strategies.FileStreamHelpers.ChooseStrategy(FileStream fileStream, String path, FileMode mode, FileAccess access, FileShare share, Int32 bufferSize, FileOptions options, Int64 preallocationSize)
   at System.IO.StreamWriter.ValidateArgsAndOpenPath(String path, Boolean append, Encoding encoding, Int32 bufferSize)
   at System.IO.File.WriteAllText(String path, String contents)
   at FocusEV.OCPP.Server.OCPPMiddleware.SendOcpp16Message(OCPPMessage msg, ILogger logger, WebSocket webSocket) in C:\DEVELOPER\OCPP.Solaev_Platform_030724\FocusEV.OCPP.Server\OCPPMiddleware.OCPP16.cs:line 603
trce: OCPPMiddleware.OCPP16[0] @ 2025-04-25T11:38:57.0339666+07:00
      OCPPMiddleware.Receive16 => Receiving segment: 155 bytes (EndOfMessage=True / MsgType=Text)
fail: OCPPMiddleware.OCPP16[0] @ 2025-04-25T11:38:57.0349066+07:00
      OCPPMiddleware.Receive16 => Error dumping incoming message to path: 'wwwroot/Logs/OCPP\2025-04-25_11-38-57-0340_ocpp16-in.txt'
System.IO.DirectoryNotFoundException: Could not find a part of the path 'C:\DEVELOPER\OCPP.Solaev_Platform_030724\FocusEV.OCPP.Server\wwwroot\Logs\OCPP\2025-04-25_11-38-57-0340_ocpp16-in.txt'.
   at Microsoft.Win32.SafeHandles.SafeFileHandle.CreateFile(String fullPath, FileMode mode, FileAccess access, FileShare share, FileOptions options)
   at Microsoft.Win32.SafeHandles.SafeFileHandle.Open(String fullPath, FileMode mode, FileAccess access, FileShare share, FileOptions options, Int64 preallocationSize)
   at System.IO.File.OpenHandle(String path, FileMode mode, FileAccess access, FileShare share, FileOptions options, Int64 preallocationSize)
   at System.IO.File.WriteAllBytes(String path, Byte[] bytes)
   at FocusEV.OCPP.Server.OCPPMiddleware.Receive16(ChargePointStatus chargePointStatus, HttpContext context) in C:\DEVELOPER\OCPP.Solaev_Platform_030724\FocusEV.OCPP.Server\OCPPMiddleware.OCPP16.cs:line 432
info: OCPPMiddleware.OCPP16[0] @ 2025-04-25T11:38:57.0352791+07:00
      OCPPMiddleware.Receive16 => OCPP-Message: Type=2 / ID=fi05rvSuNiaAXZhTDuPXYxm7omhWblbal3FZ / Action=StopTransaction)
trce: OCPPMiddleware.OCPP16[0] @ 2025-04-25T11:38:57.0352893+07:00
      My logStopTransaction
fail: FocusEV.OCPP.Server.ControllerOCPP16[0] @ 2025-04-25T11:38:57.0376191+07:00
      StopTransaction => Exception: Error converting value {null} to type 'System.Int32'. Path 'meterStop', line 1, position 93.
Newtonsoft.Json.JsonSerializationException: Error converting value {null} to type 'System.Int32'. Path 'meterStop', line 1, position 93.
 ---> System.InvalidCastException: Null object cannot be converted to a value type.
   at System.Convert.ChangeType(Object value, Type conversionType, IFormatProvider provider)
   at Newtonsoft.Json.Serialization.JsonSerializerInternalReader.EnsureType(JsonReader reader, Object value, CultureInfo culture, JsonContract contract, Type targetType)
   --- End of inner exception stack trace ---
   at Newtonsoft.Json.Serialization.JsonSerializerInternalReader.EnsureType(JsonReader reader, Object value, CultureInfo culture, JsonContract contract, Type targetType)
   at Newtonsoft.Json.Serialization.JsonSerializerInternalReader.CreateValueInternal(JsonReader reader, Type objectType, JsonContract contract, JsonProperty member, JsonContainerContract containerContract, JsonProperty containerMember, Object existingValue)
   at Newtonsoft.Json.Serialization.JsonSerializerInternalReader.SetPropertyValue(JsonProperty property, JsonConverter propertyConverter, JsonContainerContract containerContract, JsonProperty containerProperty, JsonReader reader, Object target)
   at Newtonsoft.Json.Serialization.JsonSerializerInternalReader.PopulateObject(Object newObject, JsonReader reader, JsonObjectContract contract, JsonProperty member, String id)
   at Newtonsoft.Json.Serialization.JsonSerializerInternalReader.CreateObject(JsonReader reader, Type objectType, JsonContract contract, JsonProperty member, JsonContainerContract containerContract, JsonProperty containerMember, Object existingValue)
   at Newtonsoft.Json.Serialization.JsonSerializerInternalReader.CreateValueInternal(JsonReader reader, Type objectType, JsonContract contract, JsonProperty member, JsonContainerContract containerContract, JsonProperty containerMember, Object existingValue)
   at Newtonsoft.Json.Serialization.JsonSerializerInternalReader.Deserialize(JsonReader reader, Type objectType, Boolean checkAdditionalContent)
   at Newtonsoft.Json.JsonSerializer.DeserializeInternal(JsonReader reader, Type objectType)
   at Newtonsoft.Json.JsonSerializer.Deserialize(JsonReader reader, Type objectType)
   at Newtonsoft.Json.JsonConvert.DeserializeObject(String value, Type type, JsonSerializerSettings settings)
   at Newtonsoft.Json.JsonConvert.DeserializeObject[T](String value, JsonSerializerSettings settings)
   at Newtonsoft.Json.JsonConvert.DeserializeObject[T](String value)
   at FocusEV.OCPP.Server.ControllerOCPP16.HandleStopTransaction(OCPPMessage msgIn, OCPPMessage msgOut) in C:\DEVELOPER\OCPP.Solaev_Platform_030724\FocusEV.OCPP.Server\ControllerOCPP16.StopTransaction.cs:line 34
dbug: FocusEV.OCPP.Server.ControllerOCPP16[0] @ 2025-04-25T11:38:57.0763311+07:00
      ControllerOCPP16 => Return error code messge: ErrorCode=Error converting value {null} to type 'System.Int32'. Path 'meterStop', line 1, position 93.
trce: OCPPMiddleware.OCPP16[0] @ 2025-04-25T11:38:57.0763508+07:00
      OCPPMiddleware.OCPP16 => SendOcppMessage: [4,"fi05rvSuNiaAXZhTDuPXYxm7omhWblbal3FZ","Error converting value {null} to type 'System.Int32'. Path 'meterStop', line 1, position 93.","",{}]
fail: OCPPMiddleware.OCPP16[0] @ 2025-04-25T11:38:57.0770782+07:00
      OCPPMiddleware.SendOcpp16Message=> Error dumping message to path: 'wwwroot/Logs/OCPP\2025-04-25_11-38-57-0763_ocpp16-out.txt'
System.IO.DirectoryNotFoundException: Could not find a part of the path 'C:\DEVELOPER\OCPP.Solaev_Platform_030724\FocusEV.OCPP.Server\wwwroot\Logs\OCPP\2025-04-25_11-38-57-0763_ocpp16-out.txt'.
   at Microsoft.Win32.SafeHandles.SafeFileHandle.CreateFile(String fullPath, FileMode mode, FileAccess access, FileShare share, FileOptions options)
   at Microsoft.Win32.SafeHandles.SafeFileHandle.Open(String fullPath, FileMode mode, FileAccess access, FileShare share, FileOptions options, Int64 preallocationSize)
   at System.IO.Strategies.OSFileStreamStrategy..ctor(String path, FileMode mode, FileAccess access, FileShare share, FileOptions options, Int64 preallocationSize)
   at System.IO.Strategies.FileStreamHelpers.ChooseStrategyCore(String path, FileMode mode, FileAccess access, FileShare share, FileOptions options, Int64 preallocationSize)
   at System.IO.Strategies.FileStreamHelpers.ChooseStrategy(FileStream fileStream, String path, FileMode mode, FileAccess access, FileShare share, Int32 bufferSize, FileOptions options, Int64 preallocationSize)
   at System.IO.StreamWriter.ValidateArgsAndOpenPath(String path, Boolean append, Encoding encoding, Int32 bufferSize)
   at System.IO.File.WriteAllText(String path, String contents)
   at FocusEV.OCPP.Server.OCPPMiddleware.SendOcpp16Message(OCPPMessage msg, ILogger logger, WebSocket webSocket) in C:\DEVELOPER\OCPP.Solaev_Platform_030724\FocusEV.OCPP.Server\OCPPMiddleware.OCPP16.cs:line 603
trce: OCPPMiddleware[0] @ 2025-04-25T11:39:01.1199855+07:00
      OCPPMiddleware => Websocket request: Path='/'
trce: OCPPMiddleware[0] @ 2025-04-25T11:39:01.1200309+07:00
      OCPPMiddleware => Index status page
trce: OCPPMiddleware[0] @ 2025-04-25T11:39:01.5533450+07:00
      OCPPMiddleware => Websocket request: Path='/favicon.ico'
warn: OCPPMiddleware[0] @ 2025-04-25T11:39:01.5539246+07:00
      OCPPMiddleware => Bad path request
trce: OCPPMiddleware[0] @ 2025-04-25T11:39:02.0718715+07:00
      OCPPMiddleware => Websocket request: Path='/'
trce: OCPPMiddleware[0] @ 2025-04-25T11:39:02.0719117+07:00
      OCPPMiddleware => Index status page
trce: OCPPMiddleware[0] @ 2025-04-25T11:39:02.5249052+07:00
      OCPPMiddleware => Websocket request: Path='/favicon.ico'
warn: OCPPMiddleware[0] @ 2025-04-25T11:39:02.5254468+07:00
      OCPPMiddleware => Bad path request
trce: OCPPMiddleware[0] @ 2025-04-25T11:39:02.9431423+07:00
      OCPPMiddleware => Websocket request: Path='/'
trce: OCPPMiddleware[0] @ 2025-04-25T11:39:02.9431892+07:00
      OCPPMiddleware => Index status page
trce: OCPPMiddleware[0] @ 2025-04-25T11:39:03.3920665+07:00
      OCPPMiddleware => Websocket request: Path='/favicon.ico'
warn: OCPPMiddleware[0] @ 2025-04-25T11:39:03.3924283+07:00
      OCPPMiddleware => Bad path request
trce: OCPPMiddleware.OCPP16[0] @ 2025-04-25T11:39:21.0453574+07:00
      OCPPMiddleware.Receive16 => Receiving segment: 204 bytes (EndOfMessage=True / MsgType=Text)
fail: OCPPMiddleware.OCPP16[0] @ 2025-04-25T11:39:21.0467170+07:00
      OCPPMiddleware.Receive16 => Error dumping incoming message to path: 'wwwroot/Logs/OCPP\2025-04-25_11-39-21-0454_ocpp16-in.txt'
System.IO.DirectoryNotFoundException: Could not find a part of the path 'C:\DEVELOPER\OCPP.Solaev_Platform_030724\FocusEV.OCPP.Server\wwwroot\Logs\OCPP\2025-04-25_11-39-21-0454_ocpp16-in.txt'.
   at Microsoft.Win32.SafeHandles.SafeFileHandle.CreateFile(String fullPath, FileMode mode, FileAccess access, FileShare share, FileOptions options)
   at Microsoft.Win32.SafeHandles.SafeFileHandle.Open(String fullPath, FileMode mode, FileAccess access, FileShare share, FileOptions options, Int64 preallocationSize)
   at System.IO.File.OpenHandle(String path, FileMode mode, FileAccess access, FileShare share, FileOptions options, Int64 preallocationSize)
   at System.IO.File.WriteAllBytes(String path, Byte[] bytes)
   at FocusEV.OCPP.Server.OCPPMiddleware.Receive16(ChargePointStatus chargePointStatus, HttpContext context) in C:\DEVELOPER\OCPP.Solaev_Platform_030724\FocusEV.OCPP.Server\OCPPMiddleware.OCPP16.cs:line 432
info: OCPPMiddleware.OCPP16[0] @ 2025-04-25T11:39:21.0477922+07:00
      OCPPMiddleware.Receive16 => OCPP-Message: Type=2 / ID=fi05rvSuNiaAXZhTDuPXYxm7omhWblbal3FZ / Action=StatusNotification)
trce: OCPPMiddleware.OCPP16[0] @ 2025-04-25T11:39:21.0478052+07:00
      My logStatusNotification
info: FocusEV.OCPP.Server.ControllerOCPP16[0] @ 2025-04-25T11:39:21.0807496+07:00
      StatusNotification => ChargePoint=InsituHCM / Connector=2 / newStatus=Available
info: FocusEV.OCPP.Server.ControllerOCPP16[0] @ 2025-04-25T11:39:21.1108620+07:00
      UpdateConnectorStatus => Save ConnectorStatus: ID=InsituHCM / Connector=2 / Status=Available / Meter=(null)
trce: OCPPMiddleware.OCPP16[0] @ 2025-04-25T11:39:21.1117269+07:00
      OCPPMiddleware.OCPP16 => SendOcppMessage: [3,"fi05rvSuNiaAXZhTDuPXYxm7omhWblbal3FZ",{}]
fail: OCPPMiddleware.OCPP16[0] @ 2025-04-25T11:39:21.1125952+07:00
      OCPPMiddleware.SendOcpp16Message=> Error dumping message to path: 'wwwroot/Logs/OCPP\2025-04-25_11-39-21-1117_ocpp16-out.txt'
System.IO.DirectoryNotFoundException: Could not find a part of the path 'C:\DEVELOPER\OCPP.Solaev_Platform_030724\FocusEV.OCPP.Server\wwwroot\Logs\OCPP\2025-04-25_11-39-21-1117_ocpp16-out.txt'.
   at Microsoft.Win32.SafeHandles.SafeFileHandle.CreateFile(String fullPath, FileMode mode, FileAccess access, FileShare share, FileOptions options)
   at Microsoft.Win32.SafeHandles.SafeFileHandle.Open(String fullPath, FileMode mode, FileAccess access, FileShare share, FileOptions options, Int64 preallocationSize)
   at System.IO.Strategies.OSFileStreamStrategy..ctor(String path, FileMode mode, FileAccess access, FileShare share, FileOptions options, Int64 preallocationSize)
   at System.IO.Strategies.FileStreamHelpers.ChooseStrategyCore(String path, FileMode mode, FileAccess access, FileShare share, FileOptions options, Int64 preallocationSize)
   at System.IO.Strategies.FileStreamHelpers.ChooseStrategy(FileStream fileStream, String path, FileMode mode, FileAccess access, FileShare share, Int32 bufferSize, FileOptions options, Int64 preallocationSize)
   at System.IO.StreamWriter.ValidateArgsAndOpenPath(String path, Boolean append, Encoding encoding, Int32 bufferSize)
   at System.IO.File.WriteAllText(String path, String contents)
   at FocusEV.OCPP.Server.OCPPMiddleware.SendOcpp16Message(OCPPMessage msg, ILogger logger, WebSocket webSocket) in C:\DEVELOPER\OCPP.Solaev_Platform_030724\FocusEV.OCPP.Server\OCPPMiddleware.OCPP16.cs:line 603
trce: OCPPMiddleware.OCPP16[0] @ 2025-04-25T11:39:21.8253351+07:00
      OCPPMiddleware.Receive16 => Receiving segment: 204 bytes (EndOfMessage=True / MsgType=Text)
fail: OCPPMiddleware.OCPP16[0] @ 2025-04-25T11:39:21.8266595+07:00
      OCPPMiddleware.Receive16 => Error dumping incoming message to path: 'wwwroot/Logs/OCPP\2025-04-25_11-39-21-8254_ocpp16-in.txt'
System.IO.DirectoryNotFoundException: Could not find a part of the path 'C:\DEVELOPER\OCPP.Solaev_Platform_030724\FocusEV.OCPP.Server\wwwroot\Logs\OCPP\2025-04-25_11-39-21-8254_ocpp16-in.txt'.
   at Microsoft.Win32.SafeHandles.SafeFileHandle.CreateFile(String fullPath, FileMode mode, FileAccess access, FileShare share, FileOptions options)
   at Microsoft.Win32.SafeHandles.SafeFileHandle.Open(String fullPath, FileMode mode, FileAccess access, FileShare share, FileOptions options, Int64 preallocationSize)
   at System.IO.File.OpenHandle(String path, FileMode mode, FileAccess access, FileShare share, FileOptions options, Int64 preallocationSize)
   at System.IO.File.WriteAllBytes(String path, Byte[] bytes)
   at FocusEV.OCPP.Server.OCPPMiddleware.Receive16(ChargePointStatus chargePointStatus, HttpContext context) in C:\DEVELOPER\OCPP.Solaev_Platform_030724\FocusEV.OCPP.Server\OCPPMiddleware.OCPP16.cs:line 432
info: OCPPMiddleware.OCPP16[0] @ 2025-04-25T11:39:21.8270024+07:00
      OCPPMiddleware.Receive16 => OCPP-Message: Type=2 / ID=fi05rvSuNiaAXZhTDuPXYxm7omhWblbal3FZ / Action=StatusNotification)
trce: OCPPMiddleware.OCPP16[0] @ 2025-04-25T11:39:21.8270185+07:00
      My logStatusNotification
info: FocusEV.OCPP.Server.ControllerOCPP16[0] @ 2025-04-25T11:39:21.8632653+07:00
      StatusNotification => ChargePoint=InsituHCM / Connector=2 / newStatus=Available
info: FocusEV.OCPP.Server.ControllerOCPP16[0] @ 2025-04-25T11:39:21.8712212+07:00
      UpdateConnectorStatus => Save ConnectorStatus: ID=InsituHCM / Connector=2 / Status=Available / Meter=(null)
trce: OCPPMiddleware.OCPP16[0] @ 2025-04-25T11:39:21.8712885+07:00
      OCPPMiddleware.OCPP16 => SendOcppMessage: [3,"fi05rvSuNiaAXZhTDuPXYxm7omhWblbal3FZ",{}]
fail: OCPPMiddleware.OCPP16[0] @ 2025-04-25T11:39:21.8725500+07:00
      OCPPMiddleware.SendOcpp16Message=> Error dumping message to path: 'wwwroot/Logs/OCPP\2025-04-25_11-39-21-8713_ocpp16-out.txt'
System.IO.DirectoryNotFoundException: Could not find a part of the path 'C:\DEVELOPER\OCPP.Solaev_Platform_030724\FocusEV.OCPP.Server\wwwroot\Logs\OCPP\2025-04-25_11-39-21-8713_ocpp16-out.txt'.
   at Microsoft.Win32.SafeHandles.SafeFileHandle.CreateFile(String fullPath, FileMode mode, FileAccess access, FileShare share, FileOptions options)
   at Microsoft.Win32.SafeHandles.SafeFileHandle.Open(String fullPath, FileMode mode, FileAccess access, FileShare share, FileOptions options, Int64 preallocationSize)
   at System.IO.Strategies.OSFileStreamStrategy..ctor(String path, FileMode mode, FileAccess access, FileShare share, FileOptions options, Int64 preallocationSize)
   at System.IO.Strategies.FileStreamHelpers.ChooseStrategyCore(String path, FileMode mode, FileAccess access, FileShare share, FileOptions options, Int64 preallocationSize)
   at System.IO.Strategies.FileStreamHelpers.ChooseStrategy(FileStream fileStream, String path, FileMode mode, FileAccess access, FileShare share, Int32 bufferSize, FileOptions options, Int64 preallocationSize)
   at System.IO.StreamWriter.ValidateArgsAndOpenPath(String path, Boolean append, Encoding encoding, Int32 bufferSize)
   at System.IO.File.WriteAllText(String path, String contents)
   at FocusEV.OCPP.Server.OCPPMiddleware.SendOcpp16Message(OCPPMessage msg, ILogger logger, WebSocket webSocket) in C:\DEVELOPER\OCPP.Solaev_Platform_030724\FocusEV.OCPP.Server\OCPPMiddleware.OCPP16.cs:line 603
trce: OCPPMiddleware.OCPP16[0] @ 2025-04-25T11:39:27.2112135+07:00
      OCPPMiddleware.Receive16 => Receiving segment: 57 bytes (EndOfMessage=True / MsgType=Text)
fail: OCPPMiddleware.OCPP16[0] @ 2025-04-25T11:39:27.2127452+07:00
      OCPPMiddleware.Receive16 => Error dumping incoming message to path: 'wwwroot/Logs/OCPP\2025-04-25_11-39-27-2112_ocpp16-in.txt'
System.IO.DirectoryNotFoundException: Could not find a part of the path 'C:\DEVELOPER\OCPP.Solaev_Platform_030724\FocusEV.OCPP.Server\wwwroot\Logs\OCPP\2025-04-25_11-39-27-2112_ocpp16-in.txt'.
   at Microsoft.Win32.SafeHandles.SafeFileHandle.CreateFile(String fullPath, FileMode mode, FileAccess access, FileShare share, FileOptions options)
   at Microsoft.Win32.SafeHandles.SafeFileHandle.Open(String fullPath, FileMode mode, FileAccess access, FileShare share, FileOptions options, Int64 preallocationSize)
   at System.IO.File.OpenHandle(String path, FileMode mode, FileAccess access, FileShare share, FileOptions options, Int64 preallocationSize)
   at System.IO.File.WriteAllBytes(String path, Byte[] bytes)
   at FocusEV.OCPP.Server.OCPPMiddleware.Receive16(ChargePointStatus chargePointStatus, HttpContext context) in C:\DEVELOPER\OCPP.Solaev_Platform_030724\FocusEV.OCPP.Server\OCPPMiddleware.OCPP16.cs:line 432
info: OCPPMiddleware.OCPP16[0] @ 2025-04-25T11:39:27.2131087+07:00
      OCPPMiddleware.Receive16 => OCPP-Message: Type=2 / ID=fi05rvSuNiaAXZhTDuPXYxm7omhWblbal3FZ / Action=Heartbeat)
trce: OCPPMiddleware.OCPP16[0] @ 2025-04-25T11:39:27.2774235+07:00
      OCPPMiddleware.OCPP16 => SendOcppMessage: [3,"fi05rvSuNiaAXZhTDuPXYxm7omhWblbal3FZ",{"currentTime":"2025-04-25T04:39:27.2139219+00:00"}]
fail: OCPPMiddleware.OCPP16[0] @ 2025-04-25T11:39:27.2782880+07:00
      OCPPMiddleware.SendOcpp16Message=> Error dumping message to path: 'wwwroot/Logs/OCPP\2025-04-25_11-39-27-2774_ocpp16-out.txt'
System.IO.DirectoryNotFoundException: Could not find a part of the path 'C:\DEVELOPER\OCPP.Solaev_Platform_030724\FocusEV.OCPP.Server\wwwroot\Logs\OCPP\2025-04-25_11-39-27-2774_ocpp16-out.txt'.
   at Microsoft.Win32.SafeHandles.SafeFileHandle.CreateFile(String fullPath, FileMode mode, FileAccess access, FileShare share, FileOptions options)
   at Microsoft.Win32.SafeHandles.SafeFileHandle.Open(String fullPath, FileMode mode, FileAccess access, FileShare share, FileOptions options, Int64 preallocationSize)
   at System.IO.Strategies.OSFileStreamStrategy..ctor(String path, FileMode mode, FileAccess access, FileShare share, FileOptions options, Int64 preallocationSize)
   at System.IO.Strategies.FileStreamHelpers.ChooseStrategyCore(String path, FileMode mode, FileAccess access, FileShare share, FileOptions options, Int64 preallocationSize)
   at System.IO.Strategies.FileStreamHelpers.ChooseStrategy(FileStream fileStream, String path, FileMode mode, FileAccess access, FileShare share, Int32 bufferSize, FileOptions options, Int64 preallocationSize)
   at System.IO.StreamWriter.ValidateArgsAndOpenPath(String path, Boolean append, Encoding encoding, Int32 bufferSize)
   at System.IO.File.WriteAllText(String path, String contents)
   at FocusEV.OCPP.Server.OCPPMiddleware.SendOcpp16Message(OCPPMessage msg, ILogger logger, WebSocket webSocket) in C:\DEVELOPER\OCPP.Solaev_Platform_030724\FocusEV.OCPP.Server\OCPPMiddleware.OCPP16.cs:line 603
trce: OCPPMiddleware.OCPP16[0] @ 2025-04-25T11:39:28.9234736+07:00
      OCPPMiddleware.Receive16 => Receiving segment: 395 bytes (EndOfMessage=True / MsgType=Text)
fail: OCPPMiddleware.OCPP16[0] @ 2025-04-25T11:39:28.9242769+07:00
      OCPPMiddleware.Receive16 => Error dumping incoming message to path: 'wwwroot/Logs/OCPP\2025-04-25_11-39-28-9235_ocpp16-in.txt'
System.IO.DirectoryNotFoundException: Could not find a part of the path 'C:\DEVELOPER\OCPP.Solaev_Platform_030724\FocusEV.OCPP.Server\wwwroot\Logs\OCPP\2025-04-25_11-39-28-9235_ocpp16-in.txt'.
   at Microsoft.Win32.SafeHandles.SafeFileHandle.CreateFile(String fullPath, FileMode mode, FileAccess access, FileShare share, FileOptions options)
   at Microsoft.Win32.SafeHandles.SafeFileHandle.Open(String fullPath, FileMode mode, FileAccess access, FileShare share, FileOptions options, Int64 preallocationSize)
   at System.IO.File.OpenHandle(String path, FileMode mode, FileAccess access, FileShare share, FileOptions options, Int64 preallocationSize)
   at System.IO.File.WriteAllBytes(String path, Byte[] bytes)
   at FocusEV.OCPP.Server.OCPPMiddleware.Receive16(ChargePointStatus chargePointStatus, HttpContext context) in C:\DEVELOPER\OCPP.Solaev_Platform_030724\FocusEV.OCPP.Server\OCPPMiddleware.OCPP16.cs:line 432
info: OCPPMiddleware.OCPP16[0] @ 2025-04-25T11:39:28.9245071+07:00
      OCPPMiddleware.Receive16 => OCPP-Message: Type=2 / ID=fi05rvSuNiaAXZhTDuPXYxm7omhWblbal3FZ / Action=StopTransaction)
trce: OCPPMiddleware.OCPP16[0] @ 2025-04-25T11:39:28.9245130+07:00
      My logStopTransaction
fail: FocusEV.OCPP.Server.ControllerOCPP16[0] @ 2025-04-25T11:39:28.9256474+07:00
      StopTransaction => Exception: Error converting value {null} to type 'System.Int32'. Path 'meterStop', line 1, position 34.
Newtonsoft.Json.JsonSerializationException: Error converting value {null} to type 'System.Int32'. Path 'meterStop', line 1, position 34.
 ---> System.InvalidCastException: Null object cannot be converted to a value type.
   at System.Convert.ChangeType(Object value, Type conversionType, IFormatProvider provider)
   at Newtonsoft.Json.Serialization.JsonSerializerInternalReader.EnsureType(JsonReader reader, Object value, CultureInfo culture, JsonContract contract, Type targetType)
   --- End of inner exception stack trace ---
   at Newtonsoft.Json.Serialization.JsonSerializerInternalReader.EnsureType(JsonReader reader, Object value, CultureInfo culture, JsonContract contract, Type targetType)
   at Newtonsoft.Json.Serialization.JsonSerializerInternalReader.CreateValueInternal(JsonReader reader, Type objectType, JsonContract contract, JsonProperty member, JsonContainerContract containerContract, JsonProperty containerMember, Object existingValue)
   at Newtonsoft.Json.Serialization.JsonSerializerInternalReader.SetPropertyValue(JsonProperty property, JsonConverter propertyConverter, JsonContainerContract containerContract, JsonProperty containerProperty, JsonReader reader, Object target)
   at Newtonsoft.Json.Serialization.JsonSerializerInternalReader.PopulateObject(Object newObject, JsonReader reader, JsonObjectContract contract, JsonProperty member, String id)
   at Newtonsoft.Json.Serialization.JsonSerializerInternalReader.CreateObject(JsonReader reader, Type objectType, JsonContract contract, JsonProperty member, JsonContainerContract containerContract, JsonProperty containerMember, Object existingValue)
   at Newtonsoft.Json.Serialization.JsonSerializerInternalReader.CreateValueInternal(JsonReader reader, Type objectType, JsonContract contract, JsonProperty member, JsonContainerContract containerContract, JsonProperty containerMember, Object existingValue)
   at Newtonsoft.Json.Serialization.JsonSerializerInternalReader.Deserialize(JsonReader reader, Type objectType, Boolean checkAdditionalContent)
   at Newtonsoft.Json.JsonSerializer.DeserializeInternal(JsonReader reader, Type objectType)
   at Newtonsoft.Json.JsonSerializer.Deserialize(JsonReader reader, Type objectType)
   at Newtonsoft.Json.JsonConvert.DeserializeObject(String value, Type type, JsonSerializerSettings settings)
   at Newtonsoft.Json.JsonConvert.DeserializeObject[T](String value, JsonSerializerSettings settings)
   at Newtonsoft.Json.JsonConvert.DeserializeObject[T](String value)
   at FocusEV.OCPP.Server.ControllerOCPP16.HandleStopTransaction(OCPPMessage msgIn, OCPPMessage msgOut) in C:\DEVELOPER\OCPP.Solaev_Platform_030724\FocusEV.OCPP.Server\ControllerOCPP16.StopTransaction.cs:line 34
dbug: FocusEV.OCPP.Server.ControllerOCPP16[0] @ 2025-04-25T11:39:28.9678693+07:00
      ControllerOCPP16 => Return error code messge: ErrorCode=Error converting value {null} to type 'System.Int32'. Path 'meterStop', line 1, position 34.
trce: OCPPMiddleware.OCPP16[0] @ 2025-04-25T11:39:28.9678909+07:00
      OCPPMiddleware.OCPP16 => SendOcppMessage: [4,"fi05rvSuNiaAXZhTDuPXYxm7omhWblbal3FZ","Error converting value {null} to type 'System.Int32'. Path 'meterStop', line 1, position 34.","",{}]
fail: OCPPMiddleware.OCPP16[0] @ 2025-04-25T11:39:28.9688502+07:00
      OCPPMiddleware.SendOcpp16Message=> Error dumping message to path: 'wwwroot/Logs/OCPP\2025-04-25_11-39-28-9679_ocpp16-out.txt'
System.IO.DirectoryNotFoundException: Could not find a part of the path 'C:\DEVELOPER\OCPP.Solaev_Platform_030724\FocusEV.OCPP.Server\wwwroot\Logs\OCPP\2025-04-25_11-39-28-9679_ocpp16-out.txt'.
   at Microsoft.Win32.SafeHandles.SafeFileHandle.CreateFile(String fullPath, FileMode mode, FileAccess access, FileShare share, FileOptions options)
   at Microsoft.Win32.SafeHandles.SafeFileHandle.Open(String fullPath, FileMode mode, FileAccess access, FileShare share, FileOptions options, Int64 preallocationSize)
   at System.IO.Strategies.OSFileStreamStrategy..ctor(String path, FileMode mode, FileAccess access, FileShare share, FileOptions options, Int64 preallocationSize)
   at System.IO.Strategies.FileStreamHelpers.ChooseStrategyCore(String path, FileMode mode, FileAccess access, FileShare share, FileOptions options, Int64 preallocationSize)
   at System.IO.Strategies.FileStreamHelpers.ChooseStrategy(FileStream fileStream, String path, FileMode mode, FileAccess access, FileShare share, Int32 bufferSize, FileOptions options, Int64 preallocationSize)
   at System.IO.StreamWriter.ValidateArgsAndOpenPath(String path, Boolean append, Encoding encoding, Int32 bufferSize)
   at System.IO.File.WriteAllText(String path, String contents)
   at FocusEV.OCPP.Server.OCPPMiddleware.SendOcpp16Message(OCPPMessage msg, ILogger logger, WebSocket webSocket) in C:\DEVELOPER\OCPP.Solaev_Platform_030724\FocusEV.OCPP.Server\OCPPMiddleware.OCPP16.cs:line 603
trce: OCPPMiddleware.OCPP16[0] @ 2025-04-25T11:39:30.6076246+07:00
      OCPPMiddleware.Receive16 => Receiving segment: 155 bytes (EndOfMessage=True / MsgType=Text)
fail: OCPPMiddleware.OCPP16[0] @ 2025-04-25T11:39:30.6090631+07:00
      OCPPMiddleware.Receive16 => Error dumping incoming message to path: 'wwwroot/Logs/OCPP\2025-04-25_11-39-30-6076_ocpp16-in.txt'
System.IO.DirectoryNotFoundException: Could not find a part of the path 'C:\DEVELOPER\OCPP.Solaev_Platform_030724\FocusEV.OCPP.Server\wwwroot\Logs\OCPP\2025-04-25_11-39-30-6076_ocpp16-in.txt'.
   at Microsoft.Win32.SafeHandles.SafeFileHandle.CreateFile(String fullPath, FileMode mode, FileAccess access, FileShare share, FileOptions options)
   at Microsoft.Win32.SafeHandles.SafeFileHandle.Open(String fullPath, FileMode mode, FileAccess access, FileShare share, FileOptions options, Int64 preallocationSize)
   at System.IO.File.OpenHandle(String path, FileMode mode, FileAccess access, FileShare share, FileOptions options, Int64 preallocationSize)
   at System.IO.File.WriteAllBytes(String path, Byte[] bytes)
   at FocusEV.OCPP.Server.OCPPMiddleware.Receive16(ChargePointStatus chargePointStatus, HttpContext context) in C:\DEVELOPER\OCPP.Solaev_Platform_030724\FocusEV.OCPP.Server\OCPPMiddleware.OCPP16.cs:line 432
info: OCPPMiddleware.OCPP16[0] @ 2025-04-25T11:39:30.6095058+07:00
      OCPPMiddleware.Receive16 => OCPP-Message: Type=2 / ID=fi05rvSuNiaAXZhTDuPXYxm7omhWblbal3FZ / Action=StopTransaction)
trce: OCPPMiddleware.OCPP16[0] @ 2025-04-25T11:39:30.6095157+07:00
      My logStopTransaction
fail: FocusEV.OCPP.Server.ControllerOCPP16[0] @ 2025-04-25T11:39:30.6111098+07:00
      StopTransaction => Exception: Error converting value {null} to type 'System.Int32'. Path 'meterStop', line 1, position 93.
Newtonsoft.Json.JsonSerializationException: Error converting value {null} to type 'System.Int32'. Path 'meterStop', line 1, position 93.
 ---> System.InvalidCastException: Null object cannot be converted to a value type.
   at System.Convert.ChangeType(Object value, Type conversionType, IFormatProvider provider)
   at Newtonsoft.Json.Serialization.JsonSerializerInternalReader.EnsureType(JsonReader reader, Object value, CultureInfo culture, JsonContract contract, Type targetType)
   --- End of inner exception stack trace ---
   at Newtonsoft.Json.Serialization.JsonSerializerInternalReader.EnsureType(JsonReader reader, Object value, CultureInfo culture, JsonContract contract, Type targetType)
   at Newtonsoft.Json.Serialization.JsonSerializerInternalReader.CreateValueInternal(JsonReader reader, Type objectType, JsonContract contract, JsonProperty member, JsonContainerContract containerContract, JsonProperty containerMember, Object existingValue)
   at Newtonsoft.Json.Serialization.JsonSerializerInternalReader.SetPropertyValue(JsonProperty property, JsonConverter propertyConverter, JsonContainerContract containerContract, JsonProperty containerProperty, JsonReader reader, Object target)
   at Newtonsoft.Json.Serialization.JsonSerializerInternalReader.PopulateObject(Object newObject, JsonReader reader, JsonObjectContract contract, JsonProperty member, String id)
   at Newtonsoft.Json.Serialization.JsonSerializerInternalReader.CreateObject(JsonReader reader, Type objectType, JsonContract contract, JsonProperty member, JsonContainerContract containerContract, JsonProperty containerMember, Object existingValue)
   at Newtonsoft.Json.Serialization.JsonSerializerInternalReader.CreateValueInternal(JsonReader reader, Type objectType, JsonContract contract, JsonProperty member, JsonContainerContract containerContract, JsonProperty containerMember, Object existingValue)
   at Newtonsoft.Json.Serialization.JsonSerializerInternalReader.Deserialize(JsonReader reader, Type objectType, Boolean checkAdditionalContent)
   at Newtonsoft.Json.JsonSerializer.DeserializeInternal(JsonReader reader, Type objectType)
   at Newtonsoft.Json.JsonSerializer.Deserialize(JsonReader reader, Type objectType)
   at Newtonsoft.Json.JsonConvert.DeserializeObject(String value, Type type, JsonSerializerSettings settings)
   at Newtonsoft.Json.JsonConvert.DeserializeObject[T](String value, JsonSerializerSettings settings)
   at Newtonsoft.Json.JsonConvert.DeserializeObject[T](String value)
   at FocusEV.OCPP.Server.ControllerOCPP16.HandleStopTransaction(OCPPMessage msgIn, OCPPMessage msgOut) in C:\DEVELOPER\OCPP.Solaev_Platform_030724\FocusEV.OCPP.Server\ControllerOCPP16.StopTransaction.cs:line 34
dbug: FocusEV.OCPP.Server.ControllerOCPP16[0] @ 2025-04-25T11:39:30.6616409+07:00
      ControllerOCPP16 => Return error code messge: ErrorCode=Error converting value {null} to type 'System.Int32'. Path 'meterStop', line 1, position 93.
trce: OCPPMiddleware.OCPP16[0] @ 2025-04-25T11:39:30.6616599+07:00
      OCPPMiddleware.OCPP16 => SendOcppMessage: [4,"fi05rvSuNiaAXZhTDuPXYxm7omhWblbal3FZ","Error converting value {null} to type 'System.Int32'. Path 'meterStop', line 1, position 93.","",{}]
fail: OCPPMiddleware.OCPP16[0] @ 2025-04-25T11:39:30.6624219+07:00
      OCPPMiddleware.SendOcpp16Message=> Error dumping message to path: 'wwwroot/Logs/OCPP\2025-04-25_11-39-30-6616_ocpp16-out.txt'
System.IO.DirectoryNotFoundException: Could not find a part of the path 'C:\DEVELOPER\OCPP.Solaev_Platform_030724\FocusEV.OCPP.Server\wwwroot\Logs\OCPP\2025-04-25_11-39-30-6616_ocpp16-out.txt'.
   at Microsoft.Win32.SafeHandles.SafeFileHandle.CreateFile(String fullPath, FileMode mode, FileAccess access, FileShare share, FileOptions options)
   at Microsoft.Win32.SafeHandles.SafeFileHandle.Open(String fullPath, FileMode mode, FileAccess access, FileShare share, FileOptions options, Int64 preallocationSize)
   at System.IO.Strategies.OSFileStreamStrategy..ctor(String path, FileMode mode, FileAccess access, FileShare share, FileOptions options, Int64 preallocationSize)
   at System.IO.Strategies.FileStreamHelpers.ChooseStrategyCore(String path, FileMode mode, FileAccess access, FileShare share, FileOptions options, Int64 preallocationSize)
   at System.IO.Strategies.FileStreamHelpers.ChooseStrategy(FileStream fileStream, String path, FileMode mode, FileAccess access, FileShare share, Int32 bufferSize, FileOptions options, Int64 preallocationSize)
   at System.IO.StreamWriter.ValidateArgsAndOpenPath(String path, Boolean append, Encoding encoding, Int32 bufferSize)
   at System.IO.File.WriteAllText(String path, String contents)
   at FocusEV.OCPP.Server.OCPPMiddleware.SendOcpp16Message(OCPPMessage msg, ILogger logger, WebSocket webSocket) in C:\DEVELOPER\OCPP.Solaev_Platform_030724\FocusEV.OCPP.Server\OCPPMiddleware.OCPP16.cs:line 603
info: OCPPMiddleware.OCPP16[0] @ 2025-04-25T11:39:33.5721276+07:00
      OCPPMiddleware.Receive16 => WebSocket Closed: CloseStatus=3001 / MessageType=Close
info: OCPPMiddleware.OCPP16[0] @ 2025-04-25T11:39:33.5732195+07:00
      OCPPMiddleware.Receive16 => Websocket closed: State=Closed / CloseStatus=3001
trce: OCPPMiddleware[0] @ 2025-04-25T11:39:45.0547984+07:00
      OCPPMiddleware => Websocket request: Path='/'
trce: OCPPMiddleware[0] @ 2025-04-25T11:39:45.0756346+07:00
      OCPPMiddleware => Index status page
trce: OCPPMiddleware[0] @ 2025-04-25T11:39:47.2855972+07:00
      OCPPMiddleware => Websocket request: Path='/favicon.ico'
warn: OCPPMiddleware[0] @ 2025-04-25T11:39:47.3016768+07:00
      OCPPMiddleware => Bad path request
trce: OCPPMiddleware[0] @ 2025-04-25T11:40:40.1235248+07:00
      OCPPMiddleware => Websocket request: Path='/'
trce: OCPPMiddleware[0] @ 2025-04-25T11:40:40.1236472+07:00
      OCPPMiddleware => Index status page
trce: OCPPMiddleware[0] @ 2025-04-25T11:40:40.8820339+07:00
      OCPPMiddleware => Websocket request: Path='/favicon.ico'
warn: OCPPMiddleware[0] @ 2025-04-25T11:40:40.8833908+07:00
      OCPPMiddleware => Bad path request
trce: OCPPMiddleware[0] @ 2025-04-25T11:40:52.0339300+07:00
      OCPPMiddleware => Websocket request: Path='/OCPP/FC-HCM-02'
info: OCPPMiddleware[0] @ 2025-04-25T11:40:52.0341259+07:00
      OCPPMiddleware => Connection request with chargepoint identifier = 'FC-HCM-02'
info: OCPPMiddleware[0] @ 2025-04-25T11:40:52.7076263+07:00
      OCPPMiddleware => SUCCESS: Found chargepoint with identifier=FC-HCM-02
info: OCPPMiddleware[0] @ 2025-04-25T11:40:52.7077148+07:00
      OCPPMiddleware => No authentication for chargepoint 'FC-HCM-02' configured
trce: OCPPMiddleware[0] @ 2025-04-25T11:40:52.7091469+07:00
      OCPPMiddleware => Store/Update status object
trce: OCPPMiddleware[0] @ 2025-04-25T11:40:52.7091816+07:00
      OCPPMiddleware => Waiting for message...
trce: OCPPMiddleware[0] @ 2025-04-25T11:40:52.7124581+07:00
      OCPPMiddleware => WebSocket connection with charge point 'FC-HCM-02'
trce: OCPPMiddleware.OCPP16[0] @ 2025-04-25T11:40:52.7212365+07:00
      OCPPMiddleware.Receive16 => Receiving segment: 326 bytes (EndOfMessage=True / MsgType=Text)
fail: OCPPMiddleware.OCPP16[0] @ 2025-04-25T11:40:52.7777279+07:00
      OCPPMiddleware.Receive16 => Error dumping incoming message to path: 'wwwroot/Logs/OCPP\2025-04-25_11-40-52-7213_ocpp16-in.txt'
System.IO.DirectoryNotFoundException: Could not find a part of the path 'C:\DEVELOPER\OCPP.Solaev_Platform_030724\FocusEV.OCPP.Server\wwwroot\Logs\OCPP\2025-04-25_11-40-52-7213_ocpp16-in.txt'.
   at Microsoft.Win32.SafeHandles.SafeFileHandle.CreateFile(String fullPath, FileMode mode, FileAccess access, FileShare share, FileOptions options)
   at Microsoft.Win32.SafeHandles.SafeFileHandle.Open(String fullPath, FileMode mode, FileAccess access, FileShare share, FileOptions options, Int64 preallocationSize)
   at System.IO.File.OpenHandle(String path, FileMode mode, FileAccess access, FileShare share, FileOptions options, Int64 preallocationSize)
   at System.IO.File.WriteAllBytes(String path, Byte[] bytes)
   at FocusEV.OCPP.Server.OCPPMiddleware.Receive16(ChargePointStatus chargePointStatus, HttpContext context) in C:\DEVELOPER\OCPP.Solaev_Platform_030724\FocusEV.OCPP.Server\OCPPMiddleware.OCPP16.cs:line 432
info: OCPPMiddleware.OCPP16[0] @ 2025-04-25T11:40:52.7840164+07:00
      OCPPMiddleware.Receive16 => OCPP-Message: Type=2 / ID=fi05rvSuNiaAXZhTDuPXYxm7omhWblbal3FZ / Action=BootNotification)
trce: OCPPMiddleware.OCPP16[0] @ 2025-04-25T11:40:52.7843138+07:00
      My logBootNotification
trce: OCPPMiddleware.OCPP16[0] @ 2025-04-25T11:40:53.0828490+07:00
      OCPPMiddleware.OCPP16 => SendOcppMessage: [3,"fi05rvSuNiaAXZhTDuPXYxm7omhWblbal3FZ",{"status":"Accepted","currentTime":"2025-04-25T04:40:52.8767296+00:00","interval":300}]
fail: OCPPMiddleware.OCPP16[0] @ 2025-04-25T11:40:53.0845296+07:00
      OCPPMiddleware.SendOcpp16Message=> Error dumping message to path: 'wwwroot/Logs/OCPP\2025-04-25_11-40-53-0828_ocpp16-out.txt'
System.IO.DirectoryNotFoundException: Could not find a part of the path 'C:\DEVELOPER\OCPP.Solaev_Platform_030724\FocusEV.OCPP.Server\wwwroot\Logs\OCPP\2025-04-25_11-40-53-0828_ocpp16-out.txt'.
   at Microsoft.Win32.SafeHandles.SafeFileHandle.CreateFile(String fullPath, FileMode mode, FileAccess access, FileShare share, FileOptions options)
   at Microsoft.Win32.SafeHandles.SafeFileHandle.Open(String fullPath, FileMode mode, FileAccess access, FileShare share, FileOptions options, Int64 preallocationSize)
   at System.IO.Strategies.OSFileStreamStrategy..ctor(String path, FileMode mode, FileAccess access, FileShare share, FileOptions options, Int64 preallocationSize)
   at System.IO.Strategies.FileStreamHelpers.ChooseStrategyCore(String path, FileMode mode, FileAccess access, FileShare share, FileOptions options, Int64 preallocationSize)
   at System.IO.Strategies.FileStreamHelpers.ChooseStrategy(FileStream fileStream, String path, FileMode mode, FileAccess access, FileShare share, Int32 bufferSize, FileOptions options, Int64 preallocationSize)
   at System.IO.StreamWriter.ValidateArgsAndOpenPath(String path, Boolean append, Encoding encoding, Int32 bufferSize)
   at System.IO.File.WriteAllText(String path, String contents)
   at FocusEV.OCPP.Server.OCPPMiddleware.SendOcpp16Message(OCPPMessage msg, ILogger logger, WebSocket webSocket) in C:\DEVELOPER\OCPP.Solaev_Platform_030724\FocusEV.OCPP.Server\OCPPMiddleware.OCPP16.cs:line 603
trce: OCPPMiddleware.OCPP16[0] @ 2025-04-25T11:40:57.2257799+07:00
      OCPPMiddleware.Receive16 => Receiving segment: 169 bytes (EndOfMessage=True / MsgType=Text)
fail: OCPPMiddleware.OCPP16[0] @ 2025-04-25T11:40:57.2271271+07:00
      OCPPMiddleware.Receive16 => Error dumping incoming message to path: 'wwwroot/Logs/OCPP\2025-04-25_11-40-57-2258_ocpp16-in.txt'
System.IO.DirectoryNotFoundException: Could not find a part of the path 'C:\DEVELOPER\OCPP.Solaev_Platform_030724\FocusEV.OCPP.Server\wwwroot\Logs\OCPP\2025-04-25_11-40-57-2258_ocpp16-in.txt'.
   at Microsoft.Win32.SafeHandles.SafeFileHandle.CreateFile(String fullPath, FileMode mode, FileAccess access, FileShare share, FileOptions options)
   at Microsoft.Win32.SafeHandles.SafeFileHandle.Open(String fullPath, FileMode mode, FileAccess access, FileShare share, FileOptions options, Int64 preallocationSize)
   at System.IO.File.OpenHandle(String path, FileMode mode, FileAccess access, FileShare share, FileOptions options, Int64 preallocationSize)
   at System.IO.File.WriteAllBytes(String path, Byte[] bytes)
   at FocusEV.OCPP.Server.OCPPMiddleware.Receive16(ChargePointStatus chargePointStatus, HttpContext context) in C:\DEVELOPER\OCPP.Solaev_Platform_030724\FocusEV.OCPP.Server\OCPPMiddleware.OCPP16.cs:line 432
info: OCPPMiddleware.OCPP16[0] @ 2025-04-25T11:40:57.2274380+07:00
      OCPPMiddleware.Receive16 => OCPP-Message: Type=2 / ID=fi05rvSuNiaAXZhTDuPXYxm7omhWblbal3FZ / Action=StartTransaction)
trce: OCPPMiddleware.OCPP16[0] @ 2025-04-25T11:40:57.2274664+07:00
      My logStartTransaction
info: FocusEV.OCPP.Server.ControllerOCPP16[0] @ 2025-04-25T11:40:57.2841731+07:00
      StartTransaction => Charge tag='5257376F' => Status: Accepted
info: FocusEV.OCPP.Server.ControllerOCPP16[0] @ 2025-04-25T11:40:57.3549205+07:00
      UpdateConnectorStatus => Save ConnectorStatus: ID=FC-HCM-02 / Connector=1 / Status=Occupied / Meter=0.02
trce: OCPPMiddleware.OCPP16[0] @ 2025-04-25T11:40:57.6217069+07:00
      OCPPMiddleware.OCPP16 => SendOcppMessage: [3,"fi05rvSuNiaAXZhTDuPXYxm7omhWblbal3FZ",{"idTagInfo":{"expiryDate":"2199-12-31T00:00:00+07:00","status":"Accepted"},"transactionId":95492}]
fail: OCPPMiddleware.OCPP16[0] @ 2025-04-25T11:40:57.6230700+07:00
      OCPPMiddleware.SendOcpp16Message=> Error dumping message to path: 'wwwroot/Logs/OCPP\2025-04-25_11-40-57-6217_ocpp16-out.txt'
System.IO.DirectoryNotFoundException: Could not find a part of the path 'C:\DEVELOPER\OCPP.Solaev_Platform_030724\FocusEV.OCPP.Server\wwwroot\Logs\OCPP\2025-04-25_11-40-57-6217_ocpp16-out.txt'.
   at Microsoft.Win32.SafeHandles.SafeFileHandle.CreateFile(String fullPath, FileMode mode, FileAccess access, FileShare share, FileOptions options)
   at Microsoft.Win32.SafeHandles.SafeFileHandle.Open(String fullPath, FileMode mode, FileAccess access, FileShare share, FileOptions options, Int64 preallocationSize)
   at System.IO.Strategies.OSFileStreamStrategy..ctor(String path, FileMode mode, FileAccess access, FileShare share, FileOptions options, Int64 preallocationSize)
   at System.IO.Strategies.FileStreamHelpers.ChooseStrategyCore(String path, FileMode mode, FileAccess access, FileShare share, FileOptions options, Int64 preallocationSize)
   at System.IO.Strategies.FileStreamHelpers.ChooseStrategy(FileStream fileStream, String path, FileMode mode, FileAccess access, FileShare share, Int32 bufferSize, FileOptions options, Int64 preallocationSize)
   at System.IO.StreamWriter.ValidateArgsAndOpenPath(String path, Boolean append, Encoding encoding, Int32 bufferSize)
   at System.IO.File.WriteAllText(String path, String contents)
   at FocusEV.OCPP.Server.OCPPMiddleware.SendOcpp16Message(OCPPMessage msg, ILogger logger, WebSocket webSocket) in C:\DEVELOPER\OCPP.Solaev_Platform_030724\FocusEV.OCPP.Server\OCPPMiddleware.OCPP16.cs:line 603
trce: OCPPMiddleware.OCPP16[0] @ 2025-04-25T11:42:26.6500454+07:00
      OCPPMiddleware.Receive16 => Receiving segment: 305 bytes (EndOfMessage=True / MsgType=Text)
fail: OCPPMiddleware.OCPP16[0] @ 2025-04-25T11:42:26.6515821+07:00
      OCPPMiddleware.Receive16 => Error dumping incoming message to path: 'wwwroot/Logs/OCPP\2025-04-25_11-42-26-6501_ocpp16-in.txt'
System.IO.DirectoryNotFoundException: Could not find a part of the path 'C:\DEVELOPER\OCPP.Solaev_Platform_030724\FocusEV.OCPP.Server\wwwroot\Logs\OCPP\2025-04-25_11-42-26-6501_ocpp16-in.txt'.
   at Microsoft.Win32.SafeHandles.SafeFileHandle.CreateFile(String fullPath, FileMode mode, FileAccess access, FileShare share, FileOptions options)
   at Microsoft.Win32.SafeHandles.SafeFileHandle.Open(String fullPath, FileMode mode, FileAccess access, FileShare share, FileOptions options, Int64 preallocationSize)
   at System.IO.File.OpenHandle(String path, FileMode mode, FileAccess access, FileShare share, FileOptions options, Int64 preallocationSize)
   at System.IO.File.WriteAllBytes(String path, Byte[] bytes)
   at FocusEV.OCPP.Server.OCPPMiddleware.Receive16(ChargePointStatus chargePointStatus, HttpContext context) in C:\DEVELOPER\OCPP.Solaev_Platform_030724\FocusEV.OCPP.Server\OCPPMiddleware.OCPP16.cs:line 432
info: OCPPMiddleware.OCPP16[0] @ 2025-04-25T11:42:26.6520808+07:00
      OCPPMiddleware.Receive16 => OCPP-Message: Type=2 / ID=fi05rvSuNiaAXZhTDuPXYxm7omhWblbal3FZ / Action=MeterValues)
trce: OCPPMiddleware.OCPP16[0] @ 2025-04-25T11:42:26.6521299+07:00
      My logMeterValues
trce: OCPPMiddleware.OCPP16[0] @ 2025-04-25T11:42:26.7408036+07:00
      OCPPMiddleware.OCPP16 => SendOcppMessage: [3,"fi05rvSuNiaAXZhTDuPXYxm7omhWblbal3FZ",{}]
fail: OCPPMiddleware.OCPP16[0] @ 2025-04-25T11:42:26.7420845+07:00
      OCPPMiddleware.SendOcpp16Message=> Error dumping message to path: 'wwwroot/Logs/OCPP\2025-04-25_11-42-26-7408_ocpp16-out.txt'
System.IO.DirectoryNotFoundException: Could not find a part of the path 'C:\DEVELOPER\OCPP.Solaev_Platform_030724\FocusEV.OCPP.Server\wwwroot\Logs\OCPP\2025-04-25_11-42-26-7408_ocpp16-out.txt'.
   at Microsoft.Win32.SafeHandles.SafeFileHandle.CreateFile(String fullPath, FileMode mode, FileAccess access, FileShare share, FileOptions options)
   at Microsoft.Win32.SafeHandles.SafeFileHandle.Open(String fullPath, FileMode mode, FileAccess access, FileShare share, FileOptions options, Int64 preallocationSize)
   at System.IO.Strategies.OSFileStreamStrategy..ctor(String path, FileMode mode, FileAccess access, FileShare share, FileOptions options, Int64 preallocationSize)
   at System.IO.Strategies.FileStreamHelpers.ChooseStrategyCore(String path, FileMode mode, FileAccess access, FileShare share, FileOptions options, Int64 preallocationSize)
   at System.IO.Strategies.FileStreamHelpers.ChooseStrategy(FileStream fileStream, String path, FileMode mode, FileAccess access, FileShare share, Int32 bufferSize, FileOptions options, Int64 preallocationSize)
   at System.IO.StreamWriter.ValidateArgsAndOpenPath(String path, Boolean append, Encoding encoding, Int32 bufferSize)
   at System.IO.File.WriteAllText(String path, String contents)
   at FocusEV.OCPP.Server.OCPPMiddleware.SendOcpp16Message(OCPPMessage msg, ILogger logger, WebSocket webSocket) in C:\DEVELOPER\OCPP.Solaev_Platform_030724\FocusEV.OCPP.Server\OCPPMiddleware.OCPP16.cs:line 603
trce: OCPPMiddleware.OCPP16[0] @ 2025-04-25T11:42:49.0519498+07:00
      OCPPMiddleware.Receive16 => Receiving segment: 204 bytes (EndOfMessage=True / MsgType=Text)
fail: OCPPMiddleware.OCPP16[0] @ 2025-04-25T11:42:49.0536158+07:00
      OCPPMiddleware.Receive16 => Error dumping incoming message to path: 'wwwroot/Logs/OCPP\2025-04-25_11-42-49-0520_ocpp16-in.txt'
System.IO.DirectoryNotFoundException: Could not find a part of the path 'C:\DEVELOPER\OCPP.Solaev_Platform_030724\FocusEV.OCPP.Server\wwwroot\Logs\OCPP\2025-04-25_11-42-49-0520_ocpp16-in.txt'.
   at Microsoft.Win32.SafeHandles.SafeFileHandle.CreateFile(String fullPath, FileMode mode, FileAccess access, FileShare share, FileOptions options)
   at Microsoft.Win32.SafeHandles.SafeFileHandle.Open(String fullPath, FileMode mode, FileAccess access, FileShare share, FileOptions options, Int64 preallocationSize)
   at System.IO.File.OpenHandle(String path, FileMode mode, FileAccess access, FileShare share, FileOptions options, Int64 preallocationSize)
   at System.IO.File.WriteAllBytes(String path, Byte[] bytes)
   at FocusEV.OCPP.Server.OCPPMiddleware.Receive16(ChargePointStatus chargePointStatus, HttpContext context) in C:\DEVELOPER\OCPP.Solaev_Platform_030724\FocusEV.OCPP.Server\OCPPMiddleware.OCPP16.cs:line 432
info: OCPPMiddleware.OCPP16[0] @ 2025-04-25T11:42:49.0539408+07:00
      OCPPMiddleware.Receive16 => OCPP-Message: Type=2 / ID=fi05rvSuNiaAXZhTDuPXYxm7omhWblbal3FZ / Action=StatusNotification)
trce: OCPPMiddleware.OCPP16[0] @ 2025-04-25T11:42:49.0539478+07:00
      My logStatusNotification
info: FocusEV.OCPP.Server.ControllerOCPP16[0] @ 2025-04-25T11:42:49.0912354+07:00
      StatusNotification => ChargePoint=FC-HCM-02 / Connector=2 / newStatus=Available
info: FocusEV.OCPP.Server.ControllerOCPP16[0] @ 2025-04-25T11:42:49.2894928+07:00
      UpdateConnectorStatus => Save ConnectorStatus: ID=FC-HCM-02 / Connector=2 / Status=Available / Meter=(null)
trce: OCPPMiddleware.OCPP16[0] @ 2025-04-25T11:42:49.2901880+07:00
      OCPPMiddleware.OCPP16 => SendOcppMessage: [3,"fi05rvSuNiaAXZhTDuPXYxm7omhWblbal3FZ",{}]
fail: OCPPMiddleware.OCPP16[0] @ 2025-04-25T11:42:49.2912428+07:00
      OCPPMiddleware.SendOcpp16Message=> Error dumping message to path: 'wwwroot/Logs/OCPP\2025-04-25_11-42-49-2902_ocpp16-out.txt'
System.IO.DirectoryNotFoundException: Could not find a part of the path 'C:\DEVELOPER\OCPP.Solaev_Platform_030724\FocusEV.OCPP.Server\wwwroot\Logs\OCPP\2025-04-25_11-42-49-2902_ocpp16-out.txt'.
   at Microsoft.Win32.SafeHandles.SafeFileHandle.CreateFile(String fullPath, FileMode mode, FileAccess access, FileShare share, FileOptions options)
   at Microsoft.Win32.SafeHandles.SafeFileHandle.Open(String fullPath, FileMode mode, FileAccess access, FileShare share, FileOptions options, Int64 preallocationSize)
   at System.IO.Strategies.OSFileStreamStrategy..ctor(String path, FileMode mode, FileAccess access, FileShare share, FileOptions options, Int64 preallocationSize)
   at System.IO.Strategies.FileStreamHelpers.ChooseStrategyCore(String path, FileMode mode, FileAccess access, FileShare share, FileOptions options, Int64 preallocationSize)
   at System.IO.Strategies.FileStreamHelpers.ChooseStrategy(FileStream fileStream, String path, FileMode mode, FileAccess access, FileShare share, Int32 bufferSize, FileOptions options, Int64 preallocationSize)
   at System.IO.StreamWriter.ValidateArgsAndOpenPath(String path, Boolean append, Encoding encoding, Int32 bufferSize)
   at System.IO.File.WriteAllText(String path, String contents)
   at FocusEV.OCPP.Server.OCPPMiddleware.SendOcpp16Message(OCPPMessage msg, ILogger logger, WebSocket webSocket) in C:\DEVELOPER\OCPP.Solaev_Platform_030724\FocusEV.OCPP.Server\OCPPMiddleware.OCPP16.cs:line 603
trce: OCPPMiddleware.OCPP16[0] @ 2025-04-25T11:42:51.7715089+07:00
      OCPPMiddleware.Receive16 => Receiving segment: 305 bytes (EndOfMessage=True / MsgType=Text)
fail: OCPPMiddleware.OCPP16[0] @ 2025-04-25T11:42:51.7733865+07:00
      OCPPMiddleware.Receive16 => Error dumping incoming message to path: 'wwwroot/Logs/OCPP\2025-04-25_11-42-51-7715_ocpp16-in.txt'
System.IO.DirectoryNotFoundException: Could not find a part of the path 'C:\DEVELOPER\OCPP.Solaev_Platform_030724\FocusEV.OCPP.Server\wwwroot\Logs\OCPP\2025-04-25_11-42-51-7715_ocpp16-in.txt'.
   at Microsoft.Win32.SafeHandles.SafeFileHandle.CreateFile(String fullPath, FileMode mode, FileAccess access, FileShare share, FileOptions options)
   at Microsoft.Win32.SafeHandles.SafeFileHandle.Open(String fullPath, FileMode mode, FileAccess access, FileShare share, FileOptions options, Int64 preallocationSize)
   at System.IO.File.OpenHandle(String path, FileMode mode, FileAccess access, FileShare share, FileOptions options, Int64 preallocationSize)
   at System.IO.File.WriteAllBytes(String path, Byte[] bytes)
   at FocusEV.OCPP.Server.OCPPMiddleware.Receive16(ChargePointStatus chargePointStatus, HttpContext context) in C:\DEVELOPER\OCPP.Solaev_Platform_030724\FocusEV.OCPP.Server\OCPPMiddleware.OCPP16.cs:line 432
info: OCPPMiddleware.OCPP16[0] @ 2025-04-25T11:42:51.7738780+07:00
      OCPPMiddleware.Receive16 => OCPP-Message: Type=2 / ID=fi05rvSuNiaAXZhTDuPXYxm7omhWblbal3FZ / Action=MeterValues)
trce: OCPPMiddleware.OCPP16[0] @ 2025-04-25T11:42:51.7738889+07:00
      My logMeterValues
trce: OCPPMiddleware.OCPP16[0] @ 2025-04-25T11:42:51.8326531+07:00
      OCPPMiddleware.OCPP16 => SendOcppMessage: [3,"fi05rvSuNiaAXZhTDuPXYxm7omhWblbal3FZ",{}]
fail: OCPPMiddleware.OCPP16[0] @ 2025-04-25T11:42:51.8335508+07:00
      OCPPMiddleware.SendOcpp16Message=> Error dumping message to path: 'wwwroot/Logs/OCPP\2025-04-25_11-42-51-8326_ocpp16-out.txt'
System.IO.DirectoryNotFoundException: Could not find a part of the path 'C:\DEVELOPER\OCPP.Solaev_Platform_030724\FocusEV.OCPP.Server\wwwroot\Logs\OCPP\2025-04-25_11-42-51-8326_ocpp16-out.txt'.
   at Microsoft.Win32.SafeHandles.SafeFileHandle.CreateFile(String fullPath, FileMode mode, FileAccess access, FileShare share, FileOptions options)
   at Microsoft.Win32.SafeHandles.SafeFileHandle.Open(String fullPath, FileMode mode, FileAccess access, FileShare share, FileOptions options, Int64 preallocationSize)
   at System.IO.Strategies.OSFileStreamStrategy..ctor(String path, FileMode mode, FileAccess access, FileShare share, FileOptions options, Int64 preallocationSize)
   at System.IO.Strategies.FileStreamHelpers.ChooseStrategyCore(String path, FileMode mode, FileAccess access, FileShare share, FileOptions options, Int64 preallocationSize)
   at System.IO.Strategies.FileStreamHelpers.ChooseStrategy(FileStream fileStream, String path, FileMode mode, FileAccess access, FileShare share, Int32 bufferSize, FileOptions options, Int64 preallocationSize)
   at System.IO.StreamWriter.ValidateArgsAndOpenPath(String path, Boolean append, Encoding encoding, Int32 bufferSize)
   at System.IO.File.WriteAllText(String path, String contents)
   at FocusEV.OCPP.Server.OCPPMiddleware.SendOcpp16Message(OCPPMessage msg, ILogger logger, WebSocket webSocket) in C:\DEVELOPER\OCPP.Solaev_Platform_030724\FocusEV.OCPP.Server\OCPPMiddleware.OCPP16.cs:line 603
trce: OCPPMiddleware.OCPP16[0] @ 2025-04-25T11:42:52.5805484+07:00
      OCPPMiddleware.Receive16 => Receiving segment: 57 bytes (EndOfMessage=True / MsgType=Text)
fail: OCPPMiddleware.OCPP16[0] @ 2025-04-25T11:42:52.5814852+07:00
      OCPPMiddleware.Receive16 => Error dumping incoming message to path: 'wwwroot/Logs/OCPP\2025-04-25_11-42-52-5805_ocpp16-in.txt'
System.IO.DirectoryNotFoundException: Could not find a part of the path 'C:\DEVELOPER\OCPP.Solaev_Platform_030724\FocusEV.OCPP.Server\wwwroot\Logs\OCPP\2025-04-25_11-42-52-5805_ocpp16-in.txt'.
   at Microsoft.Win32.SafeHandles.SafeFileHandle.CreateFile(String fullPath, FileMode mode, FileAccess access, FileShare share, FileOptions options)
   at Microsoft.Win32.SafeHandles.SafeFileHandle.Open(String fullPath, FileMode mode, FileAccess access, FileShare share, FileOptions options, Int64 preallocationSize)
   at System.IO.File.OpenHandle(String path, FileMode mode, FileAccess access, FileShare share, FileOptions options, Int64 preallocationSize)
   at System.IO.File.WriteAllBytes(String path, Byte[] bytes)
   at FocusEV.OCPP.Server.OCPPMiddleware.Receive16(ChargePointStatus chargePointStatus, HttpContext context) in C:\DEVELOPER\OCPP.Solaev_Platform_030724\FocusEV.OCPP.Server\OCPPMiddleware.OCPP16.cs:line 432
info: OCPPMiddleware.OCPP16[0] @ 2025-04-25T11:42:52.5818007+07:00
      OCPPMiddleware.Receive16 => OCPP-Message: Type=2 / ID=fi05rvSuNiaAXZhTDuPXYxm7omhWblbal3FZ / Action=Heartbeat)
trce: OCPPMiddleware.OCPP16[0] @ 2025-04-25T11:42:52.6416899+07:00
      OCPPMiddleware.OCPP16 => SendOcppMessage: [3,"fi05rvSuNiaAXZhTDuPXYxm7omhWblbal3FZ",{"currentTime":"2025-04-25T04:42:52.5825027+00:00"}]
fail: OCPPMiddleware.OCPP16[0] @ 2025-04-25T11:42:52.6429519+07:00
      OCPPMiddleware.SendOcpp16Message=> Error dumping message to path: 'wwwroot/Logs/OCPP\2025-04-25_11-42-52-6417_ocpp16-out.txt'
System.IO.DirectoryNotFoundException: Could not find a part of the path 'C:\DEVELOPER\OCPP.Solaev_Platform_030724\FocusEV.OCPP.Server\wwwroot\Logs\OCPP\2025-04-25_11-42-52-6417_ocpp16-out.txt'.
   at Microsoft.Win32.SafeHandles.SafeFileHandle.CreateFile(String fullPath, FileMode mode, FileAccess access, FileShare share, FileOptions options)
   at Microsoft.Win32.SafeHandles.SafeFileHandle.Open(String fullPath, FileMode mode, FileAccess access, FileShare share, FileOptions options, Int64 preallocationSize)
   at System.IO.Strategies.OSFileStreamStrategy..ctor(String path, FileMode mode, FileAccess access, FileShare share, FileOptions options, Int64 preallocationSize)
   at System.IO.Strategies.FileStreamHelpers.ChooseStrategyCore(String path, FileMode mode, FileAccess access, FileShare share, FileOptions options, Int64 preallocationSize)
   at System.IO.Strategies.FileStreamHelpers.ChooseStrategy(FileStream fileStream, String path, FileMode mode, FileAccess access, FileShare share, Int32 bufferSize, FileOptions options, Int64 preallocationSize)
   at System.IO.StreamWriter.ValidateArgsAndOpenPath(String path, Boolean append, Encoding encoding, Int32 bufferSize)
   at System.IO.File.WriteAllText(String path, String contents)
   at FocusEV.OCPP.Server.OCPPMiddleware.SendOcpp16Message(OCPPMessage msg, ILogger logger, WebSocket webSocket) in C:\DEVELOPER\OCPP.Solaev_Platform_030724\FocusEV.OCPP.Server\OCPPMiddleware.OCPP16.cs:line 603
trce: OCPPMiddleware.OCPP16[0] @ 2025-04-25T11:42:56.2954004+07:00
      OCPPMiddleware.Receive16 => Receiving segment: 397 bytes (EndOfMessage=True / MsgType=Text)
fail: OCPPMiddleware.OCPP16[0] @ 2025-04-25T11:42:56.2962967+07:00
      OCPPMiddleware.Receive16 => Error dumping incoming message to path: 'wwwroot/Logs/OCPP\2025-04-25_11-42-56-2954_ocpp16-in.txt'
System.IO.DirectoryNotFoundException: Could not find a part of the path 'C:\DEVELOPER\OCPP.Solaev_Platform_030724\FocusEV.OCPP.Server\wwwroot\Logs\OCPP\2025-04-25_11-42-56-2954_ocpp16-in.txt'.
   at Microsoft.Win32.SafeHandles.SafeFileHandle.CreateFile(String fullPath, FileMode mode, FileAccess access, FileShare share, FileOptions options)
   at Microsoft.Win32.SafeHandles.SafeFileHandle.Open(String fullPath, FileMode mode, FileAccess access, FileShare share, FileOptions options, Int64 preallocationSize)
   at System.IO.File.OpenHandle(String path, FileMode mode, FileAccess access, FileShare share, FileOptions options, Int64 preallocationSize)
   at System.IO.File.WriteAllBytes(String path, Byte[] bytes)
   at FocusEV.OCPP.Server.OCPPMiddleware.Receive16(ChargePointStatus chargePointStatus, HttpContext context) in C:\DEVELOPER\OCPP.Solaev_Platform_030724\FocusEV.OCPP.Server\OCPPMiddleware.OCPP16.cs:line 432
info: OCPPMiddleware.OCPP16[0] @ 2025-04-25T11:42:56.2965284+07:00
      OCPPMiddleware.Receive16 => OCPP-Message: Type=2 / ID=fi05rvSuNiaAXZhTDuPXYxm7omhWblbal3FZ / Action=StopTransaction)
trce: OCPPMiddleware.OCPP16[0] @ 2025-04-25T11:42:56.2965778+07:00
      My logStopTransaction
info: FocusEV.OCPP.Server.ControllerOCPP16[0] @ 2025-04-25T11:42:56.4076941+07:00
      StopTransaction => RFID-tag='C441D6A8' => Status: Accepted
info: FocusEV.OCPP.Server.ControllerOCPP16[0] @ 2025-04-25T11:42:56.4908920+07:00
      UpdateConnectorStatus => Save ConnectorStatus: ID=FC-HCM-02 / Connector=1 / Status=(null) / Meter=0.05
info: FocusEV.OCPP.Server.ControllerOCPP16[0] @ 2025-04-25T11:42:56.5453821+07:00
      StopTransaction => Different RFID-Tags but matching group ('(null)')
trce: OCPPMiddleware.OCPP16[0] @ 2025-04-25T11:42:57.7149905+07:00
      OCPPMiddleware.OCPP16 => SendOcppMessage: [3,"fi05rvSuNiaAXZhTDuPXYxm7omhWblbal3FZ",{"idTagInfo":{"expiryDate":"2199-12-31T00:00:00+07:00","status":"Accepted"}}]
fail: OCPPMiddleware.OCPP16[0] @ 2025-04-25T11:42:57.7157936+07:00
      OCPPMiddleware.SendOcpp16Message=> Error dumping message to path: 'wwwroot/Logs/OCPP\2025-04-25_11-42-57-7150_ocpp16-out.txt'
System.IO.DirectoryNotFoundException: Could not find a part of the path 'C:\DEVELOPER\OCPP.Solaev_Platform_030724\FocusEV.OCPP.Server\wwwroot\Logs\OCPP\2025-04-25_11-42-57-7150_ocpp16-out.txt'.
   at Microsoft.Win32.SafeHandles.SafeFileHandle.CreateFile(String fullPath, FileMode mode, FileAccess access, FileShare share, FileOptions options)
   at Microsoft.Win32.SafeHandles.SafeFileHandle.Open(String fullPath, FileMode mode, FileAccess access, FileShare share, FileOptions options, Int64 preallocationSize)
   at System.IO.Strategies.OSFileStreamStrategy..ctor(String path, FileMode mode, FileAccess access, FileShare share, FileOptions options, Int64 preallocationSize)
   at System.IO.Strategies.FileStreamHelpers.ChooseStrategyCore(String path, FileMode mode, FileAccess access, FileShare share, FileOptions options, Int64 preallocationSize)
   at System.IO.Strategies.FileStreamHelpers.ChooseStrategy(FileStream fileStream, String path, FileMode mode, FileAccess access, FileShare share, Int32 bufferSize, FileOptions options, Int64 preallocationSize)
   at System.IO.StreamWriter.ValidateArgsAndOpenPath(String path, Boolean append, Encoding encoding, Int32 bufferSize)
   at System.IO.File.WriteAllText(String path, String contents)
   at FocusEV.OCPP.Server.OCPPMiddleware.SendOcpp16Message(OCPPMessage msg, ILogger logger, WebSocket webSocket) in C:\DEVELOPER\OCPP.Solaev_Platform_030724\FocusEV.OCPP.Server\OCPPMiddleware.OCPP16.cs:line 603
info: OCPPMiddleware.OCPP16[0] @ 2025-04-25T11:43:19.8695035+07:00
      OCPPMiddleware.Receive16 => WebSocket Closed: CloseStatus=3001 / MessageType=Close
info: OCPPMiddleware.OCPP16[0] @ 2025-04-25T11:43:19.8705946+07:00
      OCPPMiddleware.Receive16 => Websocket closed: State=Closed / CloseStatus=3001
trce: OCPPMiddleware[0] @ 2025-04-25T11:43:43.3729533+07:00
      OCPPMiddleware => Websocket request: Path='/OCPP/FC-HCM-02'
info: OCPPMiddleware[0] @ 2025-04-25T11:43:43.3730054+07:00
      OCPPMiddleware => Connection request with chargepoint identifier = 'FC-HCM-02'
info: OCPPMiddleware[0] @ 2025-04-25T11:43:43.4003898+07:00
      OCPPMiddleware => SUCCESS: Found chargepoint with identifier=FC-HCM-02
info: OCPPMiddleware[0] @ 2025-04-25T11:43:43.4004082+07:00
      OCPPMiddleware => No authentication for chargepoint 'FC-HCM-02' configured
trce: OCPPMiddleware[0] @ 2025-04-25T11:43:43.4005466+07:00
      OCPPMiddleware => Store/Update status object
trce: OCPPMiddleware[0] @ 2025-04-25T11:43:43.4005604+07:00
      OCPPMiddleware => Waiting for message...
trce: OCPPMiddleware[0] @ 2025-04-25T11:43:43.4009194+07:00
      OCPPMiddleware => WebSocket connection with charge point 'FC-HCM-02'
trce: OCPPMiddleware.OCPP16[0] @ 2025-04-25T11:43:43.4020609+07:00
      OCPPMiddleware.Receive16 => Receiving segment: 326 bytes (EndOfMessage=True / MsgType=Text)
fail: OCPPMiddleware.OCPP16[0] @ 2025-04-25T11:43:43.4029264+07:00
      OCPPMiddleware.Receive16 => Error dumping incoming message to path: 'wwwroot/Logs/OCPP\2025-04-25_11-43-43-4021_ocpp16-in.txt'
System.IO.DirectoryNotFoundException: Could not find a part of the path 'C:\DEVELOPER\OCPP.Solaev_Platform_030724\FocusEV.OCPP.Server\wwwroot\Logs\OCPP\2025-04-25_11-43-43-4021_ocpp16-in.txt'.
   at Microsoft.Win32.SafeHandles.SafeFileHandle.CreateFile(String fullPath, FileMode mode, FileAccess access, FileShare share, FileOptions options)
   at Microsoft.Win32.SafeHandles.SafeFileHandle.Open(String fullPath, FileMode mode, FileAccess access, FileShare share, FileOptions options, Int64 preallocationSize)
   at System.IO.File.OpenHandle(String path, FileMode mode, FileAccess access, FileShare share, FileOptions options, Int64 preallocationSize)
   at System.IO.File.WriteAllBytes(String path, Byte[] bytes)
   at FocusEV.OCPP.Server.OCPPMiddleware.Receive16(ChargePointStatus chargePointStatus, HttpContext context) in C:\DEVELOPER\OCPP.Solaev_Platform_030724\FocusEV.OCPP.Server\OCPPMiddleware.OCPP16.cs:line 432
info: OCPPMiddleware.OCPP16[0] @ 2025-04-25T11:43:43.4030997+07:00
      OCPPMiddleware.Receive16 => OCPP-Message: Type=2 / ID=fi05rvSuNiaAXZhTDuPXYxm7omhWblbal3FZ / Action=BootNotification)
trce: OCPPMiddleware.OCPP16[0] @ 2025-04-25T11:43:43.4031047+07:00
      My logBootNotification
trce: OCPPMiddleware.OCPP16[0] @ 2025-04-25T11:43:43.4262915+07:00
      OCPPMiddleware.OCPP16 => SendOcppMessage: [3,"fi05rvSuNiaAXZhTDuPXYxm7omhWblbal3FZ",{"status":"Accepted","currentTime":"2025-04-25T04:43:43.4031484+00:00","interval":300}]
fail: OCPPMiddleware.OCPP16[0] @ 2025-04-25T11:43:43.4272710+07:00
      OCPPMiddleware.SendOcpp16Message=> Error dumping message to path: 'wwwroot/Logs/OCPP\2025-04-25_11-43-43-4263_ocpp16-out.txt'
System.IO.DirectoryNotFoundException: Could not find a part of the path 'C:\DEVELOPER\OCPP.Solaev_Platform_030724\FocusEV.OCPP.Server\wwwroot\Logs\OCPP\2025-04-25_11-43-43-4263_ocpp16-out.txt'.
   at Microsoft.Win32.SafeHandles.SafeFileHandle.CreateFile(String fullPath, FileMode mode, FileAccess access, FileShare share, FileOptions options)
   at Microsoft.Win32.SafeHandles.SafeFileHandle.Open(String fullPath, FileMode mode, FileAccess access, FileShare share, FileOptions options, Int64 preallocationSize)
   at System.IO.Strategies.OSFileStreamStrategy..ctor(String path, FileMode mode, FileAccess access, FileShare share, FileOptions options, Int64 preallocationSize)
   at System.IO.Strategies.FileStreamHelpers.ChooseStrategyCore(String path, FileMode mode, FileAccess access, FileShare share, FileOptions options, Int64 preallocationSize)
   at System.IO.Strategies.FileStreamHelpers.ChooseStrategy(FileStream fileStream, String path, FileMode mode, FileAccess access, FileShare share, Int32 bufferSize, FileOptions options, Int64 preallocationSize)
   at System.IO.StreamWriter.ValidateArgsAndOpenPath(String path, Boolean append, Encoding encoding, Int32 bufferSize)
   at System.IO.File.WriteAllText(String path, String contents)
   at FocusEV.OCPP.Server.OCPPMiddleware.SendOcpp16Message(OCPPMessage msg, ILogger logger, WebSocket webSocket) in C:\DEVELOPER\OCPP.Solaev_Platform_030724\FocusEV.OCPP.Server\OCPPMiddleware.OCPP16.cs:line 603
info: OCPPMiddleware.OCPP16[0] @ 2025-04-25T11:43:45.4647291+07:00
      OCPPMiddleware.Receive16 => WebSocket Closed: CloseStatus=3001 / MessageType=Close
info: OCPPMiddleware.OCPP16[0] @ 2025-04-25T11:43:45.4649450+07:00
      OCPPMiddleware.Receive16 => Websocket closed: State=Closed / CloseStatus=3001
trce: OCPPMiddleware[0] @ 2025-04-25T11:43:49.2413468+07:00
      OCPPMiddleware => Websocket request: Path='/OCPP/FC-HCM-02'
info: OCPPMiddleware[0] @ 2025-04-25T11:43:49.2413957+07:00
      OCPPMiddleware => Connection request with chargepoint identifier = 'FC-HCM-02'
info: OCPPMiddleware[0] @ 2025-04-25T11:43:49.2503774+07:00
      OCPPMiddleware => SUCCESS: Found chargepoint with identifier=FC-HCM-02
info: OCPPMiddleware[0] @ 2025-04-25T11:43:49.2503912+07:00
      OCPPMiddleware => No authentication for chargepoint 'FC-HCM-02' configured
trce: OCPPMiddleware[0] @ 2025-04-25T11:43:49.2504593+07:00
      OCPPMiddleware => Store/Update status object
trce: OCPPMiddleware[0] @ 2025-04-25T11:43:49.2504614+07:00
      OCPPMiddleware => Waiting for message...
trce: OCPPMiddleware[0] @ 2025-04-25T11:43:49.2506948+07:00
      OCPPMiddleware => WebSocket connection with charge point 'FC-HCM-02'
trce: OCPPMiddleware.OCPP16[0] @ 2025-04-25T11:43:49.2523625+07:00
      OCPPMiddleware.Receive16 => Receiving segment: 326 bytes (EndOfMessage=True / MsgType=Text)
fail: OCPPMiddleware.OCPP16[0] @ 2025-04-25T11:43:49.2538936+07:00
      OCPPMiddleware.Receive16 => Error dumping incoming message to path: 'wwwroot/Logs/OCPP\2025-04-25_11-43-49-2524_ocpp16-in.txt'
System.IO.DirectoryNotFoundException: Could not find a part of the path 'C:\DEVELOPER\OCPP.Solaev_Platform_030724\FocusEV.OCPP.Server\wwwroot\Logs\OCPP\2025-04-25_11-43-49-2524_ocpp16-in.txt'.
   at Microsoft.Win32.SafeHandles.SafeFileHandle.CreateFile(String fullPath, FileMode mode, FileAccess access, FileShare share, FileOptions options)
   at Microsoft.Win32.SafeHandles.SafeFileHandle.Open(String fullPath, FileMode mode, FileAccess access, FileShare share, FileOptions options, Int64 preallocationSize)
   at System.IO.File.OpenHandle(String path, FileMode mode, FileAccess access, FileShare share, FileOptions options, Int64 preallocationSize)
   at System.IO.File.WriteAllBytes(String path, Byte[] bytes)
   at FocusEV.OCPP.Server.OCPPMiddleware.Receive16(ChargePointStatus chargePointStatus, HttpContext context) in C:\DEVELOPER\OCPP.Solaev_Platform_030724\FocusEV.OCPP.Server\OCPPMiddleware.OCPP16.cs:line 432
info: OCPPMiddleware.OCPP16[0] @ 2025-04-25T11:43:49.2544026+07:00
      OCPPMiddleware.Receive16 => OCPP-Message: Type=2 / ID=fi05rvSuNiaAXZhTDuPXYxm7omhWblbal3FZ / Action=BootNotification)
trce: OCPPMiddleware.OCPP16[0] @ 2025-04-25T11:43:49.2544092+07:00
      My logBootNotification
trce: OCPPMiddleware.OCPP16[0] @ 2025-04-25T11:43:49.2771335+07:00
      OCPPMiddleware.OCPP16 => SendOcppMessage: [3,"fi05rvSuNiaAXZhTDuPXYxm7omhWblbal3FZ",{"status":"Accepted","currentTime":"2025-04-25T04:43:49.2544903+00:00","interval":300}]
fail: OCPPMiddleware.OCPP16[0] @ 2025-04-25T11:43:49.2779359+07:00
      OCPPMiddleware.SendOcpp16Message=> Error dumping message to path: 'wwwroot/Logs/OCPP\2025-04-25_11-43-49-2771_ocpp16-out.txt'
System.IO.DirectoryNotFoundException: Could not find a part of the path 'C:\DEVELOPER\OCPP.Solaev_Platform_030724\FocusEV.OCPP.Server\wwwroot\Logs\OCPP\2025-04-25_11-43-49-2771_ocpp16-out.txt'.
   at Microsoft.Win32.SafeHandles.SafeFileHandle.CreateFile(String fullPath, FileMode mode, FileAccess access, FileShare share, FileOptions options)
   at Microsoft.Win32.SafeHandles.SafeFileHandle.Open(String fullPath, FileMode mode, FileAccess access, FileShare share, FileOptions options, Int64 preallocationSize)
   at System.IO.Strategies.OSFileStreamStrategy..ctor(String path, FileMode mode, FileAccess access, FileShare share, FileOptions options, Int64 preallocationSize)
   at System.IO.Strategies.FileStreamHelpers.ChooseStrategyCore(String path, FileMode mode, FileAccess access, FileShare share, FileOptions options, Int64 preallocationSize)
   at System.IO.Strategies.FileStreamHelpers.ChooseStrategy(FileStream fileStream, String path, FileMode mode, FileAccess access, FileShare share, Int32 bufferSize, FileOptions options, Int64 preallocationSize)
   at System.IO.StreamWriter.ValidateArgsAndOpenPath(String path, Boolean append, Encoding encoding, Int32 bufferSize)
   at System.IO.File.WriteAllText(String path, String contents)
   at FocusEV.OCPP.Server.OCPPMiddleware.SendOcpp16Message(OCPPMessage msg, ILogger logger, WebSocket webSocket) in C:\DEVELOPER\OCPP.Solaev_Platform_030724\FocusEV.OCPP.Server\OCPPMiddleware.OCPP16.cs:line 603
info: OCPPMiddleware.OCPP16[0] @ 2025-04-25T11:43:54.0171673+07:00
      OCPPMiddleware.Receive16 => WebSocket Closed: CloseStatus=3001 / MessageType=Close
info: OCPPMiddleware.OCPP16[0] @ 2025-04-25T11:43:54.0173868+07:00
      OCPPMiddleware.Receive16 => Websocket closed: State=Closed / CloseStatus=3001
trce: OCPPMiddleware[0] @ 2025-04-25T12:25:57.7638536+07:00
      OCPPMiddleware => Websocket request: Path='/'
trce: OCPPMiddleware[0] @ 2025-04-25T12:25:57.7809446+07:00
      OCPPMiddleware => Index status page
trce: OCPPMiddleware[0] @ 2025-04-25T12:25:59.9928035+07:00
      OCPPMiddleware => Websocket request: Path='/favicon.ico'
warn: OCPPMiddleware[0] @ 2025-04-25T12:26:00.0088549+07:00
      OCPPMiddleware => Bad path request
trce: OCPPMiddleware[0] @ 2025-04-25T12:26:55.2153592+07:00
      OCPPMiddleware => Websocket request: Path='/OCPP/InsituHCM'
info: OCPPMiddleware[0] @ 2025-04-25T12:26:55.2156614+07:00
      OCPPMiddleware => Connection request with chargepoint identifier = 'InsituHCM'
info: OCPPMiddleware[0] @ 2025-04-25T12:26:56.0855465+07:00
      OCPPMiddleware => SUCCESS: Found chargepoint with identifier=InsituHCM
info: OCPPMiddleware[0] @ 2025-04-25T12:26:56.0856841+07:00
      OCPPMiddleware => No authentication for chargepoint 'InsituHCM' configured
trce: OCPPMiddleware[0] @ 2025-04-25T12:26:56.0887959+07:00
      OCPPMiddleware => Store/Update status object
trce: OCPPMiddleware[0] @ 2025-04-25T12:26:56.0888507+07:00
      OCPPMiddleware => Waiting for message...
trce: OCPPMiddleware[0] @ 2025-04-25T12:26:56.0933895+07:00
      OCPPMiddleware => WebSocket connection with charge point 'InsituHCM'
trce: OCPPMiddleware.OCPP16[0] @ 2025-04-25T12:26:56.1112294+07:00
      OCPPMiddleware.Receive16 => Receiving segment: 326 bytes (EndOfMessage=True / MsgType=Text)
fail: OCPPMiddleware.OCPP16[0] @ 2025-04-25T12:26:56.1733834+07:00
      OCPPMiddleware.Receive16 => Error dumping incoming message to path: 'wwwroot/Logs/OCPP\2025-04-25_12-26-56-1113_ocpp16-in.txt'
System.IO.DirectoryNotFoundException: Could not find a part of the path 'C:\DEVELOPER\OCPP.Solaev_Platform_030724\FocusEV.OCPP.Server\wwwroot\Logs\OCPP\2025-04-25_12-26-56-1113_ocpp16-in.txt'.
   at Microsoft.Win32.SafeHandles.SafeFileHandle.CreateFile(String fullPath, FileMode mode, FileAccess access, FileShare share, FileOptions options)
   at Microsoft.Win32.SafeHandles.SafeFileHandle.Open(String fullPath, FileMode mode, FileAccess access, FileShare share, FileOptions options, Int64 preallocationSize)
   at System.IO.File.OpenHandle(String path, FileMode mode, FileAccess access, FileShare share, FileOptions options, Int64 preallocationSize)
   at System.IO.File.WriteAllBytes(String path, Byte[] bytes)
   at FocusEV.OCPP.Server.OCPPMiddleware.Receive16(ChargePointStatus chargePointStatus, HttpContext context) in C:\DEVELOPER\OCPP.Solaev_Platform_030724\FocusEV.OCPP.Server\OCPPMiddleware.OCPP16.cs:line 432
info: OCPPMiddleware.OCPP16[0] @ 2025-04-25T12:26:56.1791469+07:00
      OCPPMiddleware.Receive16 => OCPP-Message: Type=2 / ID=NBB4tw7EEB9mUwmGK6CeHuq4TEExR8d2idN1 / Action=BootNotification)
trce: OCPPMiddleware.OCPP16[0] @ 2025-04-25T12:26:56.1794072+07:00
      My logBootNotification
trce: OCPPMiddleware.OCPP16[0] @ 2025-04-25T12:26:56.6450510+07:00
      OCPPMiddleware.OCPP16 => SendOcppMessage: [3,"NBB4tw7EEB9mUwmGK6CeHuq4TEExR8d2idN1",{"status":"Accepted","currentTime":"2025-04-25T05:26:56.2742581+00:00","interval":300}]
fail: OCPPMiddleware.OCPP16[0] @ 2025-04-25T12:26:56.6475669+07:00
      OCPPMiddleware.SendOcpp16Message=> Error dumping message to path: 'wwwroot/Logs/OCPP\2025-04-25_12-26-56-6450_ocpp16-out.txt'
System.IO.DirectoryNotFoundException: Could not find a part of the path 'C:\DEVELOPER\OCPP.Solaev_Platform_030724\FocusEV.OCPP.Server\wwwroot\Logs\OCPP\2025-04-25_12-26-56-6450_ocpp16-out.txt'.
   at Microsoft.Win32.SafeHandles.SafeFileHandle.CreateFile(String fullPath, FileMode mode, FileAccess access, FileShare share, FileOptions options)
   at Microsoft.Win32.SafeHandles.SafeFileHandle.Open(String fullPath, FileMode mode, FileAccess access, FileShare share, FileOptions options, Int64 preallocationSize)
   at System.IO.Strategies.OSFileStreamStrategy..ctor(String path, FileMode mode, FileAccess access, FileShare share, FileOptions options, Int64 preallocationSize)
   at System.IO.Strategies.FileStreamHelpers.ChooseStrategyCore(String path, FileMode mode, FileAccess access, FileShare share, FileOptions options, Int64 preallocationSize)
   at System.IO.Strategies.FileStreamHelpers.ChooseStrategy(FileStream fileStream, String path, FileMode mode, FileAccess access, FileShare share, Int32 bufferSize, FileOptions options, Int64 preallocationSize)
   at System.IO.StreamWriter.ValidateArgsAndOpenPath(String path, Boolean append, Encoding encoding, Int32 bufferSize)
   at System.IO.File.WriteAllText(String path, String contents)
   at FocusEV.OCPP.Server.OCPPMiddleware.SendOcpp16Message(OCPPMessage msg, ILogger logger, WebSocket webSocket) in C:\DEVELOPER\OCPP.Solaev_Platform_030724\FocusEV.OCPP.Server\OCPPMiddleware.OCPP16.cs:line 603
trce: OCPPMiddleware.OCPP16[0] @ 2025-04-25T12:27:00.8118998+07:00
      OCPPMiddleware.Receive16 => Receiving segment: 169 bytes (EndOfMessage=True / MsgType=Text)
fail: OCPPMiddleware.OCPP16[0] @ 2025-04-25T12:27:00.8135573+07:00
      OCPPMiddleware.Receive16 => Error dumping incoming message to path: 'wwwroot/Logs/OCPP\2025-04-25_12-27-00-8120_ocpp16-in.txt'
System.IO.DirectoryNotFoundException: Could not find a part of the path 'C:\DEVELOPER\OCPP.Solaev_Platform_030724\FocusEV.OCPP.Server\wwwroot\Logs\OCPP\2025-04-25_12-27-00-8120_ocpp16-in.txt'.
   at Microsoft.Win32.SafeHandles.SafeFileHandle.CreateFile(String fullPath, FileMode mode, FileAccess access, FileShare share, FileOptions options)
   at Microsoft.Win32.SafeHandles.SafeFileHandle.Open(String fullPath, FileMode mode, FileAccess access, FileShare share, FileOptions options, Int64 preallocationSize)
   at System.IO.File.OpenHandle(String path, FileMode mode, FileAccess access, FileShare share, FileOptions options, Int64 preallocationSize)
   at System.IO.File.WriteAllBytes(String path, Byte[] bytes)
   at FocusEV.OCPP.Server.OCPPMiddleware.Receive16(ChargePointStatus chargePointStatus, HttpContext context) in C:\DEVELOPER\OCPP.Solaev_Platform_030724\FocusEV.OCPP.Server\OCPPMiddleware.OCPP16.cs:line 432
info: OCPPMiddleware.OCPP16[0] @ 2025-04-25T12:27:00.8139053+07:00
      OCPPMiddleware.Receive16 => OCPP-Message: Type=2 / ID=NBB4tw7EEB9mUwmGK6CeHuq4TEExR8d2idN1 / Action=StartTransaction)
trce: OCPPMiddleware.OCPP16[0] @ 2025-04-25T12:27:00.8139198+07:00
      My logStartTransaction
info: FocusEV.OCPP.Server.ControllerOCPP16[0] @ 2025-04-25T12:27:00.8764528+07:00
      StartTransaction => Charge tag='587A91AC' => Status: Accepted
info: FocusEV.OCPP.Server.ControllerOCPP16[0] @ 2025-04-25T12:27:00.9479818+07:00
      UpdateConnectorStatus => Save ConnectorStatus: ID=InsituHCM / Connector=1 / Status=Occupied / Meter=0.02
trce: OCPPMiddleware.OCPP16[0] @ 2025-04-25T12:27:01.4976556+07:00
      OCPPMiddleware.OCPP16 => SendOcppMessage: [3,"NBB4tw7EEB9mUwmGK6CeHuq4TEExR8d2idN1",{"idTagInfo":{"expiryDate":"2199-12-31T00:00:00+07:00","status":"Accepted"},"transactionId":95493}]
fail: OCPPMiddleware.OCPP16[0] @ 2025-04-25T12:27:01.4985101+07:00
      OCPPMiddleware.SendOcpp16Message=> Error dumping message to path: 'wwwroot/Logs/OCPP\2025-04-25_12-27-01-4976_ocpp16-out.txt'
System.IO.DirectoryNotFoundException: Could not find a part of the path 'C:\DEVELOPER\OCPP.Solaev_Platform_030724\FocusEV.OCPP.Server\wwwroot\Logs\OCPP\2025-04-25_12-27-01-4976_ocpp16-out.txt'.
   at Microsoft.Win32.SafeHandles.SafeFileHandle.CreateFile(String fullPath, FileMode mode, FileAccess access, FileShare share, FileOptions options)
   at Microsoft.Win32.SafeHandles.SafeFileHandle.Open(String fullPath, FileMode mode, FileAccess access, FileShare share, FileOptions options, Int64 preallocationSize)
   at System.IO.Strategies.OSFileStreamStrategy..ctor(String path, FileMode mode, FileAccess access, FileShare share, FileOptions options, Int64 preallocationSize)
   at System.IO.Strategies.FileStreamHelpers.ChooseStrategyCore(String path, FileMode mode, FileAccess access, FileShare share, FileOptions options, Int64 preallocationSize)
   at System.IO.Strategies.FileStreamHelpers.ChooseStrategy(FileStream fileStream, String path, FileMode mode, FileAccess access, FileShare share, Int32 bufferSize, FileOptions options, Int64 preallocationSize)
   at System.IO.StreamWriter.ValidateArgsAndOpenPath(String path, Boolean append, Encoding encoding, Int32 bufferSize)
   at System.IO.File.WriteAllText(String path, String contents)
   at FocusEV.OCPP.Server.OCPPMiddleware.SendOcpp16Message(OCPPMessage msg, ILogger logger, WebSocket webSocket) in C:\DEVELOPER\OCPP.Solaev_Platform_030724\FocusEV.OCPP.Server\OCPPMiddleware.OCPP16.cs:line 603
trce: OCPPMiddleware[0] @ 2025-04-25T12:27:08.0953420+07:00
      OCPPMiddleware => Websocket request: Path='/'
trce: OCPPMiddleware[0] @ 2025-04-25T12:27:08.0955031+07:00
      OCPPMiddleware => Index status page
trce: OCPPMiddleware[0] @ 2025-04-25T12:27:08.9807419+07:00
      OCPPMiddleware => Websocket request: Path='/favicon.ico'
warn: OCPPMiddleware[0] @ 2025-04-25T12:27:08.9815353+07:00
      OCPPMiddleware => Bad path request
trce: OCPPMiddleware.OCPP16[0] @ 2025-04-25T12:31:56.9551566+07:00
      OCPPMiddleware.Receive16 => Receiving segment: 57 bytes (EndOfMessage=True / MsgType=Text)
fail: OCPPMiddleware.OCPP16[0] @ 2025-04-25T12:31:56.9563363+07:00
      OCPPMiddleware.Receive16 => Error dumping incoming message to path: 'wwwroot/Logs/OCPP\2025-04-25_12-31-56-9552_ocpp16-in.txt'
System.IO.DirectoryNotFoundException: Could not find a part of the path 'C:\DEVELOPER\OCPP.Solaev_Platform_030724\FocusEV.OCPP.Server\wwwroot\Logs\OCPP\2025-04-25_12-31-56-9552_ocpp16-in.txt'.
   at Microsoft.Win32.SafeHandles.SafeFileHandle.CreateFile(String fullPath, FileMode mode, FileAccess access, FileShare share, FileOptions options)
   at Microsoft.Win32.SafeHandles.SafeFileHandle.Open(String fullPath, FileMode mode, FileAccess access, FileShare share, FileOptions options, Int64 preallocationSize)
   at System.IO.File.OpenHandle(String path, FileMode mode, FileAccess access, FileShare share, FileOptions options, Int64 preallocationSize)
   at System.IO.File.WriteAllBytes(String path, Byte[] bytes)
   at FocusEV.OCPP.Server.OCPPMiddleware.Receive16(ChargePointStatus chargePointStatus, HttpContext context) in C:\DEVELOPER\OCPP.Solaev_Platform_030724\FocusEV.OCPP.Server\OCPPMiddleware.OCPP16.cs:line 432
info: OCPPMiddleware.OCPP16[0] @ 2025-04-25T12:31:56.9566501+07:00
      OCPPMiddleware.Receive16 => OCPP-Message: Type=2 / ID=NBB4tw7EEB9mUwmGK6CeHuq4TEExR8d2idN1 / Action=Heartbeat)
trce: OCPPMiddleware.OCPP16[0] @ 2025-04-25T12:31:57.2098287+07:00
      OCPPMiddleware.OCPP16 => SendOcppMessage: [3,"NBB4tw7EEB9mUwmGK6CeHuq4TEExR8d2idN1",{"currentTime":"2025-04-25T05:31:56.9576442+00:00"}]
fail: OCPPMiddleware.OCPP16[0] @ 2025-04-25T12:31:57.2107953+07:00
      OCPPMiddleware.SendOcpp16Message=> Error dumping message to path: 'wwwroot/Logs/OCPP\2025-04-25_12-31-57-2098_ocpp16-out.txt'
System.IO.DirectoryNotFoundException: Could not find a part of the path 'C:\DEVELOPER\OCPP.Solaev_Platform_030724\FocusEV.OCPP.Server\wwwroot\Logs\OCPP\2025-04-25_12-31-57-2098_ocpp16-out.txt'.
   at Microsoft.Win32.SafeHandles.SafeFileHandle.CreateFile(String fullPath, FileMode mode, FileAccess access, FileShare share, FileOptions options)
   at Microsoft.Win32.SafeHandles.SafeFileHandle.Open(String fullPath, FileMode mode, FileAccess access, FileShare share, FileOptions options, Int64 preallocationSize)
   at System.IO.Strategies.OSFileStreamStrategy..ctor(String path, FileMode mode, FileAccess access, FileShare share, FileOptions options, Int64 preallocationSize)
   at System.IO.Strategies.FileStreamHelpers.ChooseStrategyCore(String path, FileMode mode, FileAccess access, FileShare share, FileOptions options, Int64 preallocationSize)
   at System.IO.Strategies.FileStreamHelpers.ChooseStrategy(FileStream fileStream, String path, FileMode mode, FileAccess access, FileShare share, Int32 bufferSize, FileOptions options, Int64 preallocationSize)
   at System.IO.StreamWriter.ValidateArgsAndOpenPath(String path, Boolean append, Encoding encoding, Int32 bufferSize)
   at System.IO.File.WriteAllText(String path, String contents)
   at FocusEV.OCPP.Server.OCPPMiddleware.SendOcpp16Message(OCPPMessage msg, ILogger logger, WebSocket webSocket) in C:\DEVELOPER\OCPP.Solaev_Platform_030724\FocusEV.OCPP.Server\OCPPMiddleware.OCPP16.cs:line 603
trce: OCPPMiddleware.OCPP16[0] @ 2025-04-25T12:37:36.8008632+07:00
      OCPPMiddleware.Receive16 => Receiving segment: 57 bytes (EndOfMessage=True / MsgType=Text)
fail: OCPPMiddleware.OCPP16[0] @ 2025-04-25T12:37:36.8026703+07:00
      OCPPMiddleware.Receive16 => Error dumping incoming message to path: 'wwwroot/Logs/OCPP\2025-04-25_12-37-36-8011_ocpp16-in.txt'
System.IO.DirectoryNotFoundException: Could not find a part of the path 'C:\DEVELOPER\OCPP.Solaev_Platform_030724\FocusEV.OCPP.Server\wwwroot\Logs\OCPP\2025-04-25_12-37-36-8011_ocpp16-in.txt'.
   at Microsoft.Win32.SafeHandles.SafeFileHandle.CreateFile(String fullPath, FileMode mode, FileAccess access, FileShare share, FileOptions options)
   at Microsoft.Win32.SafeHandles.SafeFileHandle.Open(String fullPath, FileMode mode, FileAccess access, FileShare share, FileOptions options, Int64 preallocationSize)
   at System.IO.File.OpenHandle(String path, FileMode mode, FileAccess access, FileShare share, FileOptions options, Int64 preallocationSize)
   at System.IO.File.WriteAllBytes(String path, Byte[] bytes)
   at FocusEV.OCPP.Server.OCPPMiddleware.Receive16(ChargePointStatus chargePointStatus, HttpContext context) in C:\DEVELOPER\OCPP.Solaev_Platform_030724\FocusEV.OCPP.Server\OCPPMiddleware.OCPP16.cs:line 432
info: OCPPMiddleware.OCPP16[0] @ 2025-04-25T12:37:36.8029859+07:00
      OCPPMiddleware.Receive16 => OCPP-Message: Type=2 / ID=NBB4tw7EEB9mUwmGK6CeHuq4TEExR8d2idN1 / Action=Heartbeat)
trce: OCPPMiddleware.OCPP16[0] @ 2025-04-25T12:37:37.0107088+07:00
      OCPPMiddleware.OCPP16 => SendOcppMessage: [3,"NBB4tw7EEB9mUwmGK6CeHuq4TEExR8d2idN1",{"currentTime":"2025-04-25T05:37:36.8029997+00:00"}]
fail: OCPPMiddleware.OCPP16[0] @ 2025-04-25T12:37:37.0116598+07:00
      OCPPMiddleware.SendOcpp16Message=> Error dumping message to path: 'wwwroot/Logs/OCPP\2025-04-25_12-37-37-0107_ocpp16-out.txt'
System.IO.DirectoryNotFoundException: Could not find a part of the path 'C:\DEVELOPER\OCPP.Solaev_Platform_030724\FocusEV.OCPP.Server\wwwroot\Logs\OCPP\2025-04-25_12-37-37-0107_ocpp16-out.txt'.
   at Microsoft.Win32.SafeHandles.SafeFileHandle.CreateFile(String fullPath, FileMode mode, FileAccess access, FileShare share, FileOptions options)
   at Microsoft.Win32.SafeHandles.SafeFileHandle.Open(String fullPath, FileMode mode, FileAccess access, FileShare share, FileOptions options, Int64 preallocationSize)
   at System.IO.Strategies.OSFileStreamStrategy..ctor(String path, FileMode mode, FileAccess access, FileShare share, FileOptions options, Int64 preallocationSize)
   at System.IO.Strategies.FileStreamHelpers.ChooseStrategyCore(String path, FileMode mode, FileAccess access, FileShare share, FileOptions options, Int64 preallocationSize)
   at System.IO.Strategies.FileStreamHelpers.ChooseStrategy(FileStream fileStream, String path, FileMode mode, FileAccess access, FileShare share, Int32 bufferSize, FileOptions options, Int64 preallocationSize)
   at System.IO.StreamWriter.ValidateArgsAndOpenPath(String path, Boolean append, Encoding encoding, Int32 bufferSize)
   at System.IO.File.WriteAllText(String path, String contents)
   at FocusEV.OCPP.Server.OCPPMiddleware.SendOcpp16Message(OCPPMessage msg, ILogger logger, WebSocket webSocket) in C:\DEVELOPER\OCPP.Solaev_Platform_030724\FocusEV.OCPP.Server\OCPPMiddleware.OCPP16.cs:line 603
trce: OCPPMiddleware.OCPP16[0] @ 2025-04-25T12:53:21.0654137+07:00
      OCPPMiddleware.Receive16 => Receiving segment: 57 bytes (EndOfMessage=True / MsgType=Text)
fail: OCPPMiddleware.OCPP16[0] @ 2025-04-25T12:53:21.0690913+07:00
      OCPPMiddleware.Receive16 => Error dumping incoming message to path: 'wwwroot/Logs/OCPP\2025-04-25_12-53-21-0655_ocpp16-in.txt'
System.IO.DirectoryNotFoundException: Could not find a part of the path 'C:\DEVELOPER\OCPP.Solaev_Platform_030724\FocusEV.OCPP.Server\wwwroot\Logs\OCPP\2025-04-25_12-53-21-0655_ocpp16-in.txt'.
   at Microsoft.Win32.SafeHandles.SafeFileHandle.CreateFile(String fullPath, FileMode mode, FileAccess access, FileShare share, FileOptions options)
   at Microsoft.Win32.SafeHandles.SafeFileHandle.Open(String fullPath, FileMode mode, FileAccess access, FileShare share, FileOptions options, Int64 preallocationSize)
   at System.IO.File.OpenHandle(String path, FileMode mode, FileAccess access, FileShare share, FileOptions options, Int64 preallocationSize)
   at System.IO.File.WriteAllBytes(String path, Byte[] bytes)
   at FocusEV.OCPP.Server.OCPPMiddleware.Receive16(ChargePointStatus chargePointStatus, HttpContext context) in C:\DEVELOPER\OCPP.Solaev_Platform_030724\FocusEV.OCPP.Server\OCPPMiddleware.OCPP16.cs:line 432
info: OCPPMiddleware.OCPP16[0] @ 2025-04-25T12:53:21.0695011+07:00
      OCPPMiddleware.Receive16 => OCPP-Message: Type=2 / ID=NBB4tw7EEB9mUwmGK6CeHuq4TEExR8d2idN1 / Action=Heartbeat)
trce: OCPPMiddleware.OCPP16[0] @ 2025-04-25T12:53:21.1844169+07:00
      OCPPMiddleware.OCPP16 => SendOcppMessage: [3,"NBB4tw7EEB9mUwmGK6CeHuq4TEExR8d2idN1",{"currentTime":"2025-04-25T05:53:21.0695142+00:00"}]
fail: OCPPMiddleware.OCPP16[0] @ 2025-04-25T12:53:21.1861420+07:00
      OCPPMiddleware.SendOcpp16Message=> Error dumping message to path: 'wwwroot/Logs/OCPP\2025-04-25_12-53-21-1844_ocpp16-out.txt'
System.IO.DirectoryNotFoundException: Could not find a part of the path 'C:\DEVELOPER\OCPP.Solaev_Platform_030724\FocusEV.OCPP.Server\wwwroot\Logs\OCPP\2025-04-25_12-53-21-1844_ocpp16-out.txt'.
   at Microsoft.Win32.SafeHandles.SafeFileHandle.CreateFile(String fullPath, FileMode mode, FileAccess access, FileShare share, FileOptions options)
   at Microsoft.Win32.SafeHandles.SafeFileHandle.Open(String fullPath, FileMode mode, FileAccess access, FileShare share, FileOptions options, Int64 preallocationSize)
   at System.IO.Strategies.OSFileStreamStrategy..ctor(String path, FileMode mode, FileAccess access, FileShare share, FileOptions options, Int64 preallocationSize)
   at System.IO.Strategies.FileStreamHelpers.ChooseStrategyCore(String path, FileMode mode, FileAccess access, FileShare share, FileOptions options, Int64 preallocationSize)
   at System.IO.Strategies.FileStreamHelpers.ChooseStrategy(FileStream fileStream, String path, FileMode mode, FileAccess access, FileShare share, Int32 bufferSize, FileOptions options, Int64 preallocationSize)
   at System.IO.StreamWriter.ValidateArgsAndOpenPath(String path, Boolean append, Encoding encoding, Int32 bufferSize)
   at System.IO.File.WriteAllText(String path, String contents)
   at FocusEV.OCPP.Server.OCPPMiddleware.SendOcpp16Message(OCPPMessage msg, ILogger logger, WebSocket webSocket) in C:\DEVELOPER\OCPP.Solaev_Platform_030724\FocusEV.OCPP.Server\OCPPMiddleware.OCPP16.cs:line 603
info: OCPPMiddleware.OCPP16[0] @ 2025-04-25T12:53:22.4302531+07:00
      OCPPMiddleware.Receive16 => WebSocket Closed: CloseStatus=EndpointUnavailable / MessageType=Close
info: OCPPMiddleware.OCPP16[0] @ 2025-04-25T12:53:22.4314014+07:00
      OCPPMiddleware.Receive16 => Websocket closed: State=Closed / CloseStatus=EndpointUnavailable
trce: OCPPMiddleware[0] @ 2025-04-25T13:04:05.6256671+07:00
      OCPPMiddleware => Websocket request: Path='/'
trce: OCPPMiddleware[0] @ 2025-04-25T13:04:05.6701450+07:00
      OCPPMiddleware => Index status page
trce: OCPPMiddleware[0] @ 2025-04-25T13:04:09.7902339+07:00
      OCPPMiddleware => Websocket request: Path='/favicon.ico'
warn: OCPPMiddleware[0] @ 2025-04-25T13:04:09.8297653+07:00
      OCPPMiddleware => Bad path request
trce: OCPPMiddleware[0] @ 2025-04-29T13:38:29.9656809+07:00
      OCPPMiddleware => Websocket request: Path='/'
trce: OCPPMiddleware[0] @ 2025-04-29T13:38:30.0037256+07:00
      OCPPMiddleware => Index status page
trce: OCPPMiddleware[0] @ 2025-04-29T13:38:31.8832855+07:00
      OCPPMiddleware => Websocket request: Path='/favicon.ico'
warn: OCPPMiddleware[0] @ 2025-04-29T13:38:31.9677498+07:00
      OCPPMiddleware => Bad path request
trce: OCPPMiddleware[0] @ 2025-04-29T13:40:03.6866573+07:00
      OCPPMiddleware => Websocket request: Path='/'
trce: OCPPMiddleware[0] @ 2025-04-29T13:40:03.7307735+07:00
      OCPPMiddleware => Index status page
trce: OCPPMiddleware[0] @ 2025-04-29T13:40:06.8426436+07:00
      OCPPMiddleware => Websocket request: Path='/favicon.ico'
warn: OCPPMiddleware[0] @ 2025-04-29T13:40:06.9353642+07:00
      OCPPMiddleware => Bad path request
trce: OCPPMiddleware[0] @ 2025-04-29T14:46:03.4648193+07:00
      OCPPMiddleware => Websocket request: Path='/'
trce: OCPPMiddleware[0] @ 2025-04-29T14:46:03.5873470+07:00
      OCPPMiddleware => Index status page
trce: OCPPMiddleware[0] @ 2025-06-14T15:41:47.1670517+07:00
      OCPPMiddleware => Websocket request: Path='/OCPP/InsituHCM'
info: OCPPMiddleware[0] @ 2025-06-14T15:41:47.1899831+07:00
      OCPPMiddleware => Connection request with chargepoint identifier = 'InsituHCM'
trce: OCPPMiddleware[0] @ 2025-06-14T15:41:47.9349306+07:00
      OCPPMiddleware => Websocket request: Path='/'
trce: OCPPMiddleware[0] @ 2025-06-14T15:41:47.9351504+07:00
      OCPPMiddleware => Index status page
info: OCPPMiddleware[0] @ 2025-06-14T15:41:48.0268408+07:00
      OCPPMiddleware => SUCCESS: Found chargepoint with identifier=InsituHCM
info: OCPPMiddleware[0] @ 2025-06-14T15:41:48.0269889+07:00
      OCPPMiddleware => No authentication for chargepoint 'InsituHCM' configured
trce: OCPPMiddleware[0] @ 2025-06-14T15:41:48.0330943+07:00
      OCPPMiddleware => Store/Update status object
trce: OCPPMiddleware[0] @ 2025-06-14T15:41:48.0332116+07:00
      OCPPMiddleware => Waiting for message...
trce: OCPPMiddleware[0] @ 2025-06-14T15:41:48.0433729+07:00
      OCPPMiddleware => WebSocket connection with charge point 'InsituHCM'
trce: OCPPMiddleware.OCPP16[0] @ 2025-06-14T15:41:48.0590975+07:00
      OCPPMiddleware.Receive16 => Receiving segment: 326 bytes (EndOfMessage=True / MsgType=Text)
fail: OCPPMiddleware.OCPP16[0] @ 2025-06-14T15:41:48.1844254+07:00
      OCPPMiddleware.Receive16 => Error dumping incoming message to path: 'wwwroot/Logs/OCPP\2025-06-14_15-41-48-0593_ocpp16-in.txt'
System.IO.DirectoryNotFoundException: Could not find a part of the path 'C:\DEVELOPER\OCPP.Solaev_Platform_030724\FocusEV.OCPP.Server\wwwroot\Logs\OCPP\2025-06-14_15-41-48-0593_ocpp16-in.txt'.
   at Microsoft.Win32.SafeHandles.SafeFileHandle.CreateFile(String fullPath, FileMode mode, FileAccess access, FileShare share, FileOptions options)
   at Microsoft.Win32.SafeHandles.SafeFileHandle.Open(String fullPath, FileMode mode, FileAccess access, FileShare share, FileOptions options, Int64 preallocationSize)
   at System.IO.File.OpenHandle(String path, FileMode mode, FileAccess access, FileShare share, FileOptions options, Int64 preallocationSize)
   at System.IO.File.WriteAllBytes(String path, Byte[] bytes)
   at FocusEV.OCPP.Server.OCPPMiddleware.Receive16(ChargePointStatus chargePointStatus, HttpContext context) in C:\DEVELOPER\OCPP.Solaev_Platform_030724\FocusEV.OCPP.Server\OCPPMiddleware.OCPP16.cs:line 432
info: OCPPMiddleware.OCPP16[0] @ 2025-06-14T15:41:48.1966887+07:00
      OCPPMiddleware.Receive16 => OCPP-Message: Type=2 / ID=VP2EjVzKJIPTj1unwClUXUMW2Qp5wOm9pIeF / Action=BootNotification)
trce: OCPPMiddleware.OCPP16[0] @ 2025-06-14T15:41:48.1973052+07:00
      My logBootNotification
trce: OCPPMiddleware.OCPP16[0] @ 2025-06-14T15:41:48.7107414+07:00
      OCPPMiddleware.OCPP16 => SendOcppMessage: [3,"VP2EjVzKJIPTj1unwClUXUMW2Qp5wOm9pIeF",{"status":"Accepted","currentTime":"2025-06-14T08:41:48.3677604+00:00","interval":300}]
fail: OCPPMiddleware.OCPP16[0] @ 2025-06-14T15:41:48.7151628+07:00
      OCPPMiddleware.SendOcpp16Message=> Error dumping message to path: 'wwwroot/Logs/OCPP\2025-06-14_15-41-48-7107_ocpp16-out.txt'
System.IO.DirectoryNotFoundException: Could not find a part of the path 'C:\DEVELOPER\OCPP.Solaev_Platform_030724\FocusEV.OCPP.Server\wwwroot\Logs\OCPP\2025-06-14_15-41-48-7107_ocpp16-out.txt'.
   at Microsoft.Win32.SafeHandles.SafeFileHandle.CreateFile(String fullPath, FileMode mode, FileAccess access, FileShare share, FileOptions options)
   at Microsoft.Win32.SafeHandles.SafeFileHandle.Open(String fullPath, FileMode mode, FileAccess access, FileShare share, FileOptions options, Int64 preallocationSize)
   at System.IO.Strategies.OSFileStreamStrategy..ctor(String path, FileMode mode, FileAccess access, FileShare share, FileOptions options, Int64 preallocationSize)
   at System.IO.Strategies.FileStreamHelpers.ChooseStrategyCore(String path, FileMode mode, FileAccess access, FileShare share, FileOptions options, Int64 preallocationSize)
   at System.IO.Strategies.FileStreamHelpers.ChooseStrategy(FileStream fileStream, String path, FileMode mode, FileAccess access, FileShare share, Int32 bufferSize, FileOptions options, Int64 preallocationSize)
   at System.IO.StreamWriter.ValidateArgsAndOpenPath(String path, Boolean append, Encoding encoding, Int32 bufferSize)
   at System.IO.File.WriteAllText(String path, String contents)
   at FocusEV.OCPP.Server.OCPPMiddleware.SendOcpp16Message(OCPPMessage msg, ILogger logger, WebSocket webSocket) in C:\DEVELOPER\OCPP.Solaev_Platform_030724\FocusEV.OCPP.Server\OCPPMiddleware.OCPP16.cs:line 603
trce: OCPPMiddleware[0] @ 2025-06-14T15:41:50.4837538+07:00
      OCPPMiddleware => Websocket request: Path='/favicon.ico'
warn: OCPPMiddleware[0] @ 2025-06-14T15:41:50.4849039+07:00
      OCPPMiddleware => Bad path request
info: OCPPMiddleware.OCPP16[0] @ 2025-06-14T15:41:55.2254791+07:00
      OCPPMiddleware.Receive16 => WebSocket Closed: CloseStatus=3001 / MessageType=Close
info: OCPPMiddleware.OCPP16[0] @ 2025-06-14T15:41:55.2266810+07:00
      OCPPMiddleware.Receive16 => Websocket closed: State=Closed / CloseStatus=3001
trce: OCPPMiddleware[0] @ 2025-06-14T15:41:56.4725621+07:00
      OCPPMiddleware => Websocket request: Path='/OCPP/InsituHCM'
info: OCPPMiddleware[0] @ 2025-06-14T15:41:56.4726366+07:00
      OCPPMiddleware => Connection request with chargepoint identifier = 'InsituHCM'
info: OCPPMiddleware[0] @ 2025-06-14T15:41:56.4828989+07:00
      OCPPMiddleware => SUCCESS: Found chargepoint with identifier=InsituHCM
info: OCPPMiddleware[0] @ 2025-06-14T15:41:56.4829519+07:00
      OCPPMiddleware => No authentication for chargepoint 'InsituHCM' configured
trce: OCPPMiddleware[0] @ 2025-06-14T15:41:56.4831037+07:00
      OCPPMiddleware => Store/Update status object
trce: OCPPMiddleware[0] @ 2025-06-14T15:41:56.4831165+07:00
      OCPPMiddleware => Waiting for message...
trce: OCPPMiddleware[0] @ 2025-06-14T15:41:56.4836038+07:00
      OCPPMiddleware => WebSocket connection with charge point 'InsituHCM'
trce: OCPPMiddleware.OCPP16[0] @ 2025-06-14T15:41:56.4857124+07:00
      OCPPMiddleware.Receive16 => Receiving segment: 326 bytes (EndOfMessage=True / MsgType=Text)
fail: OCPPMiddleware.OCPP16[0] @ 2025-06-14T15:41:56.4873975+07:00
      OCPPMiddleware.Receive16 => Error dumping incoming message to path: 'wwwroot/Logs/OCPP\2025-06-14_15-41-56-4857_ocpp16-in.txt'
System.IO.DirectoryNotFoundException: Could not find a part of the path 'C:\DEVELOPER\OCPP.Solaev_Platform_030724\FocusEV.OCPP.Server\wwwroot\Logs\OCPP\2025-06-14_15-41-56-4857_ocpp16-in.txt'.
   at Microsoft.Win32.SafeHandles.SafeFileHandle.CreateFile(String fullPath, FileMode mode, FileAccess access, FileShare share, FileOptions options)
   at Microsoft.Win32.SafeHandles.SafeFileHandle.Open(String fullPath, FileMode mode, FileAccess access, FileShare share, FileOptions options, Int64 preallocationSize)
   at System.IO.File.OpenHandle(String path, FileMode mode, FileAccess access, FileShare share, FileOptions options, Int64 preallocationSize)
   at System.IO.File.WriteAllBytes(String path, Byte[] bytes)
   at FocusEV.OCPP.Server.OCPPMiddleware.Receive16(ChargePointStatus chargePointStatus, HttpContext context) in C:\DEVELOPER\OCPP.Solaev_Platform_030724\FocusEV.OCPP.Server\OCPPMiddleware.OCPP16.cs:line 432
info: OCPPMiddleware.OCPP16[0] @ 2025-06-14T15:41:56.4877537+07:00
      OCPPMiddleware.Receive16 => OCPP-Message: Type=2 / ID=VP2EjVzKJIPTj1unwClUXUMW2Qp5wOm9pIeF / Action=BootNotification)
trce: OCPPMiddleware.OCPP16[0] @ 2025-06-14T15:41:56.4877627+07:00
      My logBootNotification
trce: OCPPMiddleware.OCPP16[0] @ 2025-06-14T15:41:56.4927565+07:00
      OCPPMiddleware.OCPP16 => SendOcppMessage: [3,"VP2EjVzKJIPTj1unwClUXUMW2Qp5wOm9pIeF",{"status":"Accepted","currentTime":"2025-06-14T08:41:56.4878456+00:00","interval":300}]
fail: OCPPMiddleware.OCPP16[0] @ 2025-06-14T15:41:56.4944158+07:00
      OCPPMiddleware.SendOcpp16Message=> Error dumping message to path: 'wwwroot/Logs/OCPP\2025-06-14_15-41-56-4928_ocpp16-out.txt'
System.IO.DirectoryNotFoundException: Could not find a part of the path 'C:\DEVELOPER\OCPP.Solaev_Platform_030724\FocusEV.OCPP.Server\wwwroot\Logs\OCPP\2025-06-14_15-41-56-4928_ocpp16-out.txt'.
   at Microsoft.Win32.SafeHandles.SafeFileHandle.CreateFile(String fullPath, FileMode mode, FileAccess access, FileShare share, FileOptions options)
   at Microsoft.Win32.SafeHandles.SafeFileHandle.Open(String fullPath, FileMode mode, FileAccess access, FileShare share, FileOptions options, Int64 preallocationSize)
   at System.IO.Strategies.OSFileStreamStrategy..ctor(String path, FileMode mode, FileAccess access, FileShare share, FileOptions options, Int64 preallocationSize)
   at System.IO.Strategies.FileStreamHelpers.ChooseStrategyCore(String path, FileMode mode, FileAccess access, FileShare share, FileOptions options, Int64 preallocationSize)
   at System.IO.Strategies.FileStreamHelpers.ChooseStrategy(FileStream fileStream, String path, FileMode mode, FileAccess access, FileShare share, Int32 bufferSize, FileOptions options, Int64 preallocationSize)
   at System.IO.StreamWriter.ValidateArgsAndOpenPath(String path, Boolean append, Encoding encoding, Int32 bufferSize)
   at System.IO.File.WriteAllText(String path, String contents)
   at FocusEV.OCPP.Server.OCPPMiddleware.SendOcpp16Message(OCPPMessage msg, ILogger logger, WebSocket webSocket) in C:\DEVELOPER\OCPP.Solaev_Platform_030724\FocusEV.OCPP.Server\OCPPMiddleware.OCPP16.cs:line 603
trce: OCPPMiddleware[0] @ 2025-06-14T15:42:01.3856170+07:00
      OCPPMiddleware => Websocket request: Path='/'
trce: OCPPMiddleware[0] @ 2025-06-14T15:42:01.3859633+07:00
      OCPPMiddleware => Index status page
trce: OCPPMiddleware[0] @ 2025-06-14T15:42:01.8230891+07:00
      OCPPMiddleware => Websocket request: Path='/favicon.ico'
warn: OCPPMiddleware[0] @ 2025-06-14T15:42:01.8236545+07:00
      OCPPMiddleware => Bad path request
trce: OCPPMiddleware[0] @ 2025-06-14T15:42:03.5676881+07:00
      OCPPMiddleware => Websocket request: Path='/'
trce: OCPPMiddleware[0] @ 2025-06-14T15:42:03.5677567+07:00
      OCPPMiddleware => Index status page
trce: OCPPMiddleware[0] @ 2025-06-14T15:42:03.9388681+07:00
      OCPPMiddleware => Websocket request: Path='/favicon.ico'
warn: OCPPMiddleware[0] @ 2025-06-14T15:42:03.9394149+07:00
      OCPPMiddleware => Bad path request
info: OCPPMiddleware.OCPP16[0] @ 2025-06-14T15:42:09.1315299+07:00
      OCPPMiddleware.Receive16 => WebSocket Closed: CloseStatus=3001 / MessageType=Close
info: OCPPMiddleware.OCPP16[0] @ 2025-06-14T15:42:09.1317731+07:00
      OCPPMiddleware.Receive16 => Websocket closed: State=Closed / CloseStatus=3001
trce: OCPPMiddleware[0] @ 2025-06-14T15:42:13.2853741+07:00
      OCPPMiddleware => Websocket request: Path='/OCPP/InsituHCM'
info: OCPPMiddleware[0] @ 2025-06-14T15:42:13.2854445+07:00
      OCPPMiddleware => Connection request with chargepoint identifier = 'InsituHCM'
info: OCPPMiddleware[0] @ 2025-06-14T15:42:13.2902541+07:00
      OCPPMiddleware => SUCCESS: Found chargepoint with identifier=InsituHCM
info: OCPPMiddleware[0] @ 2025-06-14T15:42:13.2903214+07:00
      OCPPMiddleware => No authentication for chargepoint 'InsituHCM' configured
trce: OCPPMiddleware[0] @ 2025-06-14T15:42:13.2904187+07:00
      OCPPMiddleware => Store/Update status object
trce: OCPPMiddleware[0] @ 2025-06-14T15:42:13.2904234+07:00
      OCPPMiddleware => Waiting for message...
trce: OCPPMiddleware[0] @ 2025-06-14T15:42:13.2910859+07:00
      OCPPMiddleware => WebSocket connection with charge point 'InsituHCM'
trce: OCPPMiddleware.OCPP16[0] @ 2025-06-14T15:42:13.2946599+07:00
      OCPPMiddleware.Receive16 => Receiving segment: 326 bytes (EndOfMessage=True / MsgType=Text)
fail: OCPPMiddleware.OCPP16[0] @ 2025-06-14T15:42:13.2963207+07:00
      OCPPMiddleware.Receive16 => Error dumping incoming message to path: 'wwwroot/Logs/OCPP\2025-06-14_15-42-13-2948_ocpp16-in.txt'
System.IO.DirectoryNotFoundException: Could not find a part of the path 'C:\DEVELOPER\OCPP.Solaev_Platform_030724\FocusEV.OCPP.Server\wwwroot\Logs\OCPP\2025-06-14_15-42-13-2948_ocpp16-in.txt'.
   at Microsoft.Win32.SafeHandles.SafeFileHandle.CreateFile(String fullPath, FileMode mode, FileAccess access, FileShare share, FileOptions options)
   at Microsoft.Win32.SafeHandles.SafeFileHandle.Open(String fullPath, FileMode mode, FileAccess access, FileShare share, FileOptions options, Int64 preallocationSize)
   at System.IO.File.OpenHandle(String path, FileMode mode, FileAccess access, FileShare share, FileOptions options, Int64 preallocationSize)
   at System.IO.File.WriteAllBytes(String path, Byte[] bytes)
   at FocusEV.OCPP.Server.OCPPMiddleware.Receive16(ChargePointStatus chargePointStatus, HttpContext context) in C:\DEVELOPER\OCPP.Solaev_Platform_030724\FocusEV.OCPP.Server\OCPPMiddleware.OCPP16.cs:line 432
info: OCPPMiddleware.OCPP16[0] @ 2025-06-14T15:42:13.2965762+07:00
      OCPPMiddleware.Receive16 => OCPP-Message: Type=2 / ID=VP2EjVzKJIPTj1unwClUXUMW2Qp5wOm9pIeF / Action=BootNotification)
trce: OCPPMiddleware.OCPP16[0] @ 2025-06-14T15:42:13.2965829+07:00
      My logBootNotification
trce: OCPPMiddleware.OCPP16[0] @ 2025-06-14T15:42:13.3022420+07:00
      OCPPMiddleware.OCPP16 => SendOcppMessage: [3,"VP2EjVzKJIPTj1unwClUXUMW2Qp5wOm9pIeF",{"status":"Accepted","currentTime":"2025-06-14T08:42:13.2966939+00:00","interval":300}]
fail: OCPPMiddleware.OCPP16[0] @ 2025-06-14T15:42:13.3033587+07:00
      OCPPMiddleware.SendOcpp16Message=> Error dumping message to path: 'wwwroot/Logs/OCPP\2025-06-14_15-42-13-3022_ocpp16-out.txt'
System.IO.DirectoryNotFoundException: Could not find a part of the path 'C:\DEVELOPER\OCPP.Solaev_Platform_030724\FocusEV.OCPP.Server\wwwroot\Logs\OCPP\2025-06-14_15-42-13-3022_ocpp16-out.txt'.
   at Microsoft.Win32.SafeHandles.SafeFileHandle.CreateFile(String fullPath, FileMode mode, FileAccess access, FileShare share, FileOptions options)
   at Microsoft.Win32.SafeHandles.SafeFileHandle.Open(String fullPath, FileMode mode, FileAccess access, FileShare share, FileOptions options, Int64 preallocationSize)
   at System.IO.Strategies.OSFileStreamStrategy..ctor(String path, FileMode mode, FileAccess access, FileShare share, FileOptions options, Int64 preallocationSize)
   at System.IO.Strategies.FileStreamHelpers.ChooseStrategyCore(String path, FileMode mode, FileAccess access, FileShare share, FileOptions options, Int64 preallocationSize)
   at System.IO.Strategies.FileStreamHelpers.ChooseStrategy(FileStream fileStream, String path, FileMode mode, FileAccess access, FileShare share, Int32 bufferSize, FileOptions options, Int64 preallocationSize)
   at System.IO.StreamWriter.ValidateArgsAndOpenPath(String path, Boolean append, Encoding encoding, Int32 bufferSize)
   at System.IO.File.WriteAllText(String path, String contents)
   at FocusEV.OCPP.Server.OCPPMiddleware.SendOcpp16Message(OCPPMessage msg, ILogger logger, WebSocket webSocket) in C:\DEVELOPER\OCPP.Solaev_Platform_030724\FocusEV.OCPP.Server\OCPPMiddleware.OCPP16.cs:line 603
trce: OCPPMiddleware.OCPP16[0] @ 2025-06-14T15:42:14.5633258+07:00
      OCPPMiddleware.Receive16 => Receiving segment: 169 bytes (EndOfMessage=True / MsgType=Text)
fail: OCPPMiddleware.OCPP16[0] @ 2025-06-14T15:42:14.5643971+07:00
      OCPPMiddleware.Receive16 => Error dumping incoming message to path: 'wwwroot/Logs/OCPP\2025-06-14_15-42-14-5633_ocpp16-in.txt'
System.IO.DirectoryNotFoundException: Could not find a part of the path 'C:\DEVELOPER\OCPP.Solaev_Platform_030724\FocusEV.OCPP.Server\wwwroot\Logs\OCPP\2025-06-14_15-42-14-5633_ocpp16-in.txt'.
   at Microsoft.Win32.SafeHandles.SafeFileHandle.CreateFile(String fullPath, FileMode mode, FileAccess access, FileShare share, FileOptions options)
   at Microsoft.Win32.SafeHandles.SafeFileHandle.Open(String fullPath, FileMode mode, FileAccess access, FileShare share, FileOptions options, Int64 preallocationSize)
   at System.IO.File.OpenHandle(String path, FileMode mode, FileAccess access, FileShare share, FileOptions options, Int64 preallocationSize)
   at System.IO.File.WriteAllBytes(String path, Byte[] bytes)
   at FocusEV.OCPP.Server.OCPPMiddleware.Receive16(ChargePointStatus chargePointStatus, HttpContext context) in C:\DEVELOPER\OCPP.Solaev_Platform_030724\FocusEV.OCPP.Server\OCPPMiddleware.OCPP16.cs:line 432
info: OCPPMiddleware.OCPP16[0] @ 2025-06-14T15:42:14.5648395+07:00
      OCPPMiddleware.Receive16 => OCPP-Message: Type=2 / ID=VP2EjVzKJIPTj1unwClUXUMW2Qp5wOm9pIeF / Action=StartTransaction)
trce: OCPPMiddleware.OCPP16[0] @ 2025-06-14T15:42:14.5648544+07:00
      My logStartTransaction
info: FocusEV.OCPP.Server.ControllerOCPP16[0] @ 2025-06-14T15:42:14.6237164+07:00
      StartTransaction => Charge tag='5257376F' => Status: Accepted
info: FocusEV.OCPP.Server.ControllerOCPP16[0] @ 2025-06-14T15:42:14.6682421+07:00
      UpdateConnectorStatus => Save ConnectorStatus: ID=InsituHCM / Connector=1 / Status=Occupied / Meter=0.099
trce: OCPPMiddleware.OCPP16[0] @ 2025-06-14T15:42:14.8570009+07:00
      OCPPMiddleware.OCPP16 => SendOcppMessage: [3,"VP2EjVzKJIPTj1unwClUXUMW2Qp5wOm9pIeF",{"idTagInfo":{"expiryDate":"2199-12-31T00:00:00+07:00","status":"Accepted"},"transactionId":90207}]
fail: OCPPMiddleware.OCPP16[0] @ 2025-06-14T15:42:14.8577984+07:00
      OCPPMiddleware.SendOcpp16Message=> Error dumping message to path: 'wwwroot/Logs/OCPP\2025-06-14_15-42-14-8570_ocpp16-out.txt'
System.IO.DirectoryNotFoundException: Could not find a part of the path 'C:\DEVELOPER\OCPP.Solaev_Platform_030724\FocusEV.OCPP.Server\wwwroot\Logs\OCPP\2025-06-14_15-42-14-8570_ocpp16-out.txt'.
   at Microsoft.Win32.SafeHandles.SafeFileHandle.CreateFile(String fullPath, FileMode mode, FileAccess access, FileShare share, FileOptions options)
   at Microsoft.Win32.SafeHandles.SafeFileHandle.Open(String fullPath, FileMode mode, FileAccess access, FileShare share, FileOptions options, Int64 preallocationSize)
   at System.IO.Strategies.OSFileStreamStrategy..ctor(String path, FileMode mode, FileAccess access, FileShare share, FileOptions options, Int64 preallocationSize)
   at System.IO.Strategies.FileStreamHelpers.ChooseStrategyCore(String path, FileMode mode, FileAccess access, FileShare share, FileOptions options, Int64 preallocationSize)
   at System.IO.Strategies.FileStreamHelpers.ChooseStrategy(FileStream fileStream, String path, FileMode mode, FileAccess access, FileShare share, Int32 bufferSize, FileOptions options, Int64 preallocationSize)
   at System.IO.StreamWriter.ValidateArgsAndOpenPath(String path, Boolean append, Encoding encoding, Int32 bufferSize)
   at System.IO.File.WriteAllText(String path, String contents)
   at FocusEV.OCPP.Server.OCPPMiddleware.SendOcpp16Message(OCPPMessage msg, ILogger logger, WebSocket webSocket) in C:\DEVELOPER\OCPP.Solaev_Platform_030724\FocusEV.OCPP.Server\OCPPMiddleware.OCPP16.cs:line 603
trce: OCPPMiddleware.OCPP16[0] @ 2025-06-14T15:42:21.6273413+07:00
      OCPPMiddleware.Receive16 => Receiving segment: 156 bytes (EndOfMessage=True / MsgType=Text)
fail: OCPPMiddleware.OCPP16[0] @ 2025-06-14T15:42:21.6285994+07:00
      OCPPMiddleware.Receive16 => Error dumping incoming message to path: 'wwwroot/Logs/OCPP\2025-06-14_15-42-21-6274_ocpp16-in.txt'
System.IO.DirectoryNotFoundException: Could not find a part of the path 'C:\DEVELOPER\OCPP.Solaev_Platform_030724\FocusEV.OCPP.Server\wwwroot\Logs\OCPP\2025-06-14_15-42-21-6274_ocpp16-in.txt'.
   at Microsoft.Win32.SafeHandles.SafeFileHandle.CreateFile(String fullPath, FileMode mode, FileAccess access, FileShare share, FileOptions options)
   at Microsoft.Win32.SafeHandles.SafeFileHandle.Open(String fullPath, FileMode mode, FileAccess access, FileShare share, FileOptions options, Int64 preallocationSize)
   at System.IO.File.OpenHandle(String path, FileMode mode, FileAccess access, FileShare share, FileOptions options, Int64 preallocationSize)
   at System.IO.File.WriteAllBytes(String path, Byte[] bytes)
   at FocusEV.OCPP.Server.OCPPMiddleware.Receive16(ChargePointStatus chargePointStatus, HttpContext context) in C:\DEVELOPER\OCPP.Solaev_Platform_030724\FocusEV.OCPP.Server\OCPPMiddleware.OCPP16.cs:line 432
info: OCPPMiddleware.OCPP16[0] @ 2025-06-14T15:42:21.6289175+07:00
      OCPPMiddleware.Receive16 => OCPP-Message: Type=2 / ID=VP2EjVzKJIPTj1unwClUXUMW2Qp5wOm9pIeF / Action=StopTransaction)
trce: OCPPMiddleware.OCPP16[0] @ 2025-06-14T15:42:21.6289221+07:00
      My logStopTransaction
info: FocusEV.OCPP.Server.ControllerOCPP16[0] @ 2025-06-14T15:42:21.7261342+07:00
      StopTransaction => RFID-tag='5257376F' => Status: Accepted
info: FocusEV.OCPP.Server.ControllerOCPP16[0] @ 2025-06-14T15:42:21.7398449+07:00
      UpdateConnectorStatus => Save ConnectorStatus: ID=InsituHCM / Connector=1 / Status=(null) / Meter=0.001
trce: OCPPMiddleware.OCPP16[0] @ 2025-06-14T15:42:22.2828166+07:00
      OCPPMiddleware.OCPP16 => SendOcppMessage: [3,"VP2EjVzKJIPTj1unwClUXUMW2Qp5wOm9pIeF",{"idTagInfo":{"expiryDate":"2199-12-31T00:00:00+07:00","status":"Accepted"}}]
fail: OCPPMiddleware.OCPP16[0] @ 2025-06-14T15:42:22.2838756+07:00
      OCPPMiddleware.SendOcpp16Message=> Error dumping message to path: 'wwwroot/Logs/OCPP\2025-06-14_15-42-22-2828_ocpp16-out.txt'
System.IO.DirectoryNotFoundException: Could not find a part of the path 'C:\DEVELOPER\OCPP.Solaev_Platform_030724\FocusEV.OCPP.Server\wwwroot\Logs\OCPP\2025-06-14_15-42-22-2828_ocpp16-out.txt'.
   at Microsoft.Win32.SafeHandles.SafeFileHandle.CreateFile(String fullPath, FileMode mode, FileAccess access, FileShare share, FileOptions options)
   at Microsoft.Win32.SafeHandles.SafeFileHandle.Open(String fullPath, FileMode mode, FileAccess access, FileShare share, FileOptions options, Int64 preallocationSize)
   at System.IO.Strategies.OSFileStreamStrategy..ctor(String path, FileMode mode, FileAccess access, FileShare share, FileOptions options, Int64 preallocationSize)
   at System.IO.Strategies.FileStreamHelpers.ChooseStrategyCore(String path, FileMode mode, FileAccess access, FileShare share, FileOptions options, Int64 preallocationSize)
   at System.IO.Strategies.FileStreamHelpers.ChooseStrategy(FileStream fileStream, String path, FileMode mode, FileAccess access, FileShare share, Int32 bufferSize, FileOptions options, Int64 preallocationSize)
   at System.IO.StreamWriter.ValidateArgsAndOpenPath(String path, Boolean append, Encoding encoding, Int32 bufferSize)
   at System.IO.File.WriteAllText(String path, String contents)
   at FocusEV.OCPP.Server.OCPPMiddleware.SendOcpp16Message(OCPPMessage msg, ILogger logger, WebSocket webSocket) in C:\DEVELOPER\OCPP.Solaev_Platform_030724\FocusEV.OCPP.Server\OCPPMiddleware.OCPP16.cs:line 603
trce: OCPPMiddleware[0] @ 2025-06-14T15:44:03.7091002+07:00
      OCPPMiddleware => Websocket request: Path='/'
trce: OCPPMiddleware[0] @ 2025-06-14T15:44:03.7092455+07:00
      OCPPMiddleware => Index status page
trce: OCPPMiddleware[0] @ 2025-06-14T15:44:04.2842676+07:00
      OCPPMiddleware => Websocket request: Path='/favicon.ico'
warn: OCPPMiddleware[0] @ 2025-06-14T15:44:04.2849427+07:00
      OCPPMiddleware => Bad path request
trce: OCPPMiddleware.OCPP16[0] @ 2025-06-14T15:44:14.3715935+07:00
      OCPPMiddleware.Receive16 => Receiving segment: 169 bytes (EndOfMessage=True / MsgType=Text)
fail: OCPPMiddleware.OCPP16[0] @ 2025-06-14T15:44:14.3730786+07:00
      OCPPMiddleware.Receive16 => Error dumping incoming message to path: 'wwwroot/Logs/OCPP\2025-06-14_15-44-14-3717_ocpp16-in.txt'
System.IO.DirectoryNotFoundException: Could not find a part of the path 'C:\DEVELOPER\OCPP.Solaev_Platform_030724\FocusEV.OCPP.Server\wwwroot\Logs\OCPP\2025-06-14_15-44-14-3717_ocpp16-in.txt'.
   at Microsoft.Win32.SafeHandles.SafeFileHandle.CreateFile(String fullPath, FileMode mode, FileAccess access, FileShare share, FileOptions options)
   at Microsoft.Win32.SafeHandles.SafeFileHandle.Open(String fullPath, FileMode mode, FileAccess access, FileShare share, FileOptions options, Int64 preallocationSize)
   at System.IO.File.OpenHandle(String path, FileMode mode, FileAccess access, FileShare share, FileOptions options, Int64 preallocationSize)
   at System.IO.File.WriteAllBytes(String path, Byte[] bytes)
   at FocusEV.OCPP.Server.OCPPMiddleware.Receive16(ChargePointStatus chargePointStatus, HttpContext context) in C:\DEVELOPER\OCPP.Solaev_Platform_030724\FocusEV.OCPP.Server\OCPPMiddleware.OCPP16.cs:line 432
info: OCPPMiddleware.OCPP16[0] @ 2025-06-14T15:44:14.3734125+07:00
      OCPPMiddleware.Receive16 => OCPP-Message: Type=2 / ID=VP2EjVzKJIPTj1unwClUXUMW2Qp5wOm9pIeF / Action=StartTransaction)
trce: OCPPMiddleware.OCPP16[0] @ 2025-06-14T15:44:14.3734207+07:00
      My logStartTransaction
info: FocusEV.OCPP.Server.ControllerOCPP16[0] @ 2025-06-14T15:44:14.3826771+07:00
      StartTransaction => Charge tag='5257376F' => Status: Accepted
info: FocusEV.OCPP.Server.ControllerOCPP16[0] @ 2025-06-14T15:44:14.3894498+07:00
      UpdateConnectorStatus => Save ConnectorStatus: ID=InsituHCM / Connector=1 / Status=Occupied / Meter=0.099
trce: OCPPMiddleware.OCPP16[0] @ 2025-06-14T15:44:14.4146271+07:00
      OCPPMiddleware.OCPP16 => SendOcppMessage: [3,"VP2EjVzKJIPTj1unwClUXUMW2Qp5wOm9pIeF",{"idTagInfo":{"expiryDate":"2199-12-31T00:00:00+07:00","status":"Accepted"},"transactionId":90208}]
fail: OCPPMiddleware.OCPP16[0] @ 2025-06-14T15:44:14.4156079+07:00
      OCPPMiddleware.SendOcpp16Message=> Error dumping message to path: 'wwwroot/Logs/OCPP\2025-06-14_15-44-14-4146_ocpp16-out.txt'
System.IO.DirectoryNotFoundException: Could not find a part of the path 'C:\DEVELOPER\OCPP.Solaev_Platform_030724\FocusEV.OCPP.Server\wwwroot\Logs\OCPP\2025-06-14_15-44-14-4146_ocpp16-out.txt'.
   at Microsoft.Win32.SafeHandles.SafeFileHandle.CreateFile(String fullPath, FileMode mode, FileAccess access, FileShare share, FileOptions options)
   at Microsoft.Win32.SafeHandles.SafeFileHandle.Open(String fullPath, FileMode mode, FileAccess access, FileShare share, FileOptions options, Int64 preallocationSize)
   at System.IO.Strategies.OSFileStreamStrategy..ctor(String path, FileMode mode, FileAccess access, FileShare share, FileOptions options, Int64 preallocationSize)
   at System.IO.Strategies.FileStreamHelpers.ChooseStrategyCore(String path, FileMode mode, FileAccess access, FileShare share, FileOptions options, Int64 preallocationSize)
   at System.IO.Strategies.FileStreamHelpers.ChooseStrategy(FileStream fileStream, String path, FileMode mode, FileAccess access, FileShare share, Int32 bufferSize, FileOptions options, Int64 preallocationSize)
   at System.IO.StreamWriter.ValidateArgsAndOpenPath(String path, Boolean append, Encoding encoding, Int32 bufferSize)
   at System.IO.File.WriteAllText(String path, String contents)
   at FocusEV.OCPP.Server.OCPPMiddleware.SendOcpp16Message(OCPPMessage msg, ILogger logger, WebSocket webSocket) in C:\DEVELOPER\OCPP.Solaev_Platform_030724\FocusEV.OCPP.Server\OCPPMiddleware.OCPP16.cs:line 603
trce: OCPPMiddleware.OCPP16[0] @ 2025-06-14T15:44:20.1617182+07:00
      OCPPMiddleware.Receive16 => Receiving segment: 204 bytes (EndOfMessage=True / MsgType=Text)
fail: OCPPMiddleware.OCPP16[0] @ 2025-06-14T15:44:20.1638597+07:00
      OCPPMiddleware.Receive16 => Error dumping incoming message to path: 'wwwroot/Logs/OCPP\2025-06-14_15-44-20-1618_ocpp16-in.txt'
System.IO.DirectoryNotFoundException: Could not find a part of the path 'C:\DEVELOPER\OCPP.Solaev_Platform_030724\FocusEV.OCPP.Server\wwwroot\Logs\OCPP\2025-06-14_15-44-20-1618_ocpp16-in.txt'.
   at Microsoft.Win32.SafeHandles.SafeFileHandle.CreateFile(String fullPath, FileMode mode, FileAccess access, FileShare share, FileOptions options)
   at Microsoft.Win32.SafeHandles.SafeFileHandle.Open(String fullPath, FileMode mode, FileAccess access, FileShare share, FileOptions options, Int64 preallocationSize)
   at System.IO.File.OpenHandle(String path, FileMode mode, FileAccess access, FileShare share, FileOptions options, Int64 preallocationSize)
   at System.IO.File.WriteAllBytes(String path, Byte[] bytes)
   at FocusEV.OCPP.Server.OCPPMiddleware.Receive16(ChargePointStatus chargePointStatus, HttpContext context) in C:\DEVELOPER\OCPP.Solaev_Platform_030724\FocusEV.OCPP.Server\OCPPMiddleware.OCPP16.cs:line 432
info: OCPPMiddleware.OCPP16[0] @ 2025-06-14T15:44:20.1642811+07:00
      OCPPMiddleware.Receive16 => OCPP-Message: Type=2 / ID=VP2EjVzKJIPTj1unwClUXUMW2Qp5wOm9pIeF / Action=StatusNotification)
trce: OCPPMiddleware.OCPP16[0] @ 2025-06-14T15:44:20.1642872+07:00
      My logStatusNotification
info: FocusEV.OCPP.Server.ControllerOCPP16[0] @ 2025-06-14T15:44:20.1757762+07:00
      StatusNotification => ChargePoint=InsituHCM / Connector=2 / newStatus=Available
info: FocusEV.OCPP.Server.ControllerOCPP16[0] @ 2025-06-14T15:44:20.1801791+07:00
      UpdateConnectorStatus => Save ConnectorStatus: ID=InsituHCM / Connector=2 / Status=Available / Meter=(null)
trce: OCPPMiddleware.OCPP16[0] @ 2025-06-14T15:44:20.1809946+07:00
      OCPPMiddleware.OCPP16 => SendOcppMessage: [3,"VP2EjVzKJIPTj1unwClUXUMW2Qp5wOm9pIeF",{}]
fail: OCPPMiddleware.OCPP16[0] @ 2025-06-14T15:44:20.1823599+07:00
      OCPPMiddleware.SendOcpp16Message=> Error dumping message to path: 'wwwroot/Logs/OCPP\2025-06-14_15-44-20-1810_ocpp16-out.txt'
System.IO.DirectoryNotFoundException: Could not find a part of the path 'C:\DEVELOPER\OCPP.Solaev_Platform_030724\FocusEV.OCPP.Server\wwwroot\Logs\OCPP\2025-06-14_15-44-20-1810_ocpp16-out.txt'.
   at Microsoft.Win32.SafeHandles.SafeFileHandle.CreateFile(String fullPath, FileMode mode, FileAccess access, FileShare share, FileOptions options)
   at Microsoft.Win32.SafeHandles.SafeFileHandle.Open(String fullPath, FileMode mode, FileAccess access, FileShare share, FileOptions options, Int64 preallocationSize)
   at System.IO.Strategies.OSFileStreamStrategy..ctor(String path, FileMode mode, FileAccess access, FileShare share, FileOptions options, Int64 preallocationSize)
   at System.IO.Strategies.FileStreamHelpers.ChooseStrategyCore(String path, FileMode mode, FileAccess access, FileShare share, FileOptions options, Int64 preallocationSize)
   at System.IO.Strategies.FileStreamHelpers.ChooseStrategy(FileStream fileStream, String path, FileMode mode, FileAccess access, FileShare share, Int32 bufferSize, FileOptions options, Int64 preallocationSize)
   at System.IO.StreamWriter.ValidateArgsAndOpenPath(String path, Boolean append, Encoding encoding, Int32 bufferSize)
   at System.IO.File.WriteAllText(String path, String contents)
   at FocusEV.OCPP.Server.OCPPMiddleware.SendOcpp16Message(OCPPMessage msg, ILogger logger, WebSocket webSocket) in C:\DEVELOPER\OCPP.Solaev_Platform_030724\FocusEV.OCPP.Server\OCPPMiddleware.OCPP16.cs:line 603
trce: OCPPMiddleware.OCPP16[0] @ 2025-06-14T15:44:23.3072500+07:00
      OCPPMiddleware.Receive16 => Receiving segment: 305 bytes (EndOfMessage=True / MsgType=Text)
fail: OCPPMiddleware.OCPP16[0] @ 2025-06-14T15:44:23.3090760+07:00
      OCPPMiddleware.Receive16 => Error dumping incoming message to path: 'wwwroot/Logs/OCPP\2025-06-14_15-44-23-3073_ocpp16-in.txt'
System.IO.DirectoryNotFoundException: Could not find a part of the path 'C:\DEVELOPER\OCPP.Solaev_Platform_030724\FocusEV.OCPP.Server\wwwroot\Logs\OCPP\2025-06-14_15-44-23-3073_ocpp16-in.txt'.
   at Microsoft.Win32.SafeHandles.SafeFileHandle.CreateFile(String fullPath, FileMode mode, FileAccess access, FileShare share, FileOptions options)
   at Microsoft.Win32.SafeHandles.SafeFileHandle.Open(String fullPath, FileMode mode, FileAccess access, FileShare share, FileOptions options, Int64 preallocationSize)
   at System.IO.File.OpenHandle(String path, FileMode mode, FileAccess access, FileShare share, FileOptions options, Int64 preallocationSize)
   at System.IO.File.WriteAllBytes(String path, Byte[] bytes)
   at FocusEV.OCPP.Server.OCPPMiddleware.Receive16(ChargePointStatus chargePointStatus, HttpContext context) in C:\DEVELOPER\OCPP.Solaev_Platform_030724\FocusEV.OCPP.Server\OCPPMiddleware.OCPP16.cs:line 432
info: OCPPMiddleware.OCPP16[0] @ 2025-06-14T15:44:23.3099850+07:00
      OCPPMiddleware.Receive16 => OCPP-Message: Type=2 / ID=VP2EjVzKJIPTj1unwClUXUMW2Qp5wOm9pIeF / Action=MeterValues)
trce: OCPPMiddleware.OCPP16[0] @ 2025-06-14T15:44:23.3100059+07:00
      My logMeterValues
trce: OCPPMiddleware.OCPP16[0] @ 2025-06-14T15:44:23.3427582+07:00
      OCPPMiddleware.OCPP16 => SendOcppMessage: [3,"VP2EjVzKJIPTj1unwClUXUMW2Qp5wOm9pIeF",{}]
fail: OCPPMiddleware.OCPP16[0] @ 2025-06-14T15:44:23.3441256+07:00
      OCPPMiddleware.SendOcpp16Message=> Error dumping message to path: 'wwwroot/Logs/OCPP\2025-06-14_15-44-23-3428_ocpp16-out.txt'
System.IO.DirectoryNotFoundException: Could not find a part of the path 'C:\DEVELOPER\OCPP.Solaev_Platform_030724\FocusEV.OCPP.Server\wwwroot\Logs\OCPP\2025-06-14_15-44-23-3428_ocpp16-out.txt'.
   at Microsoft.Win32.SafeHandles.SafeFileHandle.CreateFile(String fullPath, FileMode mode, FileAccess access, FileShare share, FileOptions options)
   at Microsoft.Win32.SafeHandles.SafeFileHandle.Open(String fullPath, FileMode mode, FileAccess access, FileShare share, FileOptions options, Int64 preallocationSize)
   at System.IO.Strategies.OSFileStreamStrategy..ctor(String path, FileMode mode, FileAccess access, FileShare share, FileOptions options, Int64 preallocationSize)
   at System.IO.Strategies.FileStreamHelpers.ChooseStrategyCore(String path, FileMode mode, FileAccess access, FileShare share, FileOptions options, Int64 preallocationSize)
   at System.IO.Strategies.FileStreamHelpers.ChooseStrategy(FileStream fileStream, String path, FileMode mode, FileAccess access, FileShare share, Int32 bufferSize, FileOptions options, Int64 preallocationSize)
   at System.IO.StreamWriter.ValidateArgsAndOpenPath(String path, Boolean append, Encoding encoding, Int32 bufferSize)
   at System.IO.File.WriteAllText(String path, String contents)
   at FocusEV.OCPP.Server.OCPPMiddleware.SendOcpp16Message(OCPPMessage msg, ILogger logger, WebSocket webSocket) in C:\DEVELOPER\OCPP.Solaev_Platform_030724\FocusEV.OCPP.Server\OCPPMiddleware.OCPP16.cs:line 603
trce: OCPPMiddleware.OCPP16[0] @ 2025-06-14T15:45:13.4245125+07:00
      OCPPMiddleware.Receive16 => Receiving segment: 157 bytes (EndOfMessage=True / MsgType=Text)
fail: OCPPMiddleware.OCPP16[0] @ 2025-06-14T15:45:13.4266477+07:00
      OCPPMiddleware.Receive16 => Error dumping incoming message to path: 'wwwroot/Logs/OCPP\2025-06-14_15-45-13-4246_ocpp16-in.txt'
System.IO.DirectoryNotFoundException: Could not find a part of the path 'C:\DEVELOPER\OCPP.Solaev_Platform_030724\FocusEV.OCPP.Server\wwwroot\Logs\OCPP\2025-06-14_15-45-13-4246_ocpp16-in.txt'.
   at Microsoft.Win32.SafeHandles.SafeFileHandle.CreateFile(String fullPath, FileMode mode, FileAccess access, FileShare share, FileOptions options)
   at Microsoft.Win32.SafeHandles.SafeFileHandle.Open(String fullPath, FileMode mode, FileAccess access, FileShare share, FileOptions options, Int64 preallocationSize)
   at System.IO.File.OpenHandle(String path, FileMode mode, FileAccess access, FileShare share, FileOptions options, Int64 preallocationSize)
   at System.IO.File.WriteAllBytes(String path, Byte[] bytes)
   at FocusEV.OCPP.Server.OCPPMiddleware.Receive16(ChargePointStatus chargePointStatus, HttpContext context) in C:\DEVELOPER\OCPP.Solaev_Platform_030724\FocusEV.OCPP.Server\OCPPMiddleware.OCPP16.cs:line 432
info: OCPPMiddleware.OCPP16[0] @ 2025-06-14T15:45:13.4270143+07:00
      OCPPMiddleware.Receive16 => OCPP-Message: Type=2 / ID=VP2EjVzKJIPTj1unwClUXUMW2Qp5wOm9pIeF / Action=StopTransaction)
trce: OCPPMiddleware.OCPP16[0] @ 2025-06-14T15:45:13.4270267+07:00
      My logStopTransaction
info: FocusEV.OCPP.Server.ControllerOCPP16[0] @ 2025-06-14T15:45:13.4547069+07:00
      StopTransaction => RFID-tag='5257376F' => Status: Accepted
info: FocusEV.OCPP.Server.ControllerOCPP16[0] @ 2025-06-14T15:45:13.4632838+07:00
      UpdateConnectorStatus => Save ConnectorStatus: ID=InsituHCM / Connector=1 / Status=(null) / Meter=0.01
trce: OCPPMiddleware.OCPP16[0] @ 2025-06-14T15:45:13.9028169+07:00
      OCPPMiddleware.OCPP16 => SendOcppMessage: [3,"VP2EjVzKJIPTj1unwClUXUMW2Qp5wOm9pIeF",{"idTagInfo":{"expiryDate":"2199-12-31T00:00:00+07:00","status":"Accepted"}}]
fail: OCPPMiddleware.OCPP16[0] @ 2025-06-14T15:45:13.9037800+07:00
      OCPPMiddleware.SendOcpp16Message=> Error dumping message to path: 'wwwroot/Logs/OCPP\2025-06-14_15-45-13-9028_ocpp16-out.txt'
System.IO.DirectoryNotFoundException: Could not find a part of the path 'C:\DEVELOPER\OCPP.Solaev_Platform_030724\FocusEV.OCPP.Server\wwwroot\Logs\OCPP\2025-06-14_15-45-13-9028_ocpp16-out.txt'.
   at Microsoft.Win32.SafeHandles.SafeFileHandle.CreateFile(String fullPath, FileMode mode, FileAccess access, FileShare share, FileOptions options)
   at Microsoft.Win32.SafeHandles.SafeFileHandle.Open(String fullPath, FileMode mode, FileAccess access, FileShare share, FileOptions options, Int64 preallocationSize)
   at System.IO.Strategies.OSFileStreamStrategy..ctor(String path, FileMode mode, FileAccess access, FileShare share, FileOptions options, Int64 preallocationSize)
   at System.IO.Strategies.FileStreamHelpers.ChooseStrategyCore(String path, FileMode mode, FileAccess access, FileShare share, FileOptions options, Int64 preallocationSize)
   at System.IO.Strategies.FileStreamHelpers.ChooseStrategy(FileStream fileStream, String path, FileMode mode, FileAccess access, FileShare share, Int32 bufferSize, FileOptions options, Int64 preallocationSize)
   at System.IO.StreamWriter.ValidateArgsAndOpenPath(String path, Boolean append, Encoding encoding, Int32 bufferSize)
   at System.IO.File.WriteAllText(String path, String contents)
   at FocusEV.OCPP.Server.OCPPMiddleware.SendOcpp16Message(OCPPMessage msg, ILogger logger, WebSocket webSocket) in C:\DEVELOPER\OCPP.Solaev_Platform_030724\FocusEV.OCPP.Server\OCPPMiddleware.OCPP16.cs:line 603
info: OCPPMiddleware.OCPP16[0] @ 2025-06-14T15:45:17.5128970+07:00
      OCPPMiddleware.Receive16 => WebSocket Closed: CloseStatus=EndpointUnavailable / MessageType=Close
info: OCPPMiddleware.OCPP16[0] @ 2025-06-14T15:45:17.5132428+07:00
      OCPPMiddleware.Receive16 => Websocket closed: State=Closed / CloseStatus=EndpointUnavailable
trce: OCPPMiddleware[0] @ 2025-06-14T15:45:53.7947263+07:00
      OCPPMiddleware => Websocket request: Path='/OCPP/InsituHCM'
info: OCPPMiddleware[0] @ 2025-06-14T15:45:53.7947954+07:00
      OCPPMiddleware => Connection request with chargepoint identifier = 'InsituHCM'
info: OCPPMiddleware[0] @ 2025-06-14T15:45:53.7999703+07:00
      OCPPMiddleware => SUCCESS: Found chargepoint with identifier=InsituHCM
info: OCPPMiddleware[0] @ 2025-06-14T15:45:53.8000321+07:00
      OCPPMiddleware => No authentication for chargepoint 'InsituHCM' configured
trce: OCPPMiddleware[0] @ 2025-06-14T15:45:53.8004073+07:00
      OCPPMiddleware => Store/Update status object
trce: OCPPMiddleware[0] @ 2025-06-14T15:45:53.8004195+07:00
      OCPPMiddleware => Waiting for message...
trce: OCPPMiddleware[0] @ 2025-06-14T15:45:53.8012642+07:00
      OCPPMiddleware => WebSocket connection with charge point 'InsituHCM'
trce: OCPPMiddleware.OCPP16[0] @ 2025-06-14T15:45:53.8053750+07:00
      OCPPMiddleware.Receive16 => Receiving segment: 326 bytes (EndOfMessage=True / MsgType=Text)
fail: OCPPMiddleware.OCPP16[0] @ 2025-06-14T15:45:53.8062678+07:00
      OCPPMiddleware.Receive16 => Error dumping incoming message to path: 'wwwroot/Logs/OCPP\2025-06-14_15-45-53-8054_ocpp16-in.txt'
System.IO.DirectoryNotFoundException: Could not find a part of the path 'C:\DEVELOPER\OCPP.Solaev_Platform_030724\FocusEV.OCPP.Server\wwwroot\Logs\OCPP\2025-06-14_15-45-53-8054_ocpp16-in.txt'.
   at Microsoft.Win32.SafeHandles.SafeFileHandle.CreateFile(String fullPath, FileMode mode, FileAccess access, FileShare share, FileOptions options)
   at Microsoft.Win32.SafeHandles.SafeFileHandle.Open(String fullPath, FileMode mode, FileAccess access, FileShare share, FileOptions options, Int64 preallocationSize)
   at System.IO.File.OpenHandle(String path, FileMode mode, FileAccess access, FileShare share, FileOptions options, Int64 preallocationSize)
   at System.IO.File.WriteAllBytes(String path, Byte[] bytes)
   at FocusEV.OCPP.Server.OCPPMiddleware.Receive16(ChargePointStatus chargePointStatus, HttpContext context) in C:\DEVELOPER\OCPP.Solaev_Platform_030724\FocusEV.OCPP.Server\OCPPMiddleware.OCPP16.cs:line 432
info: OCPPMiddleware.OCPP16[0] @ 2025-06-14T15:45:53.8064245+07:00
      OCPPMiddleware.Receive16 => OCPP-Message: Type=2 / ID=MR8CMzYu2NOOEDspTjIa5sCGEbTuurOEbES4 / Action=BootNotification)
trce: OCPPMiddleware.OCPP16[0] @ 2025-06-14T15:45:53.8064301+07:00
      My logBootNotification
trce: OCPPMiddleware.OCPP16[0] @ 2025-06-14T15:45:53.8100213+07:00
      OCPPMiddleware.OCPP16 => SendOcppMessage: [3,"MR8CMzYu2NOOEDspTjIa5sCGEbTuurOEbES4",{"status":"Accepted","currentTime":"2025-06-14T08:45:53.8064855+00:00","interval":300}]
fail: OCPPMiddleware.OCPP16[0] @ 2025-06-14T15:45:53.8109162+07:00
      OCPPMiddleware.SendOcpp16Message=> Error dumping message to path: 'wwwroot/Logs/OCPP\2025-06-14_15-45-53-8100_ocpp16-out.txt'
System.IO.DirectoryNotFoundException: Could not find a part of the path 'C:\DEVELOPER\OCPP.Solaev_Platform_030724\FocusEV.OCPP.Server\wwwroot\Logs\OCPP\2025-06-14_15-45-53-8100_ocpp16-out.txt'.
   at Microsoft.Win32.SafeHandles.SafeFileHandle.CreateFile(String fullPath, FileMode mode, FileAccess access, FileShare share, FileOptions options)
   at Microsoft.Win32.SafeHandles.SafeFileHandle.Open(String fullPath, FileMode mode, FileAccess access, FileShare share, FileOptions options, Int64 preallocationSize)
   at System.IO.Strategies.OSFileStreamStrategy..ctor(String path, FileMode mode, FileAccess access, FileShare share, FileOptions options, Int64 preallocationSize)
   at System.IO.Strategies.FileStreamHelpers.ChooseStrategyCore(String path, FileMode mode, FileAccess access, FileShare share, FileOptions options, Int64 preallocationSize)
   at System.IO.Strategies.FileStreamHelpers.ChooseStrategy(FileStream fileStream, String path, FileMode mode, FileAccess access, FileShare share, Int32 bufferSize, FileOptions options, Int64 preallocationSize)
   at System.IO.StreamWriter.ValidateArgsAndOpenPath(String path, Boolean append, Encoding encoding, Int32 bufferSize)
   at System.IO.File.WriteAllText(String path, String contents)
   at FocusEV.OCPP.Server.OCPPMiddleware.SendOcpp16Message(OCPPMessage msg, ILogger logger, WebSocket webSocket) in C:\DEVELOPER\OCPP.Solaev_Platform_030724\FocusEV.OCPP.Server\OCPPMiddleware.OCPP16.cs:line 603
trce: OCPPMiddleware.OCPP16[0] @ 2025-06-14T15:45:55.1226514+07:00
      OCPPMiddleware.Receive16 => Receiving segment: 169 bytes (EndOfMessage=True / MsgType=Text)
fail: OCPPMiddleware.OCPP16[0] @ 2025-06-14T15:45:55.1242103+07:00
      OCPPMiddleware.Receive16 => Error dumping incoming message to path: 'wwwroot/Logs/OCPP\2025-06-14_15-45-55-1227_ocpp16-in.txt'
System.IO.DirectoryNotFoundException: Could not find a part of the path 'C:\DEVELOPER\OCPP.Solaev_Platform_030724\FocusEV.OCPP.Server\wwwroot\Logs\OCPP\2025-06-14_15-45-55-1227_ocpp16-in.txt'.
   at Microsoft.Win32.SafeHandles.SafeFileHandle.CreateFile(String fullPath, FileMode mode, FileAccess access, FileShare share, FileOptions options)
   at Microsoft.Win32.SafeHandles.SafeFileHandle.Open(String fullPath, FileMode mode, FileAccess access, FileShare share, FileOptions options, Int64 preallocationSize)
   at System.IO.File.OpenHandle(String path, FileMode mode, FileAccess access, FileShare share, FileOptions options, Int64 preallocationSize)
   at System.IO.File.WriteAllBytes(String path, Byte[] bytes)
   at FocusEV.OCPP.Server.OCPPMiddleware.Receive16(ChargePointStatus chargePointStatus, HttpContext context) in C:\DEVELOPER\OCPP.Solaev_Platform_030724\FocusEV.OCPP.Server\OCPPMiddleware.OCPP16.cs:line 432
info: OCPPMiddleware.OCPP16[0] @ 2025-06-14T15:45:55.1245698+07:00
      OCPPMiddleware.Receive16 => OCPP-Message: Type=2 / ID=MR8CMzYu2NOOEDspTjIa5sCGEbTuurOEbES4 / Action=StartTransaction)
trce: OCPPMiddleware.OCPP16[0] @ 2025-06-14T15:45:55.1245960+07:00
      My logStartTransaction
info: FocusEV.OCPP.Server.ControllerOCPP16[0] @ 2025-06-14T15:45:55.1295261+07:00
      StartTransaction => Charge tag='587A91AC' => Status: Accepted
info: FocusEV.OCPP.Server.ControllerOCPP16[0] @ 2025-06-14T15:45:55.1378474+07:00
      UpdateConnectorStatus => Save ConnectorStatus: ID=InsituHCM / Connector=1 / Status=Occupied / Meter=0.01
trce: OCPPMiddleware.OCPP16[0] @ 2025-06-14T15:45:55.1554551+07:00
      OCPPMiddleware.OCPP16 => SendOcppMessage: [3,"MR8CMzYu2NOOEDspTjIa5sCGEbTuurOEbES4",{"idTagInfo":{"expiryDate":"2199-12-31T00:00:00+07:00","status":"Accepted"},"transactionId":90209}]
fail: OCPPMiddleware.OCPP16[0] @ 2025-06-14T15:45:55.1562279+07:00
      OCPPMiddleware.SendOcpp16Message=> Error dumping message to path: 'wwwroot/Logs/OCPP\2025-06-14_15-45-55-1554_ocpp16-out.txt'
System.IO.DirectoryNotFoundException: Could not find a part of the path 'C:\DEVELOPER\OCPP.Solaev_Platform_030724\FocusEV.OCPP.Server\wwwroot\Logs\OCPP\2025-06-14_15-45-55-1554_ocpp16-out.txt'.
   at Microsoft.Win32.SafeHandles.SafeFileHandle.CreateFile(String fullPath, FileMode mode, FileAccess access, FileShare share, FileOptions options)
   at Microsoft.Win32.SafeHandles.SafeFileHandle.Open(String fullPath, FileMode mode, FileAccess access, FileShare share, FileOptions options, Int64 preallocationSize)
   at System.IO.Strategies.OSFileStreamStrategy..ctor(String path, FileMode mode, FileAccess access, FileShare share, FileOptions options, Int64 preallocationSize)
   at System.IO.Strategies.FileStreamHelpers.ChooseStrategyCore(String path, FileMode mode, FileAccess access, FileShare share, FileOptions options, Int64 preallocationSize)
   at System.IO.Strategies.FileStreamHelpers.ChooseStrategy(FileStream fileStream, String path, FileMode mode, FileAccess access, FileShare share, Int32 bufferSize, FileOptions options, Int64 preallocationSize)
   at System.IO.StreamWriter.ValidateArgsAndOpenPath(String path, Boolean append, Encoding encoding, Int32 bufferSize)
   at System.IO.File.WriteAllText(String path, String contents)
   at FocusEV.OCPP.Server.OCPPMiddleware.SendOcpp16Message(OCPPMessage msg, ILogger logger, WebSocket webSocket) in C:\DEVELOPER\OCPP.Solaev_Platform_030724\FocusEV.OCPP.Server\OCPPMiddleware.OCPP16.cs:line 603
trce: OCPPMiddleware.OCPP16[0] @ 2025-06-14T15:47:00.9295626+07:00
      OCPPMiddleware.Receive16 => Receiving segment: 157 bytes (EndOfMessage=True / MsgType=Text)
fail: OCPPMiddleware.OCPP16[0] @ 2025-06-14T15:47:01.0298874+07:00
      OCPPMiddleware.Receive16 => Error dumping incoming message to path: 'wwwroot/Logs/OCPP\2025-06-14_15-47-00-9383_ocpp16-in.txt'
System.IO.DirectoryNotFoundException: Could not find a part of the path 'C:\DEVELOPER\OCPP.Solaev_Platform_030724\FocusEV.OCPP.Server\wwwroot\Logs\OCPP\2025-06-14_15-47-00-9383_ocpp16-in.txt'.
   at Microsoft.Win32.SafeHandles.SafeFileHandle.CreateFile(String fullPath, FileMode mode, FileAccess access, FileShare share, FileOptions options)
   at Microsoft.Win32.SafeHandles.SafeFileHandle.Open(String fullPath, FileMode mode, FileAccess access, FileShare share, FileOptions options, Int64 preallocationSize)
   at System.IO.File.OpenHandle(String path, FileMode mode, FileAccess access, FileShare share, FileOptions options, Int64 preallocationSize)
   at System.IO.File.WriteAllBytes(String path, Byte[] bytes)
   at FocusEV.OCPP.Server.OCPPMiddleware.Receive16(ChargePointStatus chargePointStatus, HttpContext context) in C:\DEVELOPER\OCPP.Solaev_Platform_030724\FocusEV.OCPP.Server\OCPPMiddleware.OCPP16.cs:line 432
info: OCPPMiddleware.OCPP16[0] @ 2025-06-14T15:47:01.0329960+07:00
      OCPPMiddleware.Receive16 => OCPP-Message: Type=2 / ID=MR8CMzYu2NOOEDspTjIa5sCGEbTuurOEbES4 / Action=StopTransaction)
trce: OCPPMiddleware.OCPP16[0] @ 2025-06-14T15:47:01.0332118+07:00
      My logStopTransaction
info: FocusEV.OCPP.Server.ControllerOCPP16[0] @ 2025-06-14T15:47:02.2883442+07:00
      StopTransaction => RFID-tag='587A91AC' => Status: Accepted
info: FocusEV.OCPP.Server.ControllerOCPP16[0] @ 2025-06-14T15:47:02.7444134+07:00
      UpdateConnectorStatus => Save ConnectorStatus: ID=InsituHCM / Connector=1 / Status=(null) / Meter=0.09
trce: OCPPMiddleware.OCPP16[0] @ 2025-06-14T15:47:07.2794388+07:00
      OCPPMiddleware.OCPP16 => SendOcppMessage: [3,"MR8CMzYu2NOOEDspTjIa5sCGEbTuurOEbES4",{"idTagInfo":{"expiryDate":"2199-12-31T00:00:00+07:00","status":"Accepted"}}]
fail: OCPPMiddleware.OCPP16[0] @ 2025-06-14T15:47:07.2908343+07:00
      OCPPMiddleware.SendOcpp16Message=> Error dumping message to path: 'wwwroot/Logs/OCPP\2025-06-14_15-47-07-2794_ocpp16-out.txt'
System.IO.DirectoryNotFoundException: Could not find a part of the path 'C:\DEVELOPER\OCPP.Solaev_Platform_030724\FocusEV.OCPP.Server\wwwroot\Logs\OCPP\2025-06-14_15-47-07-2794_ocpp16-out.txt'.
   at Microsoft.Win32.SafeHandles.SafeFileHandle.CreateFile(String fullPath, FileMode mode, FileAccess access, FileShare share, FileOptions options)
   at Microsoft.Win32.SafeHandles.SafeFileHandle.Open(String fullPath, FileMode mode, FileAccess access, FileShare share, FileOptions options, Int64 preallocationSize)
   at System.IO.Strategies.OSFileStreamStrategy..ctor(String path, FileMode mode, FileAccess access, FileShare share, FileOptions options, Int64 preallocationSize)
   at System.IO.Strategies.FileStreamHelpers.ChooseStrategyCore(String path, FileMode mode, FileAccess access, FileShare share, FileOptions options, Int64 preallocationSize)
   at System.IO.Strategies.FileStreamHelpers.ChooseStrategy(FileStream fileStream, String path, FileMode mode, FileAccess access, FileShare share, Int32 bufferSize, FileOptions options, Int64 preallocationSize)
   at System.IO.StreamWriter.ValidateArgsAndOpenPath(String path, Boolean append, Encoding encoding, Int32 bufferSize)
   at System.IO.File.WriteAllText(String path, String contents)
   at FocusEV.OCPP.Server.OCPPMiddleware.SendOcpp16Message(OCPPMessage msg, ILogger logger, WebSocket webSocket) in C:\DEVELOPER\OCPP.Solaev_Platform_030724\FocusEV.OCPP.Server\OCPPMiddleware.OCPP16.cs:line 603
trce: OCPPMiddleware.OCPP16[0] @ 2025-06-14T15:47:36.5089989+07:00
      OCPPMiddleware.Receive16 => Receiving segment: 168 bytes (EndOfMessage=True / MsgType=Text)
fail: OCPPMiddleware.OCPP16[0] @ 2025-06-14T15:47:36.5171518+07:00
      OCPPMiddleware.Receive16 => Error dumping incoming message to path: 'wwwroot/Logs/OCPP\2025-06-14_15-47-36-5098_ocpp16-in.txt'
System.IO.DirectoryNotFoundException: Could not find a part of the path 'C:\DEVELOPER\OCPP.Solaev_Platform_030724\FocusEV.OCPP.Server\wwwroot\Logs\OCPP\2025-06-14_15-47-36-5098_ocpp16-in.txt'.
   at Microsoft.Win32.SafeHandles.SafeFileHandle.CreateFile(String fullPath, FileMode mode, FileAccess access, FileShare share, FileOptions options)
   at Microsoft.Win32.SafeHandles.SafeFileHandle.Open(String fullPath, FileMode mode, FileAccess access, FileShare share, FileOptions options, Int64 preallocationSize)
   at System.IO.File.OpenHandle(String path, FileMode mode, FileAccess access, FileShare share, FileOptions options, Int64 preallocationSize)
   at System.IO.File.WriteAllBytes(String path, Byte[] bytes)
   at FocusEV.OCPP.Server.OCPPMiddleware.Receive16(ChargePointStatus chargePointStatus, HttpContext context) in C:\DEVELOPER\OCPP.Solaev_Platform_030724\FocusEV.OCPP.Server\OCPPMiddleware.OCPP16.cs:line 432
info: OCPPMiddleware.OCPP16[0] @ 2025-06-14T15:47:36.5185686+07:00
      OCPPMiddleware.Receive16 => OCPP-Message: Type=2 / ID=MR8CMzYu2NOOEDspTjIa5sCGEbTuurOEbES4 / Action=StartTransaction)
trce: OCPPMiddleware.OCPP16[0] @ 2025-06-14T15:47:36.5185946+07:00
      My logStartTransaction
info: FocusEV.OCPP.Server.ControllerOCPP16[0] @ 2025-06-14T15:47:36.5565006+07:00
      StartTransaction => Charge tag='587A91AC' => Status: Accepted
info: FocusEV.OCPP.Server.ControllerOCPP16[0] @ 2025-06-14T15:47:36.5746590+07:00
      UpdateConnectorStatus => Save ConnectorStatus: ID=InsituHCM / Connector=1 / Status=Occupied / Meter=0.001
trce: OCPPMiddleware.OCPP16[0] @ 2025-06-14T15:47:36.6540692+07:00
      OCPPMiddleware.OCPP16 => SendOcppMessage: [3,"MR8CMzYu2NOOEDspTjIa5sCGEbTuurOEbES4",{"idTagInfo":{"expiryDate":"2199-12-31T00:00:00+07:00","status":"Accepted"},"transactionId":90210}]
fail: OCPPMiddleware.OCPP16[0] @ 2025-06-14T15:47:36.6558990+07:00
      OCPPMiddleware.SendOcpp16Message=> Error dumping message to path: 'wwwroot/Logs/OCPP\2025-06-14_15-47-36-6541_ocpp16-out.txt'
System.IO.DirectoryNotFoundException: Could not find a part of the path 'C:\DEVELOPER\OCPP.Solaev_Platform_030724\FocusEV.OCPP.Server\wwwroot\Logs\OCPP\2025-06-14_15-47-36-6541_ocpp16-out.txt'.
   at Microsoft.Win32.SafeHandles.SafeFileHandle.CreateFile(String fullPath, FileMode mode, FileAccess access, FileShare share, FileOptions options)
   at Microsoft.Win32.SafeHandles.SafeFileHandle.Open(String fullPath, FileMode mode, FileAccess access, FileShare share, FileOptions options, Int64 preallocationSize)
   at System.IO.Strategies.OSFileStreamStrategy..ctor(String path, FileMode mode, FileAccess access, FileShare share, FileOptions options, Int64 preallocationSize)
   at System.IO.Strategies.FileStreamHelpers.ChooseStrategyCore(String path, FileMode mode, FileAccess access, FileShare share, FileOptions options, Int64 preallocationSize)
   at System.IO.Strategies.FileStreamHelpers.ChooseStrategy(FileStream fileStream, String path, FileMode mode, FileAccess access, FileShare share, Int32 bufferSize, FileOptions options, Int64 preallocationSize)
   at System.IO.StreamWriter.ValidateArgsAndOpenPath(String path, Boolean append, Encoding encoding, Int32 bufferSize)
   at System.IO.File.WriteAllText(String path, String contents)
   at FocusEV.OCPP.Server.OCPPMiddleware.SendOcpp16Message(OCPPMessage msg, ILogger logger, WebSocket webSocket) in C:\DEVELOPER\OCPP.Solaev_Platform_030724\FocusEV.OCPP.Server\OCPPMiddleware.OCPP16.cs:line 603
trce: OCPPMiddleware.OCPP16[0] @ 2025-06-14T15:47:38.8242920+07:00
      OCPPMiddleware.Receive16 => Receiving segment: 156 bytes (EndOfMessage=True / MsgType=Text)
fail: OCPPMiddleware.OCPP16[0] @ 2025-06-14T15:47:38.8265693+07:00
      OCPPMiddleware.Receive16 => Error dumping incoming message to path: 'wwwroot/Logs/OCPP\2025-06-14_15-47-38-8243_ocpp16-in.txt'
System.IO.DirectoryNotFoundException: Could not find a part of the path 'C:\DEVELOPER\OCPP.Solaev_Platform_030724\FocusEV.OCPP.Server\wwwroot\Logs\OCPP\2025-06-14_15-47-38-8243_ocpp16-in.txt'.
   at Microsoft.Win32.SafeHandles.SafeFileHandle.CreateFile(String fullPath, FileMode mode, FileAccess access, FileShare share, FileOptions options)
   at Microsoft.Win32.SafeHandles.SafeFileHandle.Open(String fullPath, FileMode mode, FileAccess access, FileShare share, FileOptions options, Int64 preallocationSize)
   at System.IO.File.OpenHandle(String path, FileMode mode, FileAccess access, FileShare share, FileOptions options, Int64 preallocationSize)
   at System.IO.File.WriteAllBytes(String path, Byte[] bytes)
   at FocusEV.OCPP.Server.OCPPMiddleware.Receive16(ChargePointStatus chargePointStatus, HttpContext context) in C:\DEVELOPER\OCPP.Solaev_Platform_030724\FocusEV.OCPP.Server\OCPPMiddleware.OCPP16.cs:line 432
info: OCPPMiddleware.OCPP16[0] @ 2025-06-14T15:47:38.8269446+07:00
      OCPPMiddleware.Receive16 => OCPP-Message: Type=2 / ID=MR8CMzYu2NOOEDspTjIa5sCGEbTuurOEbES4 / Action=StopTransaction)
trce: OCPPMiddleware.OCPP16[0] @ 2025-06-14T15:47:38.8269627+07:00
      My logStopTransaction
info: FocusEV.OCPP.Server.ControllerOCPP16[0] @ 2025-06-14T15:47:38.9156717+07:00
      StopTransaction => RFID-tag='587A91AC' => Status: Accepted
info: FocusEV.OCPP.Server.ControllerOCPP16[0] @ 2025-06-14T15:47:38.9804305+07:00
      UpdateConnectorStatus => Save ConnectorStatus: ID=InsituHCM / Connector=1 / Status=(null) / Meter=0.009
trce: OCPPMiddleware.OCPP16[0] @ 2025-06-14T15:47:40.2315443+07:00
      OCPPMiddleware.OCPP16 => SendOcppMessage: [3,"MR8CMzYu2NOOEDspTjIa5sCGEbTuurOEbES4",{"idTagInfo":{"expiryDate":"2199-12-31T00:00:00+07:00","status":"Accepted"}}]
fail: OCPPMiddleware.OCPP16[0] @ 2025-06-14T15:47:40.2333332+07:00
      OCPPMiddleware.SendOcpp16Message=> Error dumping message to path: 'wwwroot/Logs/OCPP\2025-06-14_15-47-40-2315_ocpp16-out.txt'
System.IO.DirectoryNotFoundException: Could not find a part of the path 'C:\DEVELOPER\OCPP.Solaev_Platform_030724\FocusEV.OCPP.Server\wwwroot\Logs\OCPP\2025-06-14_15-47-40-2315_ocpp16-out.txt'.
   at Microsoft.Win32.SafeHandles.SafeFileHandle.CreateFile(String fullPath, FileMode mode, FileAccess access, FileShare share, FileOptions options)
   at Microsoft.Win32.SafeHandles.SafeFileHandle.Open(String fullPath, FileMode mode, FileAccess access, FileShare share, FileOptions options, Int64 preallocationSize)
   at System.IO.Strategies.OSFileStreamStrategy..ctor(String path, FileMode mode, FileAccess access, FileShare share, FileOptions options, Int64 preallocationSize)
   at System.IO.Strategies.FileStreamHelpers.ChooseStrategyCore(String path, FileMode mode, FileAccess access, FileShare share, FileOptions options, Int64 preallocationSize)
   at System.IO.Strategies.FileStreamHelpers.ChooseStrategy(FileStream fileStream, String path, FileMode mode, FileAccess access, FileShare share, Int32 bufferSize, FileOptions options, Int64 preallocationSize)
   at System.IO.StreamWriter.ValidateArgsAndOpenPath(String path, Boolean append, Encoding encoding, Int32 bufferSize)
   at System.IO.File.WriteAllText(String path, String contents)
   at FocusEV.OCPP.Server.OCPPMiddleware.SendOcpp16Message(OCPPMessage msg, ILogger logger, WebSocket webSocket) in C:\DEVELOPER\OCPP.Solaev_Platform_030724\FocusEV.OCPP.Server\OCPPMiddleware.OCPP16.cs:line 603
info: OCPPMiddleware.OCPP16[0] @ 2025-06-14T15:47:43.1153500+07:00
      OCPPMiddleware.Receive16 => WebSocket Closed: CloseStatus=EndpointUnavailable / MessageType=Close
info: OCPPMiddleware.OCPP16[0] @ 2025-06-14T15:47:43.1155826+07:00
      OCPPMiddleware.Receive16 => Websocket closed: State=Closed / CloseStatus=EndpointUnavailable
